{
    "data": [
        {
            "id": "1505312072955011080",
            "created_at": "2022-03-19T22:35:40.000Z",
            "referenced_tweets": [
                {
                    "type": "replied_to",
                    "id": "1505261064174415873"
                }
            ],
            "author_id": "825692036657459201",
            "text": "@VodafoneUK Anyway, muting you now because you seem utterly unable as a company to provide useful data, and I don't want notifications through the night. 6 hours is plenty of time to answer a simple question about a product you currently sell and you can't even do that."
        },
        {
            "id": "1505311521513132032",
            "created_at": "2022-03-19T22:33:28.000Z",
            "referenced_tweets": [
                {
                    "type": "replied_to",
                    "id": "1505311276351819776"
                }
            ],
            "author_id": "825692036657459201",
            "text": "@VodafoneUK Which means you're just worrying customers and selling them devices based on false information and a broken checker. So understandably, I'd quite like facts. You seem incapable of providing them, so there we are."
        },
        {
            "id": "1505311276351819776",
            "created_at": "2022-03-19T22:32:30.000Z",
            "referenced_tweets": [
                {
                    "type": "replied_to",
                    "id": "1505310609008693251"
                }
            ],
            "author_id": "825692036657459201",
            "text": "@VodafoneUK Oh, and as a final detail, despite several emails to the effect that it's not compatible and despite lots of messages from a \"Nirav\" stating that it's not compatible, the information on the device says \"Mobile voice network type - 4G\" which suggests you're completely wrong."
        },
        {
            "id": "1505310609008693251",
            "created_at": "2022-03-19T22:29:51.000Z",
            "referenced_tweets": [
                {
                    "type": "replied_to",
                    "id": "1505310563903193095"
                }
            ],
            "author_id": "825692036657459201",
            "text": "@VodafoneUK Given I've been talking to your staff in one fashion or another now for 6 hours and none of you seem to have a clue, the sensible option is to give up on you, and go away and investigate better mobile phone providers. When I've done that I'll be shifting else. END."
        },
        {
            "id": "1505310563903193095",
            "created_at": "2022-03-19T22:29:40.000Z",
            "referenced_tweets": [
                {
                    "type": "replied_to",
                    "id": "1505309681211912193"
                }
            ],
            "author_id": "825692036657459201",
            "text": "@VodafoneUK You're have sent me repeated emails saying that it's not compatible with your upcoming breakage. \nLiterally from today - screen cap from your website:\nAnd yet you're still selling this device (implying from this message that it's compatible). https://t.co/KFYeQFenfY"
        },
        {
            "id": "1505310217050984454",
            "created_at": "2022-03-19T22:28:17.000Z",
            "author_id": "150823066",
            "text": "Spring garden cleaning☀️Wiosenne sprzątanie ogrodu 🌱🍃🌿♻️✂️🧹 #spring #springtime #quails @tech_studio_official @tawroginski @mtawroginska @ewatawroginska @victortawroginski @vodafoneuk ☎️ @samsunguk @samsungmobile 📱#photography #gardening #home 🏡 🙂👍 #withGalaxy #s21plus https://t.co/dwmGxwDcwr"
        },
        {
            "id": "1505310086851436556",
            "created_at": "2022-03-19T22:27:46.000Z",
            "referenced_tweets": [
                {
                    "type": "replied_to",
                    "id": "1503778049203924994"
                }
            ],
            "author_id": "2502025744",
            "text": "@VodafoneUK I'll be in Spain feeding Penguins... 🇪🇸🐧🤣 #DreamHoliday https://t.co/yl30xKOVAz"
        },
        {
            "id": "1505309681211912193",
            "created_at": "2022-03-19T22:26:09.000Z",
            "referenced_tweets": [
                {
                    "type": "replied_to",
                    "id": "1505261064174415873"
                }
            ],
            "author_id": "825692036657459201",
            "text": "@VodafoneUK I bought this device FROM YOU Nov/Dec 21 https://t.co/FFUgjLiTGd\nYou're still selling it. After I'd had the device less than 2 months you declare it incompatible during the period of my contract (ie in 2023). At best that's  incomptence. The device is fine. Your service is $#1^"
        },
        {
            "id": "1505305911082074112",
            "created_at": "2022-03-19T22:11:11.000Z",
            "referenced_tweets": [
                {
                    "type": "replied_to",
                    "id": "1505261064174415873"
                }
            ],
            "author_id": "825692036657459201",
            "text": "@VodafoneUK Don't worry - you've conviced me that moving mobile network is the right way forward - after all selling someone a device that then *two months* declare will be useless *during contract* is outright mis-selling, and I'll be following up with trading standards / small claims court"
        },
        {
            "id": "1505305849538953216",
            "created_at": "2022-03-19T22:10:56.000Z",
            "referenced_tweets": [
                {
                    "type": "replied_to",
                    "id": "1503778049203924994"
                }
            ],
            "author_id": "102032622",
            "text": "@VodafoneUK Egypt ~ to become a pro ice skater ⛸ #VeryMeRewards #DreamHoliday 🏝"
        },
        {
            "id": "1505282305274912779",
            "created_at": "2022-03-19T20:37:23.000Z",
            "referenced_tweets": [
                {
                    "type": "replied_to",
                    "id": "1505281999925358592"
                }
            ],
            "author_id": "20401009",
            "text": "@VodafoneUK Thanks for sharing the link, Al!"
        },
        {
            "id": "1505272326748835841",
            "created_at": "2022-03-19T19:57:43.000Z",
            "referenced_tweets": [
                {
                    "type": "replied_to",
                    "id": "1498704627000233985"
                }
            ],
            "author_id": "1215748987170574338",
            "text": "@VodafoneUK #vodaphonetreats kingfisher times https://t.co/DkG9UOo4Kb"
        },
        {
            "id": "1505270825708101642",
            "created_at": "2022-03-19T19:51:46.000Z",
            "author_id": "150823066",
            "text": "Night cycling 🌃🚲🚲 nocne wyprawy 🚲🚲 #slough 📍 #nightcycling 👌🙂🙂 #healtylifestyle #streetphotography Alexander @tawroginski @mtawroginska @victortawroginski @ewatawroginska @vodafoneuk ☎️ @samsunguk @samsungmobile 📱 #s21plus https://t.co/8JPy0vi9l7"
        },
        {
            "id": "1505270789880299524",
            "created_at": "2022-03-19T19:51:37.000Z",
            "author_id": "150823066",
            "text": "Night cycling 🌃🚲🚲 nocne wyprawy 🚲🚲 #slough 📍 #nightcycling 👌🙂🙂 #healtylifestyle #streetphotography Alexander @tawroginski @mtawroginska @victortawroginski @ewatawroginska @vodafoneuk ☎️ @samsunguk @samsungmobile 📱 #s21plus https://t.co/jyfHTDe59b"
        },
        {
            "id": "1505268016589774850",
            "created_at": "2022-03-19T19:40:36.000Z",
            "author_id": "150823066",
            "text": "V&amp;M Tawroginski Property Maintenance &amp; DIY! 🛠️👌🏠🚐 🙂 #windsor\nProperty maintenance. 🖌️🪜🧰🧭\n Large and Small Projects! 🚐🚐🚐🛠️ #handymanservices  #propertymaintenance #propertyinvestment #propertyservices ✅ @vodafoneuk ☎️ @renaultuk 🚐 #renaulttrafic @samsunguk 📱 #s21plus https://t.co/WFvK7gRfE8"
        },
        {
            "id": "1505267955059331076",
            "created_at": "2022-03-19T19:40:21.000Z",
            "author_id": "150823066",
            "text": "V&amp;M Tawroginski Property Maintenance &amp; DIY! 🛠️👌🏠🚐 🙂 #windsor\nProperty maintenance. 🖌️🪜🧰🧭\n Large and Small Projects! 🚐🚐🚐🛠️ #handymanservices  #propertymaintenance #propertyinvestment #propertyservices ✅ @vodafoneuk ☎️ @renaultuk 🚐 #renaulttrafic @samsunguk 📱 #s21plus https://t.co/fz6lDb6DGZ"
        },
        {
            "id": "1505252248305213456",
            "created_at": "2022-03-19T18:37:56.000Z",
            "referenced_tweets": [
                {
                    "type": "replied_to",
                    "id": "1505251871673438209"
                }
            ],
            "author_id": "825692036657459201",
            "text": "@VodafoneUK So either your website is wrong, and you're selling goods that are not fit for the purpose for which they're sold OR your rep is wrong and it is fit for service. And I can't get a straight answer whether you've sold me junk with an extended contract or not."
        },
        {
            "id": "1505251871673438209",
            "created_at": "2022-03-19T18:36:27.000Z",
            "referenced_tweets": [
                {
                    "type": "replied_to",
                    "id": "1505251700826910731"
                }
            ],
            "author_id": "825692036657459201",
            "text": "@VodafoneUK And I'm literally quoting your rep there stating it's not compatible with 4G Calling and quoting your website that states that all the phones you sell now ARE compatible with 4G calling."
        },
        {
            "id": "1505251700826910731",
            "created_at": "2022-03-19T18:35:46.000Z",
            "referenced_tweets": [
                {
                    "type": "replied_to",
                    "id": "1505251264057253889"
                }
            ],
            "author_id": "825692036657459201",
            "text": "@VodafoneUK To quote: \"This phone is still having 2g features for calls and texts and data works on 4G hence we have continued to sell it on our website.\"\n\nThis is even though your site says here \"all our devices are compatible with our 4G network.\"\nhttps://t.co/dF0JkLyXZj"
        },
        {
            "id": "1505251426351689731",
            "created_at": "2022-03-19T18:34:40.000Z",
            "referenced_tweets": [
                {
                    "type": "replied_to",
                    "id": "1503778049203924994"
                }
            ],
            "author_id": "1339640847277707267",
            "text": "@VodafoneUK I’ll be haggling with the locals in Hawaii #DreamHoliday #VeryMeRewards"
        },
        {
            "id": "1505251264057253889",
            "created_at": "2022-03-19T18:34:02.000Z",
            "referenced_tweets": [
                {
                    "type": "replied_to",
                    "id": "1505250672836595715"
                }
            ],
            "author_id": "825692036657459201",
            "text": "@VodafoneUK They made it clear that this phone - https://t.co/vwZVxIOAHd - which you sell NOW as compatible with your network - won't be compatible with 4G calling as of next year. (Summarising their replies)\nSo I can't trust you any more and after 20 years going elsewhere."
        },
        {
            "id": "1505250672836595715",
            "created_at": "2022-03-19T18:31:41.000Z",
            "referenced_tweets": [
                {
                    "type": "replied_to",
                    "id": "1505237354042347522"
                }
            ],
            "author_id": "825692036657459201",
            "text": "@VodafoneUK Other team member basically convinced me to cancel my (and my family's) service with you, because they refused to answer my question definitively and suggested you're knowingly selling goods that will be incompatible in less than 12 months."
        },
        {
            "id": "1505249760659349505",
            "created_at": "2022-03-19T18:28:03.000Z",
            "referenced_tweets": [
                {
                    "type": "replied_to",
                    "id": "1503778049203924994"
                }
            ],
            "author_id": "48147332",
            "text": "@VodafoneUK Mine is to feed the penguins in Italy... does Italy have many penguins?😕#DreamHoliday"
        },
        {
            "id": "1505233198346874887",
            "created_at": "2022-03-19T17:22:15.000Z",
            "referenced_tweets": [
                {
                    "type": "replied_to",
                    "id": "1505231271345152000"
                }
            ],
            "author_id": "825692036657459201",
            "text": "@VodafoneUK 10 minutes after giving them the small piece of info they seemed to think they need, still no response."
        },
        {
            "id": "1505231271345152000",
            "created_at": "2022-03-19T17:14:35.000Z",
            "referenced_tweets": [
                {
                    "type": "replied_to",
                    "id": "1505228436603908102"
                }
            ],
            "author_id": "825692036657459201",
            "text": "@VodafoneUK 25 minutes and finally a reply, but you've gone back to air silence after being given the same information."
        },
        {
            "id": "1505228436603908102",
            "created_at": "2022-03-19T17:03:19.000Z",
            "referenced_tweets": [
                {
                    "type": "replied_to",
                    "id": "1505221728020185090"
                }
            ],
            "author_id": "825692036657459201",
            "text": "@VodafoneUK Over 20 minutes and no reply."
        },
        {
            "id": "1505227957647945740",
            "created_at": "2022-03-19T17:01:25.000Z",
            "referenced_tweets": [
                {
                    "type": "replied_to",
                    "id": "1504506769493704706"
                }
            ],
            "author_id": "825692036657459201",
            "text": "@VodafoneUK You asked me to DM you after you gave shoddy service. So I did. You haven't replied. Any chance you could answer basic questions about products you've sold and currently sell?"
        },
        {
            "id": "1505227922415702020",
            "created_at": "2022-03-19T17:01:17.000Z",
            "referenced_tweets": [
                {
                    "type": "replied_to",
                    "id": "1504729316382367764"
                }
            ],
            "author_id": "825692036657459201",
            "text": "@VodafoneUK @CostaCoffee You asked me to DM you after you gave shoddy service. So I did. You haven't replied. Any chance you could answer basic questions about products you've sold and currently sell?"
        },
        {
            "id": "1505227894045433859",
            "created_at": "2022-03-19T17:01:10.000Z",
            "referenced_tweets": [
                {
                    "type": "replied_to",
                    "id": "1504749971287035914"
                }
            ],
            "author_id": "825692036657459201",
            "text": "@VodafoneUK You asked me to DM you after you gave shoddy service. So I did. You haven't replied. Any chance you could answer basic questions about products you've sold and currently sell?"
        },
        {
            "id": "1505227858813272068",
            "created_at": "2022-03-19T17:01:01.000Z",
            "referenced_tweets": [
                {
                    "type": "replied_to",
                    "id": "1504750390558052390"
                }
            ],
            "author_id": "825692036657459201",
            "text": "@VodafoneUK You asked me to DM you after you gave shoddy service. So I did. You haven't replied. Any chance you could answer basic questions about products you've sold and currently sell?"
        },
        {
            "id": "1505226877811707913",
            "created_at": "2022-03-19T16:57:08.000Z",
            "referenced_tweets": [
                {
                    "type": "replied_to",
                    "id": "1505221728020185090"
                }
            ],
            "author_id": "825692036657459201",
            "text": "@VodafoneUK 15 minutes later, you've not replied to the DM. Very quick to reply to public messages, but totally ignoring DM's."
        },
        {
            "id": "1505225253999767555",
            "created_at": "2022-03-19T16:50:40.000Z",
            "referenced_tweets": [
                {
                    "type": "quoted",
                    "id": "1505221728020185090"
                }
            ],
            "author_id": "825692036657459201",
            "text": "And guess, no reply from @VodafoneUK \nAnyone actually like their phone network that isn't Vodafone? Looking to switch at this point. https://t.co/T75KUNVifE"
        },
        {
            "id": "1505224739811438595",
            "created_at": "2022-03-19T16:48:38.000Z",
            "referenced_tweets": [
                {
                    "type": "replied_to",
                    "id": "1505221728020185090"
                }
            ],
            "author_id": "825692036657459201",
            "text": "@VodafoneUK Well, I've sent a copy of this entire thread, and answers to the security questions you ask and the exact details to your DM address.\nI'm assuming you won't actually reply with helpful answers at this point based on your reponse."
        },
        {
            "id": "1505222923463839745",
            "created_at": "2022-03-19T16:41:25.000Z",
            "referenced_tweets": [
                {
                    "type": "replied_to",
                    "id": "1503778049203924994"
                }
            ],
            "author_id": "550603479",
            "text": "@VodafoneUK #DreamHoliday I’m going to Costa Rica to Wrestle an Aardvark 🤣 https://t.co/ny1Lzcuwhx"
        },
        {
            "id": "1505222685919522826",
            "created_at": "2022-03-19T16:40:28.000Z",
            "referenced_tweets": [
                {
                    "type": "replied_to",
                    "id": "1505221728020185090"
                }
            ],
            "author_id": "825692036657459201",
            "text": "@VodafoneUK Well, why don't find out and reply to this thread?\nI'm asking straight and simple questions and you're unable to say if the G9 Play YOU ARE SELLING NOW is compatible with your own network.\nImagine I'm a customer looking to replace my daughter's phone (&amp; I might be) and try again."
        },
        {
            "id": "1505222130396504064",
            "created_at": "2022-03-19T16:38:16.000Z",
            "referenced_tweets": [
                {
                    "type": "quoted",
                    "id": "1505206039133798414"
                }
            ],
            "author_id": "825692036657459201",
            "text": "So, @motorolaUK ( @MotorolaSupport ) do you know if the Moto G9 Play as sold by @VodafoneUK  will be compatible with their network as of next year? They're not answering questions and claiming it both is and isn't compatible. Do you know about your phones? https://t.co/Did30ldbEL"
        },
        {
            "id": "1505222005028704263",
            "created_at": "2022-03-19T16:37:46.000Z",
            "referenced_tweets": [
                {
                    "type": "replied_to",
                    "id": "1505221344937615363"
                }
            ],
            "author_id": "825692036657459201",
            "text": "@VodafoneUK You sell the product it's in your shop here:\nhttps://t.co/FFUgjLiTGd\nWill it have to be binned next year if bought today? ie are you selling products not suitable for purpose.\nIf it is compatible why are your systems saying otherwise when a customer has bought it?"
        },
        {
            "id": "1505221228524617733",
            "created_at": "2022-03-19T16:34:41.000Z",
            "referenced_tweets": [
                {
                    "type": "replied_to",
                    "id": "1505214538500685825"
                }
            ],
            "author_id": "825692036657459201",
            "text": "@VodafoneUK Re-reading this, are you saying you won't bother answering a clear customer question about your products ?"
        },
        {
            "id": "1505221063877316618",
            "created_at": "2022-03-19T16:34:01.000Z",
            "referenced_tweets": [
                {
                    "type": "replied_to",
                    "id": "1505220711861964801"
                }
            ],
            "author_id": "825692036657459201",
            "text": "@VodafoneUK However if I look to find a \"compatible replacement\" - it comes up with my phone Moto G9 Play.\nI can provide you with the same information you already have on DM but you have enough information."
        },
        {
            "id": "1505220711861964801",
            "created_at": "2022-03-19T16:32:38.000Z",
            "referenced_tweets": [
                {
                    "type": "replied_to",
                    "id": "1505220245535039491"
                }
            ],
            "author_id": "825692036657459201",
            "text": "@VodafoneUK For example, if I enter my phone IMEI into your checker it comes back with this: https://t.co/jU43QzXiRr"
        },
        {
            "id": "1505220245535039491",
            "created_at": "2022-03-19T16:30:46.000Z",
            "referenced_tweets": [
                {
                    "type": "replied_to",
                    "id": "1505220188492476424"
                }
            ],
            "author_id": "825692036657459201",
            "text": "@VodafoneUK 2) Why did you send me a message on 26/1/22 claiming that THIS phone will not work as of 2023 - ie telling not fit for the purpose for which it was sold?"
        },
        {
            "id": "1505220188492476424",
            "created_at": "2022-03-19T16:30:33.000Z",
            "referenced_tweets": [
                {
                    "type": "replied_to",
                    "id": "1505214538500685825"
                }
            ],
            "author_id": "825692036657459201",
            "text": "@VodafoneUK I am asking you 2 straight questions:\n1) Is the Moto G9 Play you are currently selling compatible with your network as of 2023?\n https://t.co/FFUgjLiTGd"
        },
        {
            "id": "1505218875511689223",
            "created_at": "2022-03-19T16:25:20.000Z",
            "referenced_tweets": [
                {
                    "type": "replied_to",
                    "id": "1505196915536838656"
                }
            ],
            "author_id": "458846692",
            "text": "@VodafoneUK Hi Jason. That was difficult when there was no network connectivity! Seems to be back up now."
        },
        {
            "id": "1505213005180678151",
            "created_at": "2022-03-19T16:02:00.000Z",
            "referenced_tweets": [
                {
                    "type": "replied_to",
                    "id": "1505212779568975875"
                }
            ],
            "author_id": "825692036657459201",
            "text": "@VodafoneUK Your answers will determine pretty much whether I stick with Vodafone or not. (And likely result in the entire family shifting too of course)"
        },
        {
            "id": "1505212779568975875",
            "created_at": "2022-03-19T16:01:06.000Z",
            "referenced_tweets": [
                {
                    "type": "replied_to",
                    "id": "1505212461330440197"
                }
            ],
            "author_id": "825692036657459201",
            "text": "@VodafoneUK Or are you saying that you can't tell me if the device YOU sold me (that YOU ARE STILL selling) is compatible or not without me repeating the same information via DM?"
        },
        {
            "id": "1505212461330440197",
            "created_at": "2022-03-19T15:59:50.000Z",
            "referenced_tweets": [
                {
                    "type": "replied_to",
                    "id": "1505211859351265283"
                }
            ],
            "author_id": "825692036657459201",
            "text": "@VodafoneUK I've given you all the information you need to answer the question. It's a Moto G9 Play, sold to me in late november 2021, delivered early December 2021.\nYou're selling the exact same model now. Is it compatible or incompatible?\nIf incomatible why are you saying it isn't?"
        },
        {
            "id": "1505206039133798414",
            "created_at": "2022-03-19T15:34:19.000Z",
            "author_id": "825692036657459201",
            "text": "So @VodafoneUK . You sold me a Moto G9 Play in Nov with a 2 year contract (you didn't deliver till well into December, mind) . Less than 2 months later you tell me it's not suitable for use on your network 10 months from now. So not suitable at time of sale. 1/2"
        },
        {
            "id": "1505197321004404736",
            "created_at": "2022-03-19T14:59:41.000Z",
            "referenced_tweets": [
                {
                    "type": "replied_to",
                    "id": "1505196703774818304"
                }
            ],
            "author_id": "198751197",
            "text": "@bt_uk I shouldn't have to wait for anything, I was assured I'd be on by yesterday. Moved house with autistic teenagers and you've left us with no TV no Internet, after poaching me from @VodafoneUK claiming to be cheaper! Then you try doubling my charges! What a joke!"
        },
        {
            "id": "1505194875498733570",
            "created_at": "2022-03-19T14:49:58.000Z",
            "author_id": "458846692",
            "text": "Very intermittent data connection on @VodafoneUK in York this afternoon. Anyone else, or just me?"
        },
        {
            "id": "1505178273080303620",
            "created_at": "2022-03-19T13:43:59.000Z",
            "referenced_tweets": [
                {
                    "type": "replied_to",
                    "id": "1504815505844150296"
                }
            ],
            "author_id": "50628631",
            "text": "@VodafoneUK @02 Yup still waiting.... do weekends not count toward the 72 hr wait?"
        },
        {
            "id": "1505164804117385217",
            "created_at": "2022-03-19T12:50:28.000Z",
            "referenced_tweets": [
                {
                    "type": "replied_to",
                    "id": "1503778049203924994"
                }
            ],
            "author_id": "1195379755262058496",
            "text": "@VodafoneUK Bungee from a 300ft crane in Spain - sounds exhilarating ! 😅😂 #DreamHoliday"
        },
        {
            "id": "1505160582668091394",
            "created_at": "2022-03-19T12:33:42.000Z",
            "referenced_tweets": [
                {
                    "type": "replied_to",
                    "id": "1498704627000233985"
                }
            ],
            "author_id": "744457379224391680",
            "text": "@VodafoneUK From city to countryside fresh air and daffodils brings a spring to my step via happiness https://t.co/bz3bFhsjkO"
        },
        {
            "id": "1505151763413970950",
            "created_at": "2022-03-19T11:58:39.000Z",
            "referenced_tweets": [
                {
                    "type": "replied_to",
                    "id": "1505100267733360642"
                }
            ],
            "author_id": "246430346",
            "text": "@VodafoneUK Oh it certainly did thank you again 😁"
        },
        {
            "id": "1505129514426195977",
            "created_at": "2022-03-19T10:30:14.000Z",
            "author_id": "16031661",
            "text": "Join @VodafoneUK broadband And we’ll each be rewarded with a £25 Amazon Gift Card #Voucher #code #vodafonebroadband https://t.co/H02evnq4Cy"
        },
        {
            "id": "1505123870705078273",
            "created_at": "2022-03-19T10:07:49.000Z",
            "referenced_tweets": [
                {
                    "type": "replied_to",
                    "id": "1503778049203924994"
                }
            ],
            "author_id": "850311138738929665",
            "text": "@VodafoneUK Hawaii, haggle with the locals #DreamHoliday"
        },
        {
            "id": "1505117322457010182",
            "created_at": "2022-03-19T09:41:48.000Z",
            "author_id": "929360197478469633",
            "text": "@VodafoneUK morning team. How does one cancel their contract?"
        },
        {
            "id": "1505108699114786821",
            "created_at": "2022-03-19T09:07:32.000Z",
            "referenced_tweets": [
                {
                    "type": "replied_to",
                    "id": "1503778049203924994"
                }
            ],
            "author_id": "192608384",
            "text": "@VodafoneUK Make friends with a bear in Hawaii! #DreamHoliday"
        },
        {
            "id": "1505088859981459459",
            "created_at": "2022-03-19T07:48:42.000Z",
            "author_id": "476080488",
            "text": "@VodafoneUK - I am currently in Vienna and my SIM is not working. I have not received the usual “welcome to” text &amp; I cannot send texts, make calls or use my 4G data. I am able to send this as I am hooked to wifi. Can you help please"
        },
        {
            "id": "1505085122709762049",
            "created_at": "2022-03-19T07:33:51.000Z",
            "author_id": "546720149",
            "text": "@VodafoneUK is there an issue with the app? My entries have been reset to zero(0) https://t.co/7bBlgtoVmx"
        },
        {
            "id": "1504995994047549444",
            "created_at": "2022-03-19T01:39:41.000Z",
            "referenced_tweets": [
                {
                    "type": "replied_to",
                    "id": "1503778049203924994"
                }
            ],
            "author_id": "1154733894622744578",
            "text": "@VodafoneUK I plan to get lost in a Japanese jungle. #DreamHoliday"
        },
        {
            "id": "1504990501719744513",
            "created_at": "2022-03-19T01:17:51.000Z",
            "referenced_tweets": [
                {
                    "type": "replied_to",
                    "id": "1503778049203924994"
                }
            ],
            "author_id": "1154723948531257347",
            "text": "@VodafoneUK Skiing down the tallest mountain in Egypt \n\n #DreamHoliday"
        },
        {
            "id": "1504988049909993474",
            "created_at": "2022-03-19T01:08:07.000Z",
            "referenced_tweets": [
                {
                    "type": "replied_to",
                    "id": "1503778049203924994"
                }
            ],
            "author_id": "882546483609964544",
            "text": "@VodafoneUK I'm off to Greece to ski down the tallest mountain. #DreamHoliday"
        },
        {
            "id": "1504958084816515072",
            "created_at": "2022-03-18T23:09:02.000Z",
            "author_id": "246430346",
            "text": "@VodafoneUK thanks for my Costa coffee tonight great start to my long shift https://t.co/EtMldbFCqd"
        },
        {
            "id": "1504921775603388420",
            "created_at": "2022-03-18T20:44:46.000Z",
            "referenced_tweets": [
                {
                    "type": "replied_to",
                    "id": "1504796095418875904"
                }
            ],
            "author_id": "16696296",
            "text": "@pipredmond @VodafoneUK HI There\nPlease can you DM us with your postcode, Thanks-Tania"
        },
        {
            "id": "1504920837832556561",
            "created_at": "2022-03-18T20:41:02.000Z",
            "referenced_tweets": [
                {
                    "type": "replied_to",
                    "id": "1504915480028581892"
                }
            ],
            "author_id": "14870319",
            "text": "@VodafoneUK @disruptivedean 2G is the new 5G, @disruptivedean"
        },
        {
            "id": "1504918167830900755",
            "created_at": "2022-03-18T20:30:25.000Z",
            "author_id": "90182842",
            "text": "@VodafoneUK Hi Guys. There doesn't seem to be a way for me to unlink payment cards on my account. I'm left with cards that are now expired. Am I missing something?"
        },
        {
            "id": "1504909938069590019",
            "created_at": "2022-03-18T19:57:43.000Z",
            "referenced_tweets": [
                {
                    "type": "replied_to",
                    "id": "1504902272727359490"
                }
            ],
            "author_id": "14870319",
            "text": "@VodafoneUK @disruptivedean NW1 8EH"
        },
        {
            "id": "1504906953000169473",
            "created_at": "2022-03-18T19:45:52.000Z",
            "referenced_tweets": [
                {
                    "type": "replied_to",
                    "id": "1503778049203924994"
                }
            ],
            "author_id": "4842200722",
            "text": "@VodafoneUK #DreamHoliday Going to Japan to haggle with the locals."
        },
        {
            "id": "1504904205567418373",
            "created_at": "2022-03-18T19:34:57.000Z",
            "referenced_tweets": [
                {
                    "type": "replied_to",
                    "id": "1504902671429517318"
                }
            ],
            "author_id": "868129755731808256",
            "text": "@disruptivedean @ianw1965 @VodafoneUK Sounds like they source their glazing from the same place as the FCDO. 45dB and up!"
        },
        {
            "id": "1504904058087354379",
            "created_at": "2022-03-18T19:34:21.000Z",
            "referenced_tweets": [
                {
                    "type": "replied_to",
                    "id": "1504903540640256005"
                }
            ],
            "author_id": "145165897",
            "text": "@ianw1965 @VodafoneUK I’ll tell her when she gets back from her cigarette &amp; the loo. Thanks for your relationship advice though. Good luck with your new career."
        },
        {
            "id": "1504902671429517318",
            "created_at": "2022-03-18T19:28:51.000Z",
            "referenced_tweets": [
                {
                    "type": "replied_to",
                    "id": "1504899277407010818"
                }
            ],
            "author_id": "145165897",
            "text": "@ianw1965 @VodafoneUK Yes! And my gf is also on VF and had the same…"
        },
        {
            "id": "1504902579351863296",
            "created_at": "2022-03-18T19:28:29.000Z",
            "referenced_tweets": [
                {
                    "type": "replied_to",
                    "id": "1504902410032062468"
                }
            ],
            "author_id": "145165897",
            "text": "@VodafoneUK Btw my girlfriend also uses VF &amp; had the same, so it’s definitely a network issue"
        },
        {
            "id": "1504902410032062468",
            "created_at": "2022-03-18T19:27:48.000Z",
            "referenced_tweets": [
                {
                    "type": "replied_to",
                    "id": "1504902272727359490"
                }
            ],
            "author_id": "145165897",
            "text": "@VodafoneUK I’ve got no idea of the postcode \n\nI’m at the Roundhouse in Camden\n\nYou can check it"
        },
        {
            "id": "1504897337906413568",
            "created_at": "2022-03-18T19:07:39.000Z",
            "author_id": "145165897",
            "text": "I’m in a bar at the Roundhouse in Camden in central London. By a big window.\n\nAnd I’m on 2G\n\nSeriously @VodafoneUK ?\n\nMaybe we should capitalise EDGEcomputing? https://t.co/ZFepD0XkdU"
        },
        {
            "id": "1504897009995636736",
            "created_at": "2022-03-18T19:06:21.000Z",
            "referenced_tweets": [
                {
                    "type": "replied_to",
                    "id": "1504895896726687749"
                }
            ],
            "author_id": "2151698989",
            "text": "@VodafoneUK If you could stop my 4G from cutting out for ages at a time that would be brilliant"
        },
        {
            "id": "1504895444756930572",
            "created_at": "2022-03-18T19:00:08.000Z",
            "author_id": "2151698989",
            "text": "@VodafoneUK the stupid Vodafone app really just lost my chat and wouldn't let me back into it so now I've got to wait in the queue AGAIN🙃"
        },
        {
            "id": "1504894895592513548",
            "created_at": "2022-03-18T18:57:57.000Z",
            "referenced_tweets": [
                {
                    "type": "replied_to",
                    "id": "1504894488786968577"
                }
            ],
            "author_id": "802381212",
            "text": "@FrimblesFarm @VodafoneUK Our BT deal gives us a (free) 4G router plugged in. If the broadband goes down, the 4G kicks in automatically"
        },
        {
            "id": "1504894232640774147",
            "created_at": "2022-03-18T18:55:19.000Z",
            "referenced_tweets": [
                {
                    "type": "replied_to",
                    "id": "1504890963650560003"
                }
            ],
            "author_id": "802381212",
            "text": "@FrimblesFarm @VodafoneUK 4G backup too?"
        },
        {
            "id": "1504891409626771462",
            "created_at": "2022-03-18T18:44:06.000Z",
            "author_id": "753397623118258176",
            "text": "Day two of dealing with @VodafoneUK’s frankly shocking service. Paying for a service that I’m not receiving and will likely be left without internet on Monday. Even after being guaranteed a call back at “around 6”. Absolutely disgusting."
        },
        {
            "id": "1504875977066913802",
            "created_at": "2022-03-18T17:42:46.000Z",
            "author_id": "3225483490",
            "text": "Amazing 5G speeds from @VodafoneUK as usual. Almost 3mpbs 😱😱😱😱😱😱😱 https://t.co/tSRXBr2mHk"
        },
        {
            "id": "1504868947488817152",
            "created_at": "2022-03-18T17:14:50.000Z",
            "referenced_tweets": [
                {
                    "type": "replied_to",
                    "id": "1503778049203924994"
                }
            ],
            "author_id": "2180432083",
            "text": "@VodafoneUK Yay!! I’m going down under to Australia 🇦🇺 to feed the penguins 🐧\n#DreamHoliday"
        },
        {
            "id": "1504868426518609920",
            "created_at": "2022-03-18T17:12:46.000Z",
            "author_id": "1285222737552736256",
            "text": "🏴󠁧󠁢󠁳󠁣󠁴󠁿 @VodafoneUK's Lions Legacy Tour brought us to @bannockburnrfc in sunny Scotland in support of grassroots rugby clubs 🙌\n\nTinds made his @bannockburnrfc debut and Tommy Seymour got stuck into a skills masterclass - how are the shoes looking now, Tommy? 🤔😅 https://t.co/zsxOg2dh5e"
        },
        {
            "id": "1504867994471698451",
            "created_at": "2022-03-18T17:11:03.000Z",
            "referenced_tweets": [
                {
                    "type": "replied_to",
                    "id": "1504867054159118338"
                }
            ],
            "author_id": "226314902",
            "text": "@VodafoneUK Thank you Liam. Same to you! :)"
        },
        {
            "id": "1504867467209936911",
            "created_at": "2022-03-18T17:08:57.000Z",
            "referenced_tweets": [
                {
                    "type": "replied_to",
                    "id": "1504864624272936965"
                }
            ],
            "author_id": "111384919",
            "text": "@VodafoneUK So busy periods is all week? I’ve literally been spending an hour on the phone at different times of day trying to get through! Like right now i’ve been waiting over an hour &amp; it’s been like this for ages. I’ve been trying to get through as now i’m going to be moving with no net."
        },
        {
            "id": "1504864833744875523",
            "created_at": "2022-03-18T16:58:30.000Z",
            "referenced_tweets": [
                {
                    "type": "replied_to",
                    "id": "1504830663865901057"
                }
            ],
            "author_id": "226314902",
            "text": "@VodafoneUK Thank you for responding Ryan. I ended up calling and then by mistake pressed the wrong number but ended up talking to Louise and Brody Miles who were absolutely excellent! 😊"
        },
        {
            "id": "1504862668506767363",
            "created_at": "2022-03-18T16:49:53.000Z",
            "referenced_tweets": [
                {
                    "type": "replied_to",
                    "id": "1503778049203924994"
                }
            ],
            "author_id": "819949648429416448",
            "text": "@VodafoneUK Off to Greece to Build a HUGE sandcastle #DreamHoliday"
        },
        {
            "id": "1504858446541246466",
            "created_at": "2022-03-18T16:33:07.000Z",
            "referenced_tweets": [
                {
                    "type": "replied_to",
                    "id": "1504849710359756804"
                }
            ],
            "author_id": "218238992",
            "text": "@VodafoneUK Been on the chat and ident page. Lois was great,but still no resolution."
        },
        {
            "id": "1504857798244511752",
            "created_at": "2022-03-18T16:30:32.000Z",
            "referenced_tweets": [
                {
                    "type": "replied_to",
                    "id": "1504857569151655938"
                }
            ],
            "author_id": "111384919",
            "text": "@VodafoneUK I’ve been calling that number &amp; have had absolutely no joy in contacting anyone."
        },
        {
            "id": "1504855827236241412",
            "created_at": "2022-03-18T16:22:42.000Z",
            "referenced_tweets": [
                {
                    "type": "replied_to",
                    "id": "1503778049203924994"
                }
            ],
            "author_id": "1543319184",
            "text": "@VodafoneUK Off to Australia to feed the penguins #DreamHoliday"
        },
        {
            "id": "1504848506443415563",
            "created_at": "2022-03-18T15:53:37.000Z",
            "referenced_tweets": [
                {
                    "type": "replied_to",
                    "id": "1504761286948761600"
                }
            ],
            "author_id": "15727482",
            "text": "@VodafoneUK @Refugee_Assist @SapperSupport Good to know. As a veteran myself, I get fed up when the British public seem to forget about their own, especially the very people who served this country in the armed forces, then through various issues, like PTSD, get left with absolutely nothing."
        },
        {
            "id": "1504847736453087233",
            "created_at": "2022-03-18T15:50:33.000Z",
            "referenced_tweets": [
                {
                    "type": "replied_to",
                    "id": "1504085510419005444"
                }
            ],
            "author_id": "50081098",
            "text": "@VodafoneUK I can’t get into town, I have chronic illness &amp; I’m still waiting for a pre paid envelope to arrive! Shocking service. 😡"
        },
        {
            "id": "1504845445113208835",
            "created_at": "2022-03-18T15:41:27.000Z",
            "author_id": "271112658",
            "text": "@VodafoneUK well after today with the terrible service from your company I will be looking to change my mobile service to another company"
        },
        {
            "id": "1504845269761994752",
            "created_at": "2022-03-18T15:40:45.000Z",
            "author_id": "218238992",
            "text": "Just been on hold at @VodafoneUK for over 19 mins. It rang then they cut the line. 😡😡😡😡😡"
        },
        {
            "id": "1504841915040153617",
            "created_at": "2022-03-18T15:27:25.000Z",
            "author_id": "60612663",
            "text": "The key developments since news of consolidation talks between @ThreeUK and @VodafoneUK emerged in January. \nhttps://t.co/fvkGUIJIm9"
        },
        {
            "id": "1504841077253095438",
            "created_at": "2022-03-18T15:24:06.000Z",
            "author_id": "226314902",
            "text": "@VodafoneUK Just spoke to Louise and thereafter Brody Miles, and both were extremely good. Both gave excellent customer service and I want them both to be recognised for this. Those are the type of employees you want to have in your team! 10/10 for them both!"
        },
        {
            "id": "1504833443766616079",
            "created_at": "2022-03-18T14:53:46.000Z",
            "author_id": "1285222737552736256",
            "text": "🙌 BONUS EPISODE! 🙌\n\nAlex, Hask &amp; Tinds are joined by Scottish rugby royalty, Tommy Seymour and @Shorty10x at @bannockburnrfc  🏉\n\nThe boys are continuing their journey across the UK and Ireland, celebrating grassroots rugby on @vodafoneuk’s Lions Legacy Tour 😀 https://t.co/NqfU0b8oxT"
        },
        {
            "id": "1504830730236481542",
            "created_at": "2022-03-18T14:42:59.000Z",
            "referenced_tweets": [
                {
                    "type": "replied_to",
                    "id": "1504830534035382278"
                }
            ],
            "author_id": "2760325961",
            "text": "@VodafoneUK Hi Millie not how sure this is passed on but would be great if he received the thanks 👍🏻"
        },
        {
            "id": "1504829447492587524",
            "created_at": "2022-03-18T14:37:53.000Z",
            "author_id": "513502436",
            "text": "@VodafoneUK what is up with your call centre lines today, been on hold for hours and no response, even your chat service is not getting me through to any advisors?"
        },
        {
            "id": "1504827390815518739",
            "created_at": "2022-03-18T14:29:42.000Z",
            "author_id": "226314902",
            "text": "@VodafoneUK I have never in all the 15 plus years with Vodafone experienced such bad customer service. I am appalled and rather angry. I have been a customer for a long time and you always give excellent customer service until today!"
        },
        {
            "id": "1504827062443515908",
            "created_at": "2022-03-18T14:28:24.000Z",
            "author_id": "2760325961",
            "text": "@VodafoneUK credit to ‘Anth’ in your St Stephens store for all his help with my Dads upgrade today. He went above and beyond helping him 5 ⭐️"
        }
    ],
    "includes": {
        "users": [
            {
                "name": "Michael «*»",
                "username": "sparkslabs_com",
                "location": "Manchester, England",
                "id": "825692036657459201"
            },
            {
                "name": "Michael Tawroginski",
                "username": "Tawroginski",
                "location": "United Kingdom 🇬🇧",
                "id": "150823066"
            },
            {
                "name": "Laura",
                "username": "LKEW84",
                "location": "Newcastle Upon Tyne, England",
                "id": "2502025744"
            },
            {
                "name": "Pauline Duffy🐥🌼🍃",
                "username": "xTweetyBird_xx",
                "location": "Craigavon, United Kingdom",
                "id": "102032622"
            },
            {
                "name": "Leigh",
                "username": "Rhonddalad",
                "location": "South Wales, UK",
                "id": "20401009"
            },
            {
                "name": "Kat Perkins",
                "username": "KatP1812",
                "id": "1215748987170574338"
            },
            {
                "name": "dadedam",
                "username": "yaysurprise",
                "location": "Leicester, UK",
                "id": "1339640847277707267"
            },
            {
                "name": "HarryBF",
                "username": "Harry2389",
                "id": "48147332"
            },
            {
                "name": "samantha buntain",
                "username": "samanthabuntain",
                "location": "Falkirk",
                "id": "550603479"
            },
            {
                "name": "David Hemingway",
                "username": "HemingwayDM",
                "id": "458846692"
            },
            {
                "name": "Buffy Iles",
                "username": "BuffyIles",
                "location": "Nottingham, England",
                "id": "198751197"
            },
            {
                "name": "Rachael Santangelo",
                "username": "Beleza_Rach",
                "location": "Edinburgh, Bonnie Scotland ",
                "id": "50628631"
            },
            {
                "name": "Lorcan *",
                "username": "lorcan51",
                "location": "Lincolnshire, UK 🇬🇧 ",
                "id": "1195379755262058496"
            },
            {
                "name": "rl",
                "username": "Eagereaderr",
                "id": "744457379224391680"
            },
            {
                "name": "🌺🌻Tina Deacon🌻🌺",
                "username": "tdeacon23",
                "location": "kent England",
                "id": "246430346"
            },
            {
                "name": "cadere in occidente",
                "username": "cadere_in",
                "location": "Terms and Conditions Apply",
                "id": "16031661"
            },
            {
                "name": "Damon Willis",
                "username": "DamonJWillis",
                "location": "Banbury, England",
                "id": "850311138738929665"
            },
            {
                "name": "Mxdir",
                "username": "Mxdir",
                "location": "Lost",
                "id": "929360197478469633"
            },
            {
                "name": "Diane",
                "username": "diane_83",
                "location": "Berks, UK",
                "id": "192608384"
            },
            {
                "name": "Richard Best",
                "username": "RichardBest6",
                "location": "Halifax, England",
                "id": "476080488"
            },
            {
                "name": "Alan Rowe",
                "username": "skid_rowe82",
                "location": "South West, England",
                "id": "546720149"
            },
            {
                "name": "Adrian Bold",
                "username": "AdrianBold3",
                "location": "England, United Kingdom",
                "id": "1154733894622744578"
            },
            {
                "name": "Patricia Barrett",
                "username": "PatBarrett123",
                "location": "England, United Kingdom",
                "id": "1154723948531257347"
            },
            {
                "name": "Claire Hamilton",
                "username": "ClaireHamil123",
                "location": "England, United Kingdom",
                "id": "882546483609964544"
            },
            {
                "name": "Costa Coffee",
                "username": "CostaCoffee",
                "location": "London, UK",
                "id": "16696296"
            },
            {
                "name": "Alan Burkitt-Gray",
                "username": "alanburkittgray",
                "location": "London",
                "id": "14870319"
            },
            {
                "name": "Gulam Hussain",
                "username": "gulam_h",
                "location": "London",
                "id": "90182842"
            },
            {
                "name": "AEBold",
                "username": "AEBold123",
                "location": "England, United Kingdom",
                "id": "4842200722"
            },
            {
                "name": "PAUL RHODES",
                "username": "PAUL_M_RHODES",
                "id": "868129755731808256"
            },
            {
                "name": "Dean Bubley",
                "username": "disruptivedean",
                "location": "London, UK",
                "id": "145165897"
            },
            {
                "name": "SaraCollins (Crouté)",
                "username": "SaraCollins1998",
                "location": "Stoke-on-Trent, England",
                "id": "2151698989"
            },
            {
                "name": "English Country Life",
                "username": "engcountrylife",
                "location": "England",
                "id": "802381212"
            },
            {
                "name": "uber",
                "username": "uberbounty",
                "id": "753397623118258176"
            },
            {
                "name": "ed francis",
                "username": "pompeyhedge",
                "location": "Nork Rise, UK",
                "id": "3225483490"
            },
            {
                "name": "🎀 𝒦𝒶𝓏 🎀",
                "username": "kazweedon",
                "location": "♥ 𝙷𝚊𝚖𝚙𝚜𝚑𝚒𝚛𝚎, 𝚄𝙺 ♥",
                "id": "2180432083"
            },
            {
                "name": "The Good, The Bad & The Rugby",
                "username": "GoodBadRugby",
                "location": "Twickenham, United Kingdom",
                "id": "1285222737552736256"
            },
            {
                "name": "Aammanda",
                "username": "AviatressMiles",
                "location": "Europe",
                "id": "226314902"
            },
            {
                "name": "Mrs.D",
                "username": "kelz_1980",
                "location": "Lowestoft, England",
                "id": "111384919"
            },
            {
                "name": "Claire C",
                "username": "Rosie9681",
                "id": "819949648429416448"
            },
            {
                "name": "Bruce Rush",
                "username": "Suffolkngood1",
                "location": "Long Melford Suffolk UK",
                "id": "218238992"
            },
            {
                "name": "Kirsty",
                "username": "popsandsnoopy",
                "id": "1543319184"
            },
            {
                "name": "Spencer",
                "username": "SpenyBoy73",
                "location": "London, England",
                "id": "15727482"
            },
            {
                "name": "donna williams",
                "username": "ladyvaio",
                "location": "Berkshire",
                "id": "50081098"
            },
            {
                "name": "john2032🇬🇧🇬🇧🇬🇧🇬🇧",
                "username": "johnwb2032",
                "location": "Scotland",
                "id": "271112658"
            },
            {
                "name": "@TheBusinessMag",
                "username": "TheBusinessMag",
                "location": "South East",
                "id": "60612663"
            },
            {
                "name": "KirstyEliz",
                "username": "kirstyhearfiel1",
                "location": "Kirk Ella, England",
                "id": "2760325961"
            },
            {
                "name": "JAGPAL SINGH",
                "username": "JagSingh25",
                "location": "UK",
                "id": "513502436"
            }
        ],
        "tweets": [
            {
                "id": "1505261064174415873",
                "created_at": "2022-03-19T19:12:58.000Z",
                "referenced_tweets": [
                    {
                        "type": "replied_to",
                        "id": "1505252248305213456"
                    }
                ],
                "author_id": "20678384",
                "text": "@sparkslabs_com The Moto G9, if purchased from Vodafone though your Vodafone account should be Wi-Fi calling compatible, even after the down grading of 3G in 2023. If you are having issues with your device, please let us know and we can discuss the options.  Des"
            },
            {
                "id": "1505311276351819776",
                "created_at": "2022-03-19T22:32:30.000Z",
                "referenced_tweets": [
                    {
                        "type": "replied_to",
                        "id": "1505310609008693251"
                    }
                ],
                "author_id": "825692036657459201",
                "text": "@VodafoneUK Oh, and as a final detail, despite several emails to the effect that it's not compatible and despite lots of messages from a \"Nirav\" stating that it's not compatible, the information on the device says \"Mobile voice network type - 4G\" which suggests you're completely wrong."
            },
            {
                "id": "1505310609008693251",
                "created_at": "2022-03-19T22:29:51.000Z",
                "referenced_tweets": [
                    {
                        "type": "replied_to",
                        "id": "1505310563903193095"
                    }
                ],
                "author_id": "825692036657459201",
                "text": "@VodafoneUK Given I've been talking to your staff in one fashion or another now for 6 hours and none of you seem to have a clue, the sensible option is to give up on you, and go away and investigate better mobile phone providers. When I've done that I'll be shifting else. END."
            },
            {
                "id": "1505310563903193095",
                "created_at": "2022-03-19T22:29:40.000Z",
                "referenced_tweets": [
                    {
                        "type": "replied_to",
                        "id": "1505309681211912193"
                    }
                ],
                "author_id": "825692036657459201",
                "text": "@VodafoneUK You're have sent me repeated emails saying that it's not compatible with your upcoming breakage. \nLiterally from today - screen cap from your website:\nAnd yet you're still selling this device (implying from this message that it's compatible). https://t.co/KFYeQFenfY"
            },
            {
                "id": "1505309681211912193",
                "created_at": "2022-03-19T22:26:09.000Z",
                "referenced_tweets": [
                    {
                        "type": "replied_to",
                        "id": "1505261064174415873"
                    }
                ],
                "author_id": "825692036657459201",
                "text": "@VodafoneUK I bought this device FROM YOU Nov/Dec 21 https://t.co/FFUgjLiTGd\nYou're still selling it. After I'd had the device less than 2 months you declare it incompatible during the period of my contract (ie in 2023). At best that's  incomptence. The device is fine. Your service is $#1^"
            },
            {
                "id": "1503778049203924994",
                "created_at": "2022-03-15T17:00:00.000Z",
                "author_id": "20678384",
                "text": "Want to #WIN a Very Big Spring Getaway worth up to 10k? 🏝️\n\nUse #DreamHoliday and our generator to tell us what you'll be doing on it.\n\nCheck out #VeryMeRewards in the My Vodafone app for the chance to win more prizes 🎁\n\nTerms apply (ends 31/03/2022)👇\n\nhttps://t.co/HpXCBf8v0Z https://t.co/NkxMV6hdDp"
            },
            {
                "id": "1505281999925358592",
                "created_at": "2022-03-19T20:36:10.000Z",
                "referenced_tweets": [
                    {
                        "type": "replied_to",
                        "id": "1505281801773846541"
                    }
                ],
                "author_id": "20678384",
                "text": "@Rhonddalad Hi Leigh. There's a new SE model just been released 😀You can get more details on the phone and plans we offer here on our site: https://t.co/XDW5cnZRBt Al"
            },
            {
                "id": "1498704627000233985",
                "created_at": "2022-03-01T17:00:02.000Z",
                "author_id": "20678384",
                "text": "🌻 March PHONEtography challenge 🌻\n\nShare a photo from your phone of a spring adventure you’ve been on and tell us why it puts a spring in your step.\n\nWe could surprise you with #VodafoneTreats 🎁 or a brand new phone📱 https://t.co/tZ84MVXVlj"
            },
            {
                "id": "1505251871673438209",
                "created_at": "2022-03-19T18:36:27.000Z",
                "referenced_tweets": [
                    {
                        "type": "replied_to",
                        "id": "1505251700826910731"
                    }
                ],
                "author_id": "825692036657459201",
                "text": "@VodafoneUK And I'm literally quoting your rep there stating it's not compatible with 4G Calling and quoting your website that states that all the phones you sell now ARE compatible with 4G calling."
            },
            {
                "id": "1505251700826910731",
                "created_at": "2022-03-19T18:35:46.000Z",
                "referenced_tweets": [
                    {
                        "type": "replied_to",
                        "id": "1505251264057253889"
                    }
                ],
                "author_id": "825692036657459201",
                "text": "@VodafoneUK To quote: \"This phone is still having 2g features for calls and texts and data works on 4G hence we have continued to sell it on our website.\"\n\nThis is even though your site says here \"all our devices are compatible with our 4G network.\"\nhttps://t.co/dF0JkLyXZj"
            },
            {
                "id": "1505251264057253889",
                "created_at": "2022-03-19T18:34:02.000Z",
                "referenced_tweets": [
                    {
                        "type": "replied_to",
                        "id": "1505250672836595715"
                    }
                ],
                "author_id": "825692036657459201",
                "text": "@VodafoneUK They made it clear that this phone - https://t.co/vwZVxIOAHd - which you sell NOW as compatible with your network - won't be compatible with 4G calling as of next year. (Summarising their replies)\nSo I can't trust you any more and after 20 years going elsewhere."
            },
            {
                "id": "1505250672836595715",
                "created_at": "2022-03-19T18:31:41.000Z",
                "referenced_tweets": [
                    {
                        "type": "replied_to",
                        "id": "1505237354042347522"
                    }
                ],
                "author_id": "825692036657459201",
                "text": "@VodafoneUK Other team member basically convinced me to cancel my (and my family's) service with you, because they refused to answer my question definitively and suggested you're knowingly selling goods that will be incompatible in less than 12 months."
            },
            {
                "id": "1505237354042347522",
                "created_at": "2022-03-19T17:38:45.000Z",
                "referenced_tweets": [
                    {
                        "type": "replied_to",
                        "id": "1505227858813272068"
                    }
                ],
                "author_id": "20678384",
                "text": "@sparkslabs_com Split  conversation, already picked up by other team member"
            },
            {
                "id": "1505231271345152000",
                "created_at": "2022-03-19T17:14:35.000Z",
                "referenced_tweets": [
                    {
                        "type": "replied_to",
                        "id": "1505228436603908102"
                    }
                ],
                "author_id": "825692036657459201",
                "text": "@VodafoneUK 25 minutes and finally a reply, but you've gone back to air silence after being given the same information."
            },
            {
                "id": "1505228436603908102",
                "created_at": "2022-03-19T17:03:19.000Z",
                "referenced_tweets": [
                    {
                        "type": "replied_to",
                        "id": "1505221728020185090"
                    }
                ],
                "author_id": "825692036657459201",
                "text": "@VodafoneUK Over 20 minutes and no reply."
            },
            {
                "id": "1505221728020185090",
                "created_at": "2022-03-19T16:36:40.000Z",
                "referenced_tweets": [
                    {
                        "type": "replied_to",
                        "id": "1505221228524617733"
                    }
                ],
                "author_id": "20678384",
                "text": "@sparkslabs_com We aren't trying to avoid answering the question at all. Like I say, I'm just not familiar with why we would not support 4G calling on a G9 Play, or why this would only be an issue part way into your contract. Please DM us with your details and we'll help. Con https://t.co/zZC6gSR1Ak"
            },
            {
                "id": "1504506769493704706",
                "created_at": "2022-03-17T17:15:40.000Z",
                "author_id": "20678384",
                "text": "Alright, help us settle a debate. \n\nAre there more phones or remotes in the world?"
            },
            {
                "id": "1504729316382367764",
                "created_at": "2022-03-18T08:00:00.000Z",
                "author_id": "20678384",
                "text": "Costa money? 💷\n\nNope, Costa nothing 🤑\n\nGet your free small drink from @CostaCoffee today ☕\n\nHead to #VeryMeRewards in the My Vodafone app to claim yours 👇"
            },
            {
                "id": "1504749971287035914",
                "created_at": "2022-03-18T09:22:04.000Z",
                "author_id": "20678384",
                "text": "iPhone 13 Pro and iPhone 13 Pro Max. Now in Alpine Green.\n\nBiggest Pro camera system upgrade ever\nXDR display with ProMotion\nSuperfast 5G\nHuge leap in battery life\n\nBuy now: https://t.co/fA79M8hT67 https://t.co/XNAO3hgcvG"
            },
            {
                "id": "1504750390558052390",
                "created_at": "2022-03-18T09:23:44.000Z",
                "author_id": "20678384",
                "text": "iPhone SE. Serious power. Serious value.\n\nLightning-fast A15 Bionic chip\nFast 5G.1 Big-time battery life\nSuperstar camera \nPlus, the toughest glass in a smartphone and a Home button with secure Touch ID.\n\nBuy now: https://t.co/038Q3iMUj0 https://t.co/oGXK9MXJLp"
            },
            {
                "id": "1505206039133798414",
                "created_at": "2022-03-19T15:34:19.000Z",
                "author_id": "825692036657459201",
                "text": "So @VodafoneUK . You sold me a Moto G9 Play in Nov with a 2 year contract (you didn't deliver till well into December, mind) . Less than 2 months later you tell me it's not suitable for use on your network 10 months from now. So not suitable at time of sale. 1/2"
            },
            {
                "id": "1505221344937615363",
                "created_at": "2022-03-19T16:35:08.000Z",
                "referenced_tweets": [
                    {
                        "type": "replied_to",
                        "id": "1505220711861964801"
                    }
                ],
                "author_id": "20678384",
                "text": "@sparkslabs_com As I've said Michael, I'm unsure of why this would be the case as I'm not familiar with the handset or it's 4G calling capability. I'm eager to help you but in order to do so I need you to DM us so we can pass security and look into it. (1/2) Con"
            },
            {
                "id": "1505214538500685825",
                "created_at": "2022-03-19T16:08:06.000Z",
                "referenced_tweets": [
                    {
                        "type": "replied_to",
                        "id": "1505213005180678151"
                    }
                ],
                "author_id": "20678384",
                "text": "@sparkslabs_com I'll be honest Michael, that's not a question I can immediately answer, I'll need to look into it. I can't see why your phone wouldn't be compatible with the network so I highly doubt it. If you drop us a DM we'll happily take a look. Con"
            },
            {
                "id": "1505220711861964801",
                "created_at": "2022-03-19T16:32:38.000Z",
                "referenced_tweets": [
                    {
                        "type": "replied_to",
                        "id": "1505220245535039491"
                    }
                ],
                "author_id": "825692036657459201",
                "text": "@VodafoneUK For example, if I enter my phone IMEI into your checker it comes back with this: https://t.co/jU43QzXiRr"
            },
            {
                "id": "1505220245535039491",
                "created_at": "2022-03-19T16:30:46.000Z",
                "referenced_tweets": [
                    {
                        "type": "replied_to",
                        "id": "1505220188492476424"
                    }
                ],
                "author_id": "825692036657459201",
                "text": "@VodafoneUK 2) Why did you send me a message on 26/1/22 claiming that THIS phone will not work as of 2023 - ie telling not fit for the purpose for which it was sold?"
            },
            {
                "id": "1505220188492476424",
                "created_at": "2022-03-19T16:30:33.000Z",
                "referenced_tweets": [
                    {
                        "type": "replied_to",
                        "id": "1505214538500685825"
                    }
                ],
                "author_id": "825692036657459201",
                "text": "@VodafoneUK I am asking you 2 straight questions:\n1) Is the Moto G9 Play you are currently selling compatible with your network as of 2023?\n https://t.co/FFUgjLiTGd"
            },
            {
                "id": "1505196915536838656",
                "created_at": "2022-03-19T14:58:04.000Z",
                "referenced_tweets": [
                    {
                        "type": "replied_to",
                        "id": "1505194875498733570"
                    }
                ],
                "author_id": "20678384",
                "text": "@HemingwayDM Hey David 👋🏻 I would recommend checking out our Network Status Checker tool online https://t.co/wrNvWDIhr2 which will advise you on how our network’s performing where you are and up-to-date information on anything going on that might be affecting your signal and services 📶 Jason"
            },
            {
                "id": "1505212779568975875",
                "created_at": "2022-03-19T16:01:06.000Z",
                "referenced_tweets": [
                    {
                        "type": "replied_to",
                        "id": "1505212461330440197"
                    }
                ],
                "author_id": "825692036657459201",
                "text": "@VodafoneUK Or are you saying that you can't tell me if the device YOU sold me (that YOU ARE STILL selling) is compatible or not without me repeating the same information via DM?"
            },
            {
                "id": "1505212461330440197",
                "created_at": "2022-03-19T15:59:50.000Z",
                "referenced_tweets": [
                    {
                        "type": "replied_to",
                        "id": "1505211859351265283"
                    }
                ],
                "author_id": "825692036657459201",
                "text": "@VodafoneUK I've given you all the information you need to answer the question. It's a Moto G9 Play, sold to me in late november 2021, delivered early December 2021.\nYou're selling the exact same model now. Is it compatible or incompatible?\nIf incomatible why are you saying it isn't?"
            },
            {
                "id": "1505211859351265283",
                "created_at": "2022-03-19T15:57:27.000Z",
                "referenced_tweets": [
                    {
                        "type": "replied_to",
                        "id": "1505206047623065605"
                    }
                ],
                "author_id": "20678384",
                "text": "@sparkslabs_com Hey Michael 👋 I'd need some more information to help you with this. Can you drop us a DM with some information and your account details, so we can assist? Con https://t.co/zZC6gSR1Ak"
            },
            {
                "id": "1505196703774818304",
                "created_at": "2022-03-19T14:57:14.000Z",
                "referenced_tweets": [
                    {
                        "type": "replied_to",
                        "id": "1505196159060647941"
                    }
                ],
                "author_id": "118750085",
                "text": "@BuffyIles I'm sorry that happened. The team dealing will get the new order placed and I'm sure they will be able to get it at the original price. They may need to wait for the order to complete to do this. ^Kevin"
            },
            {
                "id": "1504815505844150296",
                "created_at": "2022-03-18T13:42:29.000Z",
                "referenced_tweets": [
                    {
                        "type": "replied_to",
                        "id": "1504803367222194176"
                    }
                ],
                "author_id": "20678384",
                "text": "@Beleza_Rach @02 Keep a lookout for an update from the Advantage Team and if you need anything else in the meantime just pop over a message we'd be happy to help 🙂 2/2 Tran"
            },
            {
                "id": "1505100267733360642",
                "created_at": "2022-03-19T08:34:01.000Z",
                "referenced_tweets": [
                    {
                        "type": "replied_to",
                        "id": "1504958084816515072"
                    }
                ],
                "author_id": "20678384",
                "text": "@tdeacon23 We've got your back Tina 💪 I hope it gave you the boost you needed! James"
            },
            {
                "id": "1504796095418875904",
                "created_at": "2022-03-18T12:25:21.000Z",
                "author_id": "54603187",
                "text": "@CostaCoffee any idea which of your branches participate in @VodafoneUK rewards? My local branch does not."
            },
            {
                "id": "1504915480028581892",
                "created_at": "2022-03-18T20:19:45.000Z",
                "referenced_tweets": [
                    {
                        "type": "replied_to",
                        "id": "1504909938069590019"
                    }
                ],
                "author_id": "20678384",
                "text": "@alanburkittgray @disruptivedean Hi. Our network status checker ( https://t.co/JaH0XHfkbZ ) is showing that we've recently wrapped up some maintenance work in the area and we're currently monitoring the network whilst getting everything back up and running. We should see things back to normal shortly ✔️ Raz"
            },
            {
                "id": "1504902272727359490",
                "created_at": "2022-03-18T19:27:16.000Z",
                "referenced_tweets": [
                    {
                        "type": "replied_to",
                        "id": "1504897337906413568"
                    }
                ],
                "author_id": "20678384",
                "text": "@disruptivedean Hi Dean 👋 Please check your postcode in our Network Status Checker here 👉 https://t.co/PboCGKkBnU for any potential issues. If there are no known problems then feel free to DM so we can go through some troubleshooting 🔧 Thomas https://t.co/zZC6gSR1Ak"
            },
            {
                "id": "1504902671429517318",
                "created_at": "2022-03-18T19:28:51.000Z",
                "referenced_tweets": [
                    {
                        "type": "replied_to",
                        "id": "1504899277407010818"
                    }
                ],
                "author_id": "145165897",
                "text": "@ianw1965 @VodafoneUK Yes! And my gf is also on VF and had the same…"
            },
            {
                "id": "1504902410032062468",
                "created_at": "2022-03-18T19:27:48.000Z",
                "referenced_tweets": [
                    {
                        "type": "replied_to",
                        "id": "1504902272727359490"
                    }
                ],
                "author_id": "145165897",
                "text": "@VodafoneUK I’ve got no idea of the postcode \n\nI’m at the Roundhouse in Camden\n\nYou can check it"
            },
            {
                "id": "1504895896726687749",
                "created_at": "2022-03-18T19:01:56.000Z",
                "referenced_tweets": [
                    {
                        "type": "replied_to",
                        "id": "1504895444756930572"
                    }
                ],
                "author_id": "20678384",
                "text": "@SaraCollins1998 Hi there 👋 I'm sorry to see this has happened. can I help with anything? Trev"
            },
            {
                "id": "1504894488786968577",
                "created_at": "2022-03-18T18:56:20.000Z",
                "referenced_tweets": [
                    {
                        "type": "replied_to",
                        "id": "1504894232640774147"
                    }
                ],
                "author_id": "1414981315120750592",
                "text": "@engcountrylife @VodafoneUK Erm, no, i think.   But, we can use mobile phones for that..  thats what we have been using last 2 weeks"
            },
            {
                "id": "1504890963650560003",
                "created_at": "2022-03-18T18:42:19.000Z",
                "author_id": "1414981315120750592",
                "text": "Oh my god... we have broadband.   Sweet sweet internet, how i have missed you.\n\nIf you are thinking of switching to @VodafoneUK broadband... dont.  Just dont.  Trust me.  \n\nBT to the rescue.   Booked, and online within 24hous, and 150Mbps. https://t.co/jnayhbFOsS"
            },
            {
                "id": "1504867054159118338",
                "created_at": "2022-03-18T17:07:19.000Z",
                "referenced_tweets": [
                    {
                        "type": "replied_to",
                        "id": "1504864833744875523"
                    }
                ],
                "author_id": "20678384",
                "text": "@AviatressMiles Amazing! Glad you managed to speak to us! If you need anything from us, you know where we are. You can also head over to our support centre to see if you can find your answer there in the future too 👉 https://t.co/MQcgqGv2IT - Hope you enjoy the rest of your day! Liam"
            },
            {
                "id": "1504864624272936965",
                "created_at": "2022-03-18T16:57:40.000Z",
                "referenced_tweets": [
                    {
                        "type": "replied_to",
                        "id": "1504857798244511752"
                    }
                ],
                "author_id": "20678384",
                "text": "@kelz_1980 It can be more difficult to reach the team during busy periods and we apologise for the inconvenience. Currently our dedicated team on 03333040191 is the only method of requesting a home broadband transfer. Lucy"
            },
            {
                "id": "1504830663865901057",
                "created_at": "2022-03-18T14:42:43.000Z",
                "referenced_tweets": [
                    {
                        "type": "replied_to",
                        "id": "1504827390815518739"
                    }
                ],
                "author_id": "20678384",
                "text": "@AviatressMiles Hi Aammanda 👋 I'm sorry to hear that you've not had the best experience, especially after you've been with us for so long. Can you tell me more about what's happened and I'll do my best to turn things around 🔎 Ryan"
            },
            {
                "id": "1504849710359756804",
                "created_at": "2022-03-18T15:58:24.000Z",
                "referenced_tweets": [
                    {
                        "type": "replied_to",
                        "id": "1504845269761994752"
                    }
                ],
                "author_id": "20678384",
                "text": "@Suffolkngood1 Hi Bruce, sorry to hear the line has cut off when getting in touch. Drop us a DM with the reason for the call and your Vodafone mobile or account number? I’ll see how I can help you. When you send a DM, you’ll be greeted by our BOT. Select ‘Get Started’ and ‘Asked to DM’ Lou https://t.co/zZC6gSR1Ak"
            },
            {
                "id": "1504857569151655938",
                "created_at": "2022-03-18T16:29:38.000Z",
                "referenced_tweets": [
                    {
                        "type": "replied_to",
                        "id": "1504855007958609928"
                    }
                ],
                "author_id": "20678384",
                "text": "@kelz_1980 Hey 👋 Sorry you're facing trouble reaching us. Our Broadband Home Moves Team are only contactable via 03333040191. They may be busier at certain times of the day. The team are open from 8am - 8pm daily, you may find it easier to get through earlier or later in the day. Lucy"
            },
            {
                "id": "1504761286948761600",
                "created_at": "2022-03-18T10:07:02.000Z",
                "referenced_tweets": [
                    {
                        "type": "replied_to",
                        "id": "1504759357912895531"
                    }
                ],
                "author_id": "20678384",
                "text": "@SpenyBoy73 @Refugee_Assist On top of this we also work with @SapperSupport to help their initiative and free PTSD helpline❤️"
            },
            {
                "id": "1504085510419005444",
                "created_at": "2022-03-16T13:21:44.000Z",
                "referenced_tweets": [
                    {
                        "type": "replied_to",
                        "id": "1504077950832070656"
                    }
                ],
                "author_id": "20678384",
                "text": "@ladyvaio Before sending you a new device Donna, we'd always try to repair your current handset first. You can speed this process up by popping your handset into a local store. They'll check it over and get it sent off to the repair centre for you.\nMark"
            },
            {
                "id": "1504830534035382278",
                "created_at": "2022-03-18T14:42:12.000Z",
                "referenced_tweets": [
                    {
                        "type": "replied_to",
                        "id": "1504827062443515908"
                    }
                ],
                "author_id": "20678384",
                "text": "@kirstyhearfiel1 Hi Kirsty 👋 Thanks for taking the time to share such great feedback! It's lovely to hear about our customers receiving excellent service 😀 Millie"
            }
        ]
    },
    "errors": [
        {
            "resource_id": "1504903540640256005",
            "parameter": "referenced_tweets.id",
            "resource_type": "tweet",
            "section": "includes",
            "title": "Authorization Error",
            "value": "1504903540640256005",
            "detail": "Sorry, you are not authorized to see the Tweet with referenced_tweets.id: [1504903540640256005].",
            "type": "https://api.twitter.com/2/problems/not-authorized-for-resource"
        },
        {
            "resource_id": "1504899277407010818",
            "parameter": "referenced_tweets.id",
            "resource_type": "tweet",
            "section": "includes",
            "title": "Authorization Error",
            "value": "1504899277407010818",
            "detail": "Sorry, you are not authorized to see the Tweet with referenced_tweets.id: [1504899277407010818].",
            "type": "https://api.twitter.com/2/problems/not-authorized-for-resource"
        }
    ],
    "meta": {
        "oldest_id": "1504827062443515908",
        "newest_id": "1505312072955011080",
        "previous_token": "77qpymm88g5h9vqklurc09mxektmpoy1gcp43ebr69s1c",
        "result_count": 100,
        "next_token": "7140dibdnow9c7btw420js1chxabyvwjsct7s9n8f1bnc"
    }
}