{
    "data": [
        {
            "id": "1504754369887195137",
            "author_id": "307513258",
            "text": "@bt_uk How can I contact BT Open Reach is @BTSopenreach an official account?",
            "created_at": "2022-03-18T09:39:33.000Z"
        },
        {
            "id": "1504752898026229769",
            "author_id": "27967676",
            "text": "@bt_uk Morning. I've got some old routers of yours and want to return them for recycling, but can't seem to find out how on your website. Can you please advise? Thanks.",
            "created_at": "2022-03-18T09:33:42.000Z"
        },
        {
            "id": "1504749609620492289",
            "author_id": "271090622",
            "text": "@bt_uk your internet sucks a big one. Switches off throughout the day everyday. Thank the lord I’m leaving. Just squeezing this in before it GOES FUCKING OFF AGAIN. have a nice day.",
            "created_at": "2022-03-18T09:20:38.000Z"
        },
        {
            "id": "1504748955544043521",
            "referenced_tweets": [
                {
                    "type": "replied_to",
                    "id": "1504510592203243527"
                }
            ],
            "author_id": "1410358739329236996",
            "text": "@FMDoop @bt_uk You can come stream with me! I have a super long desk and a spare gaming laptop already set up, you can share the seat with me though… 😉😂🤣",
            "created_at": "2022-03-18T09:18:02.000Z"
        },
        {
            "id": "1504748269360107521",
            "referenced_tweets": [
                {
                    "type": "replied_to",
                    "id": "1504745455544066048"
                }
            ],
            "author_id": "2404728442",
            "text": "@bt_uk For 2 days before upgrading I was trying to add a monthly pass and it wouldnt let me. Customer service is to resolve the matter in a way that is satisfactory to the PAYING customer!",
            "created_at": "2022-03-18T09:15:18.000Z"
        },
        {
            "id": "1504748133225582607",
            "referenced_tweets": [
                {
                    "type": "replied_to",
                    "id": "1504746099474681860"
                }
            ],
            "author_id": "20674304",
            "text": "@bt_uk Thanks Janet - but there’s the cop out. It’s well known that the big 4 invest in fossil fuels &amp; other climate destruction. BT should be actively changing bank/ lobbying them to change if truly committed to minimising impact on the environment. Money is the most powerful lever.",
            "created_at": "2022-03-18T09:14:46.000Z"
        },
        {
            "id": "1504747680932806656",
            "referenced_tweets": [
                {
                    "type": "replied_to",
                    "id": "1504746086040227848"
                }
            ],
            "author_id": "970685762076381184",
            "text": "@bt_uk Have sent DM!",
            "created_at": "2022-03-18T09:12:58.000Z"
        },
        {
            "id": "1504746609690791949",
            "referenced_tweets": [
                {
                    "type": "replied_to",
                    "id": "1504745906201059330"
                }
            ],
            "author_id": "1430061584211226626",
            "text": "This whole process is exhausting. no accountability at @OpenreachHelp despite the delay now being theirs, continue to be let down by @bt_uk who are not advocating on my behalf and failing to contact me as agreed. When can you intervene, please @Ofcom?",
            "created_at": "2022-03-18T09:08:43.000Z"
        },
        {
            "id": "1504745820968603650",
            "referenced_tweets": [
                {
                    "type": "replied_to",
                    "id": "1504742503693570048"
                }
            ],
            "author_id": "20674304",
            "text": "@bt_uk Is your 22 billion pound annual revenue invested in fossil fuels? Because if you don’t have a financial decarbonisation strategy, you’re effectively funding climate destruction. Thanks for responding, and at least you’re engaging in dialogue.",
            "created_at": "2022-03-18T09:05:35.000Z"
        },
        {
            "id": "1504745566936383489",
            "referenced_tweets": [
                {
                    "type": "replied_to",
                    "id": "1504744661117812736"
                }
            ],
            "author_id": "970685762076381184",
            "text": "@bt_uk For a fault, it seems the internet and phone line has came back on overnight. No problem, it’s for a senior specialist faults engineer, I’ll let them know that the fault is fixed. Thank you",
            "created_at": "2022-03-18T09:04:34.000Z"
        },
        {
            "id": "1504744860624031746",
            "referenced_tweets": [
                {
                    "type": "replied_to",
                    "id": "1504743566148620299"
                }
            ],
            "author_id": "2404728442",
            "text": "@bt_uk Because I shouldn’t have to create an entirely new account!",
            "created_at": "2022-03-18T09:01:46.000Z"
        },
        {
            "id": "1504744562492907521",
            "author_id": "30629175",
            "text": "@bt_uk my Wearside phone directory that claims it’s *your local Phone Book has *Howay man! written across the front of it\n\nIt’s spelt &amp; pronounced ha’way man on Wearside https://t.co/N8OQPHaGuw",
            "created_at": "2022-03-18T09:00:35.000Z"
        },
        {
            "id": "1504744376647528448",
            "author_id": "970685762076381184",
            "text": "@bt_uk I need to cancel an engineer appointment for today, can this be done please? Struggling to get through on the phone",
            "created_at": "2022-03-18T08:59:50.000Z"
        },
        {
            "id": "1504744286511935491",
            "referenced_tweets": [
                {
                    "type": "replied_to",
                    "id": "1504742503693570048"
                }
            ],
            "author_id": "20674304",
            "text": "@bt_uk I’m still getting no answer to the question does your bank (and therefore my money) get invested in fossil fuels? All your decarbonisation efforts are great but if your bank invests in fossil fuels you’re cancelling all that out effectively.",
            "created_at": "2022-03-18T08:59:29.000Z"
        },
        {
            "id": "1504742900239945752",
            "author_id": "2404728442",
            "text": "@bt_uk you are an absolute joke. Just upgraded my fibre to a better package with you and am being told I am unable to add a monthly pass for BT Sport to watch UFC London because of it. You are literally sending a new hub out! Absolutely appalling service!",
            "created_at": "2022-03-18T08:53:58.000Z"
        },
        {
            "id": "1504741720285761538",
            "referenced_tweets": [
                {
                    "type": "replied_to",
                    "id": "1504740405405003777"
                }
            ],
            "author_id": "20674304",
            "text": "And also to highlight poor responses from @bt_uk who fobbed me off &amp; said their climate strategy was on the website (it’s impossible to find  &amp; says nothing about their finance &amp; climate strategy) &amp; @VodafoneUK who made no response at all. So that’s two companies I’ll be leaving.",
            "created_at": "2022-03-18T08:49:17.000Z"
        },
        {
            "id": "1504739526685642752",
            "author_id": "21611174",
            "text": "@bt_uk hi, I have a question: I have previously spoken to a CSR &amp; he said that he had \"left a note on [my] account\" about the issue. I spoke to a different CSR, but she couldn't see any notes. Can i get a copy of these things?",
            "created_at": "2022-03-18T08:40:34.000Z"
        },
        {
            "id": "1504733633818550272",
            "author_id": "334780738",
            "text": "@bt_uk issue with our line since 2pm yesterday and the best you can do is an engineer on Monday how can I escalate this",
            "created_at": "2022-03-18T08:17:09.000Z"
        },
        {
            "id": "1504732137999720594",
            "author_id": "20468331",
            "text": "@bt_uk told crew would be here at 8am to work on the internet as I need to work from home, 8:10 and no sign of them, my anxiety levels are through the roof so cheers",
            "created_at": "2022-03-18T08:11:12.000Z"
        },
        {
            "id": "1504731476058857496",
            "referenced_tweets": [
                {
                    "type": "replied_to",
                    "id": "1504730960071385093"
                }
            ],
            "author_id": "244264886",
            "text": "@bt_uk Please refer to original tweet",
            "created_at": "2022-03-18T08:08:35.000Z"
        },
        {
            "id": "1504730820510113817",
            "referenced_tweets": [
                {
                    "type": "replied_to",
                    "id": "1504603969787772930"
                }
            ],
            "author_id": "609949647",
            "text": "@Tonysmini @bt_uk @OpenreachHelp thx. maybe you can help with this too ? 1. all broadband providers will use these or only BT ? 2. having one very nearby helps to get closer to theorical speed ? cheers",
            "created_at": "2022-03-18T08:05:58.000Z"
        },
        {
            "id": "1504726609777025061",
            "referenced_tweets": [
                {
                    "type": "replied_to",
                    "id": "1503507360010194949"
                }
            ],
            "author_id": "244264886",
            "text": "@bt_uk That seems to be my #btsport service ended….so why am I charged up to 10th April? I understand if this is going to be refunded but seriously a company like #bt have a system like this?",
            "created_at": "2022-03-18T07:49:14.000Z"
        },
        {
            "id": "1504722082126520321",
            "author_id": "27838023",
            "text": "@bt_uk  why are you charging me £65 for same service? https://t.co/gNDTUPkYpK",
            "created_at": "2022-03-18T07:31:15.000Z"
        },
        {
            "id": "1504714879550304256",
            "author_id": "1482057450316517382",
            "text": "Some BT cabinets on the streets of Sheffield (@bt_uk /@WeAreOpenreach) along with other pieces of 'street furniture' have become pieces of #StreetArt focusing on local heritage.\n\nThis one features local cutler Stan Shaw.\n\nLocation: Dun Street, #Sheffield\nArtist: Katy Sett https://t.co/raRtTMiGbj",
            "created_at": "2022-03-18T07:02:38.000Z"
        },
        {
            "id": "1504713243813625856",
            "author_id": "771424857817018368",
            "text": "Anti theft device for Land Rover by @bt_uk https://t.co/hjVkuycd3J",
            "created_at": "2022-03-18T06:56:08.000Z"
        },
        {
            "id": "1504630341851660302",
            "referenced_tweets": [
                {
                    "type": "replied_to",
                    "id": "1504591347638013955"
                }
            ],
            "author_id": "888903945929863168",
            "text": "@bt_uk Yes, I am not sure how that is going to work as the phone line is down too 😂",
            "created_at": "2022-03-18T01:26:42.000Z"
        },
        {
            "id": "1504605359494807554",
            "referenced_tweets": [
                {
                    "type": "replied_to",
                    "id": "1504568643593682947"
                }
            ],
            "author_id": "785912719081934848",
            "text": "@suter_ruth @bt_uk Thanks Ruth - it's been really tricky for days on end now and I just need it to be resolved... :(",
            "created_at": "2022-03-17T23:47:26.000Z"
        },
        {
            "id": "1504603969787772930",
            "referenced_tweets": [
                {
                    "type": "replied_to",
                    "id": "1504570595236794370"
                }
            ],
            "author_id": "737451626",
            "text": "@Paulondres @bt_uk @OpenreachHelp It’s a distribution point (DP), that will feed you and other customers so unlikely you will be able to have it removed.",
            "created_at": "2022-03-17T23:41:55.000Z"
        },
        {
            "id": "1504587038028357633",
            "author_id": "888903945929863168",
            "text": "@bt_uk shocked to see how so many people (including me) have reported your service to be broken FOR DAYS and nothing has been done to fix it. Shameful. At least provide us with free mobile broadband while something is done. We are paying you at the end of the day.",
            "created_at": "2022-03-17T22:34:38.000Z"
        },
        {
            "id": "1504579669697441807",
            "author_id": "262292689",
            "text": "@TalkTalk @bt_uk what the hell is this? There was an Openreach van working near my house in FY5 earlier today - this evening, some time after it leaves, this happens. https://t.co/9PO5LSPAmf",
            "created_at": "2022-03-17T22:05:21.000Z"
        },
        {
            "id": "1504575091694309377",
            "author_id": "40892552",
            "text": "🔊 New #TestMeasure22 speaker announced (April 5, 2022): Neil McRae, Group Chief Architect MD, Architecture and Technology Strategy, @bt_uk. Neil has more than twenty years experience in networking, systems, security and technology.\n\nRegister to attend https://t.co/Gzag1iIAe1🙌 https://t.co/1AM5fqX5XC",
            "created_at": "2022-03-17T21:47:10.000Z"
        },
        {
            "id": "1504574474041049098",
            "author_id": "883397967847202816",
            "text": "@bt_uk why is the internet service so poor just now? It’s been like this for days!",
            "created_at": "2022-03-17T21:44:42.000Z"
        },
        {
            "id": "1504570595236794370",
            "referenced_tweets": [
                {
                    "type": "replied_to",
                    "id": "1504568364504690690"
                }
            ],
            "author_id": "609949647",
            "text": "@bt_uk @OpenreachHelp  ? what is this box for ?",
            "created_at": "2022-03-17T21:29:18.000Z"
        },
        {
            "id": "1504569489203023878",
            "author_id": "251126481",
            "text": "@bt_uk 10 days no internet and2 no show engineers . Over 4 hours on phone and more promises. Why is it do to get a good service any more ????",
            "created_at": "2022-03-17T21:24:54.000Z"
        },
        {
            "id": "1504568842923749377",
            "author_id": "251126481",
            "text": "@bt_uk",
            "created_at": "2022-03-17T21:22:20.000Z"
        },
        {
            "id": "1504568643593682947",
            "referenced_tweets": [
                {
                    "type": "replied_to",
                    "id": "1504549811093180430"
                }
            ],
            "author_id": "3128112848",
            "text": "@iles_benjo @bt_uk Yeah good luck with that @iles_benjo!",
            "created_at": "2022-03-17T21:21:32.000Z"
        },
        {
            "id": "1504566373472735235",
            "referenced_tweets": [
                {
                    "type": "replied_to",
                    "id": "1504412848901996546"
                }
            ],
            "author_id": "609949647",
            "text": "@bt_uk ok.  thx.  Will do. but what is this big for !?",
            "created_at": "2022-03-17T21:12:31.000Z"
        },
        {
            "id": "1504565142893338628",
            "referenced_tweets": [
                {
                    "type": "replied_to",
                    "id": "1504542068097622017"
                }
            ],
            "author_id": "219801791",
            "text": "@bt_uk Yes so she reported the failure on the 1st. 3 working days after that you had to try and fix it. So she’s had 13 days without any service = £104.78. Is that not correct. Hopefully it will be fixed tomorrow and the fee won’t get bigger.",
            "created_at": "2022-03-17T21:07:38.000Z"
        },
        {
            "id": "1504563326747131919",
            "author_id": "1418290454064422918",
            "text": "💩 to @bt_uk because Poor connection when windy also speeds are …\n\nBT in United Kingdom: speed, performance, outages and user reviews\n👉 https://t.co/cR38SCsiK3\n\n#fing #internet #BT\n\nvia @fingapp @outagedetect",
            "created_at": "2022-03-17T21:00:25.000Z"
        },
        {
            "id": "1504561599515930624",
            "referenced_tweets": [
                {
                    "type": "replied_to",
                    "id": "1504545282838646790"
                }
            ],
            "author_id": "1434858623704969218",
            "text": "@bt_uk 5 days, 2 cancelled engineers and 4 phone calls later yes it was indeed fixed thank you",
            "created_at": "2022-03-17T20:53:33.000Z"
        },
        {
            "id": "1504554616255664133",
            "referenced_tweets": [
                {
                    "type": "replied_to",
                    "id": "1486742379528863751"
                }
            ],
            "author_id": "1340539185430749184",
            "text": "@BTBusiness people.... @CommunityFibre 1gb/s up&amp;down for the same price (£50) as what @bt_uk charges for FTTC @ 300mb/s Down and 40mb/s up.  \n\nI signed up installation was simple can clean.",
            "created_at": "2022-03-17T20:25:48.000Z"
        },
        {
            "id": "1504552330032816132",
            "referenced_tweets": [
                {
                    "type": "replied_to",
                    "id": "1504370404307177476"
                }
            ],
            "author_id": "154541153",
            "text": "@IndoPilot @bt_uk Well check the small print. I’m having night mares with BT based on guaranteed speeds v performance!",
            "created_at": "2022-03-17T20:16:43.000Z"
        },
        {
            "id": "1504549811093180430",
            "author_id": "785912719081934848",
            "text": "V poor service from @bt_uk No home broadband service since Saturday &amp; two booked appointments this week where engineer has failed to turn up. As a physically disabled person, I now face another weekend with no access to the assistive smart devices that I very much rely on... :-(",
            "created_at": "2022-03-17T20:06:42.000Z"
        },
        {
            "id": "1504548247712538642",
            "author_id": "1249706284246536193",
            "text": "@bt_uk you’ll be hearing from our lawyers… https://t.co/yXMKtENz7I",
            "created_at": "2022-03-17T20:00:30.000Z"
        },
        {
            "id": "1504546150971588615",
            "referenced_tweets": [
                {
                    "type": "replied_to",
                    "id": "1504545451466448899"
                }
            ],
            "author_id": "972973651007025152",
            "text": "@bt_uk Still waiting to see if virgin media ever get back to me I've been waiting 3 days now",
            "created_at": "2022-03-17T19:52:10.000Z"
        },
        {
            "id": "1504541792544468993",
            "referenced_tweets": [
                {
                    "type": "replied_to",
                    "id": "1504541790065598465"
                }
            ],
            "author_id": "1065627500775116800",
            "text": "@theroyaleditor The week @Telegraph @guardian\n#Savile story &amp; @DiscoveryUK doc my @bt_uk landline  @O2 mob. were shut down\n\n@MetCC @metpoliceuk @PoliceChiefs @NCA_UK\n@policeconduct @netpol @UN @DameLynneOwens\n@policecommander @WMerciaPolice @sussex_police\n\nhttps://t.co/WZH2yT9BPB",
            "created_at": "2022-03-17T19:34:51.000Z"
        },
        {
            "id": "1504541790065598465",
            "referenced_tweets": [
                {
                    "type": "replied_to",
                    "id": "1504541787041550341"
                }
            ],
            "author_id": "1065627500775116800",
            "text": "@theroyaleditor The week @Telegraph @guardian\n#Savile story &amp; @DiscoveryUK doc my @bt_uk landline  @O2 mob. were shut down\n\n@MetCC @metpoliceuk @PoliceChiefs @NCA_UK\n@policeconduct @netpol @UN @DameLynneOwens\n@policecommander @WMerciaPolice @sussex_police\nhttps://t.co/dLOzw3FqpY",
            "created_at": "2022-03-17T19:34:50.000Z"
        },
        {
            "id": "1504541787041550341",
            "referenced_tweets": [
                {
                    "type": "replied_to",
                    "id": "1504541784600363009"
                }
            ],
            "author_id": "1065627500775116800",
            "text": "@theroyaleditor The week @Telegraph @guardian\n#Savile story &amp; @DiscoveryUK doc my @bt_uk landline  @O2 mob. were shut down\n\n@MetCC @metpoliceuk @PoliceChiefs @NCA_UK\n@policeconduct @netpol @UN @DameLynneOwens\n@policecommander @WMerciaPolice @sussex_police\n\nhttps://t.co/zLmhPVEkrs",
            "created_at": "2022-03-17T19:34:49.000Z"
        },
        {
            "id": "1504541781727326213",
            "referenced_tweets": [
                {
                    "type": "replied_to",
                    "id": "1504541779147776006"
                }
            ],
            "author_id": "1065627500775116800",
            "text": "@theroyaleditor The week @Telegraph @guardian\n#Savile story &amp; @DiscoveryUK doc my @bt_uk landline  @O2 mob. were shut down\n\n@MetCC @metpoliceuk @PoliceChiefs @NCA_UK\n@policeconduct @netpol @UN @DameLynneOwens\n@policecommander @WMerciaPolice @sussex_police https://t.co/03Dq8DeNVM",
            "created_at": "2022-03-17T19:34:48.000Z"
        },
        {
            "id": "1504541779147776006",
            "referenced_tweets": [
                {
                    "type": "replied_to",
                    "id": "1504541775016480771"
                }
            ],
            "author_id": "1065627500775116800",
            "text": "@theroyaleditor The week @Telegraph @guardian\n#Savile story &amp; @DiscoveryUK doc my @bt_uk landline  @O2 mob. were shut down\n\n@MetCC @metpoliceuk @PoliceChiefs @NCA_UK\n@policeconduct @netpol @UN @DameLynneOwens\n@policecommander @WMerciaPolice @sussex_police https://t.co/BbDjKquOqM",
            "created_at": "2022-03-17T19:34:47.000Z"
        },
        {
            "id": "1504541775016480771",
            "referenced_tweets": [
                {
                    "type": "quoted",
                    "id": "1501411815611416583"
                },
                {
                    "type": "replied_to",
                    "id": "1504541771258372102"
                }
            ],
            "author_id": "1065627500775116800",
            "text": "@theroyaleditor The week @Telegraph @guardian\n\n#Savile story &amp; @DiscoveryUK doc my @bt_uk\nlandline @O2 mob. were shut down\n\n@MetCC @metpoliceuk @PoliceChiefs @NCA_UK @policeconduct @netpol @UN @DameLynneOwens\n@policecommander @WMerciaPolice @sussex_police\n\nhttps://t.co/HSMA4NYi0y",
            "created_at": "2022-03-17T19:34:46.000Z"
        },
        {
            "id": "1504541761804382212",
            "referenced_tweets": [
                {
                    "type": "replied_to",
                    "id": "1504492621099675659"
                }
            ],
            "author_id": "219801791",
            "text": "@bt_uk So as you are currently 16 days without fixing it - 3 days, she’s be entitled to a £104.78 refund? A new appointment has been made for tomorrow but they’ve cancelled or not shown up 4 times so far.",
            "created_at": "2022-03-17T19:34:43.000Z"
        },
        {
            "id": "1504541310233022482",
            "referenced_tweets": [
                {
                    "type": "replied_to",
                    "id": "1504537241992978446"
                }
            ],
            "author_id": "1357358888119652352",
            "text": "@MFozzii @btsportfootball @btsport @bt_uk Of course it was more important",
            "created_at": "2022-03-17T19:32:56.000Z"
        },
        {
            "id": "1504540992141152257",
            "referenced_tweets": [
                {
                    "type": "replied_to",
                    "id": "1504540082946064389"
                }
            ],
            "author_id": "1479831345752944640",
            "text": "@bt_uk It's nice to be able to praise good service when received also, cause we can be guilty of showing displeasure rather quickly. Thank you.",
            "created_at": "2022-03-17T19:31:40.000Z"
        },
        {
            "id": "1504539590769664002",
            "author_id": "1479831345752944640",
            "text": "That's more like the customer service consumers want from big companies @bt_uk 👏👏 Thank you to Gabby from Newcastle.",
            "created_at": "2022-03-17T19:26:06.000Z"
        },
        {
            "id": "1504538350253969413",
            "author_id": "4892425227",
            "text": "@bt_uk hello I am being chased for a router that I returned, just checked the Post Office tracking and it says that it was delivered on Wednesday 9th March 2022..can it be marked on your systems that it has been returned - thanks.",
            "created_at": "2022-03-17T19:21:10.000Z"
        },
        {
            "id": "1504537241992978446",
            "author_id": "1192554980114403329",
            "text": "So I have to miss the first 15 minutes of Roma vs Vitesse game because BT decided having 15 minutes extra waffle after the Leicester game was more important 🙄🙄🙄\n\n#UECL #ASRoma #RomaVitesse @btsportfootball @btsport @bt_uk https://t.co/Sk1SnBrAIi",
            "created_at": "2022-03-17T19:16:46.000Z"
        },
        {
            "id": "1504534090401431555",
            "referenced_tweets": [
                {
                    "type": "replied_to",
                    "id": "1504510592203243527"
                }
            ],
            "author_id": "1306878877558607873",
            "text": "@FMDoop @bt_uk @bt_uk suppose you’re going to pretend you can’t see this one &amp; not reply like you did the previous posts?",
            "created_at": "2022-03-17T19:04:14.000Z"
        },
        {
            "id": "1504533288324632587",
            "referenced_tweets": [
                {
                    "type": "replied_to",
                    "id": "1504532434557325315"
                }
            ],
            "author_id": "574808195",
            "text": "@bt_uk In using a streaming device. But I have used 2 diff types, desktop app and browser, and it's always the same",
            "created_at": "2022-03-17T19:01:03.000Z"
        },
        {
            "id": "1504532048068943882",
            "referenced_tweets": [
                {
                    "type": "replied_to",
                    "id": "1504531463773040645"
                }
            ],
            "author_id": "574808195",
            "text": "@bt_uk I only have 1 TV Aerial in the house, and it's not in this room :(",
            "created_at": "2022-03-17T18:56:07.000Z"
        },
        {
            "id": "1504531380486778886",
            "referenced_tweets": [
                {
                    "type": "replied_to",
                    "id": "1504499912725180421"
                }
            ],
            "author_id": "2922949091",
            "text": "@bt_uk No one turn up , can you look into it please",
            "created_at": "2022-03-17T18:53:28.000Z"
        },
        {
            "id": "1504530926130372611",
            "author_id": "574808195",
            "text": "I'd love to relax in front of the TV and watch interior design masters... Shame BBC iPlayer is a bag of wank and buffers every 5 seconds. And if that's due to the connection, that's BT - also a huge bag of wank. \n@BBCiPlayer @bt_uk",
            "created_at": "2022-03-17T18:51:40.000Z"
        },
        {
            "id": "1504530578569367560",
            "author_id": "970524464",
            "text": "@bt_uk can you explain why I am still paying for a landline and minutes on my account, when it is all now done digitally through my fibre broadband and hub??  Surely there should be a reduction in charge as you are providing less services?",
            "created_at": "2022-03-17T18:50:17.000Z"
        },
        {
            "id": "1504528006303428610",
            "author_id": "334780738",
            "text": "@bt_uk any chance if internet in the Mk area been down since 2pm?!",
            "created_at": "2022-03-17T18:40:04.000Z"
        },
        {
            "id": "1504527582288617472",
            "referenced_tweets": [
                {
                    "type": "replied_to",
                    "id": "1504526679674396673"
                }
            ],
            "author_id": "17961773",
            "text": "@bt_uk Thank you Paddy, I will DM you now",
            "created_at": "2022-03-17T18:38:23.000Z"
        },
        {
            "id": "1504525313442816000",
            "author_id": "2753579030",
            "text": "@bt_uk Hey, my Hub has been flashing orange for the past day and won't connect, any suggestions? thanks :D",
            "created_at": "2022-03-17T18:29:22.000Z"
        },
        {
            "id": "1504525207310159880",
            "referenced_tweets": [
                {
                    "type": "replied_to",
                    "id": "1504519199275823106"
                }
            ],
            "author_id": "1383068708",
            "text": "@bt_uk Yes this was resolved",
            "created_at": "2022-03-17T18:28:56.000Z"
        },
        {
            "id": "1504525153937633282",
            "author_id": "17961773",
            "text": "@bt_uk \nMy housebound frail elderly mother's landline has not worked since 21st Feb. She relies on it as only means of communication &amp; for lifeline in case of fall. Despite many promises and missed deadlines I'm now told it will be fixed 4th April! Six weeks! Cont.",
            "created_at": "2022-03-17T18:28:44.000Z"
        },
        {
            "id": "1504524271086878722",
            "referenced_tweets": [
                {
                    "type": "replied_to",
                    "id": "1503868422790254593"
                }
            ],
            "author_id": "722891741318234116",
            "text": "@PrincessMagick @bt_uk Yes it did by the time I got up in the morning ☺️",
            "created_at": "2022-03-17T18:25:13.000Z"
        },
        {
            "id": "1504524169307987975",
            "referenced_tweets": [
                {
                    "type": "replied_to",
                    "id": "1504512647093444621"
                }
            ],
            "author_id": "746530775395368961",
            "text": "@bt_uk I was promised that within 15 mins. Got confirmation instead 🤷‍♀️",
            "created_at": "2022-03-17T18:24:49.000Z"
        },
        {
            "id": "1504523648799068164",
            "referenced_tweets": [
                {
                    "type": "replied_to",
                    "id": "1504512647093444621"
                }
            ],
            "author_id": "746530775395368961",
            "text": "@bt_uk 🤞🤞asap",
            "created_at": "2022-03-17T18:22:45.000Z"
        },
        {
            "id": "1504520603583361062",
            "author_id": "56783725",
            "text": "@bt_uk Why can't I watch Bayer Leverkusen v Atalanta on the bt sport app for my xbox? what am i actually paying for?",
            "created_at": "2022-03-17T18:10:39.000Z"
        },
        {
            "id": "1504520125256503296",
            "referenced_tweets": [
                {
                    "type": "replied_to",
                    "id": "1504510592203243527"
                }
            ],
            "author_id": "1107555037079920640",
            "text": "@FMDoop @bt_uk What a pisstske",
            "created_at": "2022-03-17T18:08:45.000Z"
        },
        {
            "id": "1504518165216301073",
            "referenced_tweets": [
                {
                    "type": "replied_to",
                    "id": "1504513203392458758"
                }
            ],
            "author_id": "2968265980",
            "text": "@Josh030792 @bt_uk I dont think so.",
            "created_at": "2022-03-17T18:00:57.000Z"
        },
        {
            "id": "1504517527619186692",
            "author_id": "40054877",
            "text": "@bt_uk hello I sent back my home kit 3 weeks ago but I keep getting emails saying you haven't received it. Can you please advise?",
            "created_at": "2022-03-17T17:58:25.000Z"
        },
        {
            "id": "1504517211255447554",
            "author_id": "777051017254989824",
            "text": "Fifty seven days later and I FINALLY have @bt_uk internet again 🎉🙌🏾",
            "created_at": "2022-03-17T17:57:10.000Z"
        },
        {
            "id": "1504516153166737419",
            "referenced_tweets": [
                {
                    "type": "replied_to",
                    "id": "1504515840754032647"
                }
            ],
            "author_id": "3435909237",
            "text": "@FMDoop @bt_uk Oh ffs bt!!! It's not hard to do a active line takeover !!! They do this alot!! I'm sure they use this as a way to keep you with them",
            "created_at": "2022-03-17T17:52:58.000Z"
        },
        {
            "id": "1504515840754032647",
            "referenced_tweets": [
                {
                    "type": "replied_to",
                    "id": "1504513257431834627"
                }
            ],
            "author_id": "2968265980",
            "text": "@foxes_fm @bt_uk Instead of swapping the line back. They put a cease on the line till Saturday and told me my transfer date was tomorrow. So it cancelled my sky order and I have to put a new one on Saturday. Sky have told me it could take 7-14 days.",
            "created_at": "2022-03-17T17:51:43.000Z"
        },
        {
            "id": "1504513733258887173",
            "referenced_tweets": [
                {
                    "type": "replied_to",
                    "id": "1504511342874705924"
                }
            ],
            "author_id": "25534991",
            "text": "@FMDoop @bt_uk Do they know you risen from the Dong to be the Juventus manager? :p",
            "created_at": "2022-03-17T17:43:21.000Z"
        },
        {
            "id": "1504513517126393860",
            "referenced_tweets": [
                {
                    "type": "replied_to",
                    "id": "1504513367096147972"
                }
            ],
            "author_id": "1268872574093623298",
            "text": "@bt_uk Done in dms",
            "created_at": "2022-03-17T17:42:29.000Z"
        },
        {
            "id": "1504513257431834627",
            "referenced_tweets": [
                {
                    "type": "replied_to",
                    "id": "1504510592203243527"
                }
            ],
            "author_id": "3435909237",
            "text": "@FMDoop @bt_uk what have they done!?",
            "created_at": "2022-03-17T17:41:27.000Z"
        },
        {
            "id": "1504513203392458758",
            "referenced_tweets": [
                {
                    "type": "replied_to",
                    "id": "1504510592203243527"
                }
            ],
            "author_id": "267826702",
            "text": "@FMDoop @bt_uk Thank god for unlimited mobile data. I doubt the upload is good enough to stream though?",
            "created_at": "2022-03-17T17:41:14.000Z"
        },
        {
            "id": "1504512779696455691",
            "referenced_tweets": [
                {
                    "type": "replied_to",
                    "id": "1504511268501270536"
                }
            ],
            "author_id": "1268872574093623298",
            "text": "@bt_uk Check your DMs",
            "created_at": "2022-03-17T17:39:33.000Z"
        },
        {
            "id": "1504512091935420421",
            "referenced_tweets": [
                {
                    "type": "replied_to",
                    "id": "1504510592203243527"
                }
            ],
            "author_id": "96398473",
            "text": "@FMDoop @bt_uk Wow. Travesty of a company",
            "created_at": "2022-03-17T17:36:49.000Z"
        },
        {
            "id": "1504511878453682182",
            "referenced_tweets": [
                {
                    "type": "replied_to",
                    "id": "1504508971482288134"
                }
            ],
            "author_id": "746530775395368961",
            "text": "Just to be 100% clear @BT_uk... I...wish...to...CANCEL.\nNo you cannot have a direct debit,\nI will see you in court first.\nJust... https://t.co/kIeI9QKup1",
            "created_at": "2022-03-17T17:35:58.000Z"
        },
        {
            "id": "1504511342874705924",
            "referenced_tweets": [
                {
                    "type": "replied_to",
                    "id": "1504511104357126144"
                }
            ],
            "author_id": "2968265980",
            "text": "@TimLumb @bt_uk I just want to cry.",
            "created_at": "2022-03-17T17:33:51.000Z"
        },
        {
            "id": "1504511307768336385",
            "referenced_tweets": [
                {
                    "type": "replied_to",
                    "id": "1504510938963226628"
                }
            ],
            "author_id": "2968265980",
            "text": "@fkacass @bt_uk I honestly don’t know. It’s madness.",
            "created_at": "2022-03-17T17:33:42.000Z"
        },
        {
            "id": "1504511268501270536",
            "referenced_tweets": [
                {
                    "type": "replied_to",
                    "id": "1504510934466928642"
                }
            ],
            "author_id": "1268872574093623298",
            "text": "@bt_uk I will reply in dms right now",
            "created_at": "2022-03-17T17:33:33.000Z"
        },
        {
            "id": "1504511104357126144",
            "referenced_tweets": [
                {
                    "type": "replied_to",
                    "id": "1504510592203243527"
                }
            ],
            "author_id": "25534991",
            "text": "@FMDoop @bt_uk What morons.",
            "created_at": "2022-03-17T17:32:54.000Z"
        },
        {
            "id": "1504510938963226628",
            "referenced_tweets": [
                {
                    "type": "replied_to",
                    "id": "1504510592203243527"
                }
            ],
            "author_id": "2391903919",
            "text": "@FMDoop @bt_uk Is there a single point where you haven't been shafted by BT in this entire time you've been with them? 😂",
            "created_at": "2022-03-17T17:32:14.000Z"
        },
        {
            "id": "1504510636881059846",
            "referenced_tweets": [
                {
                    "type": "replied_to",
                    "id": "1504510317140889601"
                }
            ],
            "author_id": "1268872574093623298",
            "text": "@bt_uk Just popped me off hold to put me on hold again without talking for a second time. He hasnt returned back on the line. \n\nWhy is it so difficult to get this sorted?",
            "created_at": "2022-03-17T17:31:02.000Z"
        },
        {
            "id": "1504510592203243527",
            "author_id": "2968265980",
            "text": "So at the moment my internet is getting cut off at midnight. But @bt_uk have done it in a way that my new provider can’t take the line over. This means I will be without internet for the next 7-14 days. Anyone in the area have a spare room I can stream from for the next 2 weeks. https://t.co/iod6lDIiOm",
            "created_at": "2022-03-17T17:30:52.000Z"
        },
        {
            "id": "1504509885064654857",
            "referenced_tweets": [
                {
                    "type": "replied_to",
                    "id": "1504509344972517376"
                }
            ],
            "author_id": "1268872574093623298",
            "text": "@bt_uk Dm sent",
            "created_at": "2022-03-17T17:28:03.000Z"
        },
        {
            "id": "1504509550573015042",
            "author_id": "747670118",
            "text": "Phone scammers on a prowl again #Shetland @bt_uk land-line scam.",
            "created_at": "2022-03-17T17:26:43.000Z"
        },
        {
            "id": "1504509005653291011",
            "referenced_tweets": [
                {
                    "type": "replied_to",
                    "id": "1504508512415715333"
                }
            ],
            "author_id": "1268872574093623298",
            "text": "@bt_uk He has me listening to music for over 10mins i cant speak with anyone to escalate. \n\nThis is a disgrace for a something im paying for how im being treated",
            "created_at": "2022-03-17T17:24:34.000Z"
        },
        {
            "id": "1504508139756003337",
            "referenced_tweets": [
                {
                    "type": "replied_to",
                    "id": "1504507520152440838"
                }
            ],
            "author_id": "1268872574093623298",
            "text": "@bt_uk He just took me of hold to hear me say hi, then put me on hold again",
            "created_at": "2022-03-17T17:21:07.000Z"
        },
        {
            "id": "1504507520152440838",
            "referenced_tweets": [
                {
                    "type": "replied_to",
                    "id": "1504507320415444996"
                }
            ],
            "author_id": "1268872574093623298",
            "text": "@bt_uk No, put me on hold without warning after i asked to stop raising their voice at me",
            "created_at": "2022-03-17T17:18:39.000Z"
        },
        {
            "id": "1504507211782967299",
            "referenced_tweets": [
                {
                    "type": "replied_to",
                    "id": "1504506865568391181"
                }
            ],
            "author_id": "1152889642775187456",
            "text": "@conal007 @bt_uk All broadband companies are pretty horrific 💀",
            "created_at": "2022-03-17T17:17:26.000Z"
        },
        {
            "id": "1504506865568391181",
            "author_id": "1268872574093623298",
            "text": "Just on the phone trying to resolve an issue with @bt_uk \n\nI asked the advisor to stop raising their voice at me and they have put me on hold for no reason.\n\nI have a legitimate issue trying to get resolved. This is a shambles of customer service. Been over 5minutes",
            "created_at": "2022-03-17T17:16:03.000Z"
        },
        {
            "id": "1504506507676864515",
            "referenced_tweets": [
                {
                    "type": "replied_to",
                    "id": "1504506154340261891"
                }
            ],
            "author_id": "103928905",
            "text": "@bt_uk Apparently, I will receive a call tomorrow morning to see how the changeover has gone.",
            "created_at": "2022-03-17T17:14:38.000Z"
        }
    ],
    "includes": {
        "users": [
            {
                "location": "Pembrokeshire",
                "name": "Eirian Price",
                "username": "eirianp",
                "id": "307513258"
            },
            {
                "location": "London",
                "name": "Jordan Dias",
                "username": "jordandias",
                "id": "27967676"
            },
            {
                "location": "Newbuildings Co. Londonderry",
                "name": "The Truth is",
                "username": "snipesAsterisk",
                "id": "271090622"
            },
            {
                "location": "Wales, United Kingdom",
                "name": "FMFO Official",
                "username": "FMFO_OFFICIAL",
                "id": "1410358739329236996"
            },
            {
                "location": "North West, England",
                "name": "Andy Seddon",
                "username": "aseddon9463",
                "id": "2404728442"
            },
            {
                "location": "North Wales",
                "name": "Dr Rebecca Williams",
                "username": "Smart_Climbing",
                "id": "20674304"
            },
            {
                "name": "gage",
                "username": "Cxlxnel",
                "id": "970685762076381184"
            },
            {
                "location": "Newcastle, England",
                "name": "Drew",
                "username": "f0resttemple",
                "id": "1430061584211226626"
            },
            {
                "location": "England, United Kingdom",
                "name": "NeverInTheWorld",
                "username": "wkd666",
                "id": "30629175"
            },
            {
                "location": "North Atlantic ",
                "name": "Captain Hastings stan account",
                "username": "Denicio",
                "id": "21611174"
            },
            {
                "name": "Aaron ツ",
                "username": "AaronGrif__",
                "id": "334780738"
            },
            {
                "name": "Jane Worsley",
                "username": "JaneyWorsley",
                "id": "20468331"
            },
            {
                "name": "Stephen Sloan",
                "username": "Sloanaldo",
                "id": "244264886"
            },
            {
                "location": "London",
                "name": "Paulondres",
                "username": "Paulondres",
                "id": "609949647"
            },
            {
                "location": "ludlow",
                "name": "Stephen gray",
                "username": "Grays85",
                "id": "27838023"
            },
            {
                "name": "GraffitiArt&Soul",
                "username": "GraffitiDocFilm",
                "id": "1482057450316517382"
            },
            {
                "location": "Lostock Hall",
                "name": "ⱠØ₴₮Ø₵₭ Ⱨ₳ⱠⱠ ⱧɆ₦₲Ɇ 💙",
                "username": "Lostock_Henge",
                "id": "771424857817018368"
            },
            {
                "location": "United Kingdom",
                "name": "Pav",
                "username": "ProTuneHD",
                "id": "888903945929863168"
            },
            {
                "name": "Ben Iles",
                "username": "iles_benjo",
                "id": "785912719081934848"
            },
            {
                "name": "Tony",
                "username": "Tonysmini",
                "id": "737451626"
            },
            {
                "location": "Lancashire, England",
                "name": "Mark Tuson",
                "username": "TheMarkTuson",
                "id": "262292689"
            },
            {
                "location": "ÜT: 30.300917,-97.745453",
                "name": "RCR Wireless News",
                "username": "rcrwirelessnews",
                "id": "40892552"
            },
            {
                "location": "England, United Kingdom",
                "name": "Nicola 💙",
                "username": "Arrhythmianurse",
                "id": "883397967847202816"
            },
            {
                "location": "Watford, East",
                "name": "Chris Allen",
                "username": "drmick12345",
                "id": "251126481"
            },
            {
                "location": "England, United Kingdom",
                "name": "Ruth",
                "username": "suter_ruth",
                "id": "3128112848"
            },
            {
                "name": "Paul Stapleton",
                "username": "PaulStapletonPS",
                "id": "219801791"
            },
            {
                "name": "Gordon Milligan",
                "username": "GordonMilligan4",
                "id": "1418290454064422918"
            },
            {
                "name": "Twisted Visions Media",
                "username": "MrTwistedVision",
                "id": "1434858623704969218"
            },
            {
                "location": "Divided Kingdom  (GB)",
                "name": "🇯🇲 Fyew-jit-tiv 🇮🇪 - INTJ",
                "username": "VizibleDarkness",
                "id": "1340539185430749184"
            },
            {
                "location": "London",
                "name": "Adam Wheatley",
                "username": "Aldamski",
                "id": "154541153"
            },
            {
                "location": "Wolverhampton, England",
                "name": "Ow Am Ya? Theatre Company",
                "username": "owamyatheatreco",
                "id": "1249706284246536193"
            },
            {
                "location": "United Kingdom",
                "name": "Sheriene",
                "username": "sheriene_hannah",
                "id": "972973651007025152"
            },
            {
                "name": "Sue Chester 🕊️🕊️🕊️🕊️🕊️🕊️🕊️🕊️🕊️🕊️🕊️🕊️",
                "username": "SueChester7",
                "id": "1065627500775116800"
            },
            {
                "name": "Robert Ford",
                "username": "RobertF21602271",
                "id": "1357358888119652352"
            },
            {
                "location": "Scotland, United Kingdom",
                "name": "Kris Barbour",
                "username": "TheGingerGuy22",
                "id": "1479831345752944640"
            },
            {
                "location": "London, England",
                "name": "Craig R🌹🤔",
                "username": "craigr98_2016",
                "id": "4892425227"
            },
            {
                "location": "England",
                "name": "Matt 'Fozzii' Braxton",
                "username": "MFozzii",
                "id": "1192554980114403329"
            },
            {
                "location": "England, United Kingdom",
                "name": "UTD🔰",
                "username": "UTD22_",
                "id": "1306878877558607873"
            },
            {
                "location": "Wales",
                "name": "Katie Schön-Love",
                "username": "love_kitkat",
                "id": "574808195"
            },
            {
                "location": "Bury, England",
                "name": "John Ward",
                "username": "johnward1992",
                "id": "2922949091"
            },
            {
                "name": "Al",
                "username": "almacleod79",
                "id": "970524464"
            },
            {
                "location": "Chester",
                "name": "Aspires to be Barbara but may actually be Margo",
                "username": "zenabee",
                "id": "17961773"
            },
            {
                "location": "London, England",
                "name": "James Taylor",
                "username": "JamesATpost",
                "id": "2753579030"
            },
            {
                "name": "Jamie Harradine",
                "username": "jamieharradine1",
                "id": "1383068708"
            },
            {
                "location": "Malvern",
                "name": "Amy Forster-Smith",
                "username": "AmyForsterSmith",
                "id": "722891741318234116"
            },
            {
                "location": "Liverpool in Europe",
                "name": "Liverpool Naturopath",
                "username": "Aunty_Tori",
                "id": "746530775395368961"
            },
            {
                "location": "OLD TRAFFORD",
                "name": "Tacitus Kilgore",
                "username": "jackmufc92",
                "id": "56783725"
            },
            {
                "name": "Kieran | MurphFM",
                "username": "MurphFM_",
                "id": "1107555037079920640"
            },
            {
                "location": "doop@5starpotential.com",
                "name": "Doop",
                "username": "FMDoop",
                "id": "2968265980"
            },
            {
                "location": "Home, work or in my car",
                "name": "Chelle MacGillivray",
                "username": "chellemacgill",
                "id": "40054877"
            },
            {
                "location": "London, England",
                "name": "Akif",
                "username": "Ak1fK",
                "id": "777051017254989824"
            },
            {
                "location": "Hinckley, England",
                "name": "Michael Read",
                "username": "foxes_fm",
                "id": "3435909237"
            },
            {
                "location": "Manchester",
                "name": "Tim!",
                "username": "TimLumb",
                "id": "25534991"
            },
            {
                "location": "Northern Ireland",
                "name": "WarmConal007",
                "username": "conal007",
                "id": "1268872574093623298"
            },
            {
                "location": "Yorkshire",
                "name": "Josh",
                "username": "Josh030792",
                "id": "267826702"
            },
            {
                "location": "Redditch, England",
                "name": "Nick Thompson",
                "username": "Nicoli_Gamer",
                "id": "96398473"
            },
            {
                "name": "Alex, maybe.",
                "username": "fkacass",
                "id": "2391903919"
            },
            {
                "location": "Vagr, Nordlige Øer og Ǫmstr",
                "name": "Si",
                "username": "LeedsInShetland",
                "id": "747670118"
            },
            {
                "location": "UK",
                "name": "KJD",
                "username": "xxkjdplayzzz",
                "id": "1152889642775187456"
            },
            {
                "location": "England",
                "name": "Andy Bramley",
                "username": "OO09ARB",
                "id": "103928905"
            }
        ],
        "tweets": [
            {
                "id": "1504510592203243527",
                "author_id": "2968265980",
                "text": "So at the moment my internet is getting cut off at midnight. But @bt_uk have done it in a way that my new provider can’t take the line over. This means I will be without internet for the next 7-14 days. Anyone in the area have a spare room I can stream from for the next 2 weeks. https://t.co/iod6lDIiOm",
                "created_at": "2022-03-17T17:30:52.000Z"
            },
            {
                "id": "1504745455544066048",
                "referenced_tweets": [
                    {
                        "type": "replied_to",
                        "id": "1504744860624031746"
                    }
                ],
                "author_id": "118750085",
                "text": "@aseddon9463 I have give you the options available too you Andy to get the Monthly Sport pass. ^Clare",
                "created_at": "2022-03-18T09:04:08.000Z"
            },
            {
                "id": "1504746099474681860",
                "referenced_tweets": [
                    {
                        "type": "replied_to",
                        "id": "1504744286511935491"
                    }
                ],
                "author_id": "118750085",
                "text": "@Smart_Climbing BT use Barclays bank Rebecca, and I'm afraid you would need to contact them directly for details of their investments and policies.\nBT are committed to minimising the impact of it's operations on the environment and you can find further detailed information on that here; ^Janet",
                "created_at": "2022-03-18T09:06:41.000Z"
            },
            {
                "id": "1504746086040227848",
                "referenced_tweets": [
                    {
                        "type": "replied_to",
                        "id": "1504745566936383489"
                    }
                ],
                "author_id": "118750085",
                "text": "@Cxlxnel If you pm the account number I'll update the fault to show it's repaired. ^Dee",
                "created_at": "2022-03-18T09:06:38.000Z"
            },
            {
                "id": "1504745906201059330",
                "author_id": "1430061584211226626",
                "text": "@OfCom we're now approaching four weeks since my line was slammed and I'm no further forward getting this resolved. @OpenreachHelp don't think i have fibre into property despite having broadband on their network for past 3 years. Provided S/N last Thursday, still not fixed. (1/2)",
                "created_at": "2022-03-18T09:05:55.000Z"
            },
            {
                "id": "1504742503693570048",
                "referenced_tweets": [
                    {
                        "type": "replied_to",
                        "id": "1504741720285761538"
                    }
                ],
                "author_id": "118750085",
                "text": "@Smart_Climbing Hi Rebecca, I'm sorry you feel you were fobbed off at BT. You can find full details at the following link;\nhttps://t.co/PAG4rGm2v6 ^Janet",
                "created_at": "2022-03-18T08:52:24.000Z"
            },
            {
                "id": "1504744661117812736",
                "referenced_tweets": [
                    {
                        "type": "replied_to",
                        "id": "1504744376647528448"
                    }
                ],
                "author_id": "118750085",
                "text": "@Cxlxnel Hi Gage, I'm really sorry the appointment can only be cancelled up to 2pm the day before. Don't worry if you're there just turn the engineer away or don't answer the door, we won't charge you for the visit. Was this for a fault or order? ^Dee",
                "created_at": "2022-03-18T09:00:58.000Z"
            },
            {
                "id": "1504743566148620299",
                "referenced_tweets": [
                    {
                        "type": "replied_to",
                        "id": "1504742900239945752"
                    }
                ],
                "author_id": "118750085",
                "text": "@aseddon9463 Sorry you feel that way Andy. I have given you an alternative routes to add the Monthly Sport pass but you are not willing to do this. ^Clare",
                "created_at": "2022-03-18T08:56:37.000Z"
            },
            {
                "id": "1504740405405003777",
                "author_id": "20674304",
                "text": "So far this year I have written to a number of companies, councillors &amp; MP/ AS representatives asking them to take action on the #ClimateEmergency Wanting to acknowledge positive responses from @Team_BMC (but yet to hear whether they will change their bank) and @siangwenfelin 1/2",
                "created_at": "2022-03-18T08:44:04.000Z"
            },
            {
                "id": "1504730960071385093",
                "referenced_tweets": [
                    {
                        "type": "replied_to",
                        "id": "1504726609777025061"
                    }
                ],
                "author_id": "118750085",
                "text": "@Sloanaldo Hi Stephen, when did your service end and what date was your bill produced? ^Aisling",
                "created_at": "2022-03-18T08:06:32.000Z"
            },
            {
                "id": "1504603969787772930",
                "referenced_tweets": [
                    {
                        "type": "replied_to",
                        "id": "1504570595236794370"
                    }
                ],
                "author_id": "737451626",
                "text": "@Paulondres @bt_uk @OpenreachHelp It’s a distribution point (DP), that will feed you and other customers so unlikely you will be able to have it removed.",
                "created_at": "2022-03-17T23:41:55.000Z"
            },
            {
                "id": "1503507360010194949",
                "referenced_tweets": [
                    {
                        "type": "replied_to",
                        "id": "1503506953275854854"
                    }
                ],
                "author_id": "118750085",
                "text": "@Sloanaldo Hi Stephen if you are and still will be a customer then this will be altered and refunded for the period without sport on the next bill. Thanks ^Aled",
                "created_at": "2022-03-14T23:04:23.000Z"
            },
            {
                "id": "1504591347638013955",
                "referenced_tweets": [
                    {
                        "type": "replied_to",
                        "id": "1504587038028357633"
                    }
                ],
                "author_id": "118750085",
                "text": "@ProTuneHD Hi Pav, as it involves an engineers visit we need to speak to the account holder. It looks like we`ve been asked to contact account holder after 12.00 tomorrow? Regards ^Sian- BT_UK Team",
                "created_at": "2022-03-17T22:51:45.000Z"
            },
            {
                "id": "1504568643593682947",
                "referenced_tweets": [
                    {
                        "type": "replied_to",
                        "id": "1504549811093180430"
                    }
                ],
                "author_id": "3128112848",
                "text": "@iles_benjo @bt_uk Yeah good luck with that @iles_benjo!",
                "created_at": "2022-03-17T21:21:32.000Z"
            },
            {
                "id": "1504570595236794370",
                "referenced_tweets": [
                    {
                        "type": "replied_to",
                        "id": "1504568364504690690"
                    }
                ],
                "author_id": "609949647",
                "text": "@bt_uk @OpenreachHelp  ? what is this box for ?",
                "created_at": "2022-03-17T21:29:18.000Z"
            },
            {
                "id": "1504568364504690690",
                "referenced_tweets": [
                    {
                        "type": "replied_to",
                        "id": "1504566373472735235"
                    }
                ],
                "author_id": "118750085",
                "text": "@Paulondres Hi Paul, Openreach will be able to advise further on what this is for as they provide the network. (I don`t know what it`s for I`m sorry) Regards ^Sian- BT_UK Team",
                "created_at": "2022-03-17T21:20:26.000Z"
            },
            {
                "id": "1504549811093180430",
                "author_id": "785912719081934848",
                "text": "V poor service from @bt_uk No home broadband service since Saturday &amp; two booked appointments this week where engineer has failed to turn up. As a physically disabled person, I now face another weekend with no access to the assistive smart devices that I very much rely on... :-(",
                "created_at": "2022-03-17T20:06:42.000Z"
            },
            {
                "id": "1504412848901996546",
                "referenced_tweets": [
                    {
                        "type": "replied_to",
                        "id": "1504404556259770368"
                    }
                ],
                "author_id": "118750085",
                "text": "@Paulondres Hi Paul\nIf you contact Openreach here - https://t.co/VOWnZHBU0I they'll be able to confirm if it can be removed. ^Lizzie",
                "created_at": "2022-03-17T11:02:28.000Z"
            },
            {
                "id": "1504542068097622017",
                "referenced_tweets": [
                    {
                        "type": "replied_to",
                        "id": "1504541761804382212"
                    }
                ],
                "author_id": "118750085",
                "text": "@PaulStapletonPS Hopefully tomorrow will go as planned  - sorry we've 3 working days to fix a fault so the compensation starts from the end of the 3rd working day up to the date it's fixed and is automatically applied to the next bill. ^Dee",
                "created_at": "2022-03-17T19:35:56.000Z"
            },
            {
                "id": "1504545282838646790",
                "referenced_tweets": [
                    {
                        "type": "replied_to",
                        "id": "1503764186723196928"
                    }
                ],
                "author_id": "118750085",
                "text": "@MrTwistedVision Hi just want to check in and see if you got things sorted or if you need any further help at all? ^Alannah",
                "created_at": "2022-03-17T19:48:43.000Z"
            },
            {
                "id": "1486742379528863751",
                "author_id": "1244045384",
                "text": "Calling all small businesses, get Superfast Essential with a show-stopping saving of £240. Offer ends 20th March. T&amp;Cs apply.",
                "created_at": "2022-01-27T16:46:20.000Z"
            },
            {
                "id": "1504370404307177476",
                "author_id": "23925124",
                "text": "Well one of these websites is lying. Judging by how slow my internet is every morning, I’m gonna go with @bt_uk https://t.co/Njdwu1bs6c",
                "created_at": "2022-03-17T08:13:48.000Z"
            },
            {
                "id": "1504545451466448899",
                "referenced_tweets": [
                    {
                        "type": "replied_to",
                        "id": "1504128217191534609"
                    }
                ],
                "author_id": "118750085",
                "text": "@sheriene_hannah Hi Sheriene just want to check in and see if you got things sorted or if you need any further help at all? ^Alannah",
                "created_at": "2022-03-17T19:49:23.000Z"
            },
            {
                "id": "1504541790065598465",
                "referenced_tweets": [
                    {
                        "type": "replied_to",
                        "id": "1504541787041550341"
                    }
                ],
                "author_id": "1065627500775116800",
                "text": "@theroyaleditor The week @Telegraph @guardian\n#Savile story &amp; @DiscoveryUK doc my @bt_uk landline  @O2 mob. were shut down\n\n@MetCC @metpoliceuk @PoliceChiefs @NCA_UK\n@policeconduct @netpol @UN @DameLynneOwens\n@policecommander @WMerciaPolice @sussex_police\nhttps://t.co/dLOzw3FqpY",
                "created_at": "2022-03-17T19:34:50.000Z"
            },
            {
                "id": "1504541787041550341",
                "referenced_tweets": [
                    {
                        "type": "replied_to",
                        "id": "1504541784600363009"
                    }
                ],
                "author_id": "1065627500775116800",
                "text": "@theroyaleditor The week @Telegraph @guardian\n#Savile story &amp; @DiscoveryUK doc my @bt_uk landline  @O2 mob. were shut down\n\n@MetCC @metpoliceuk @PoliceChiefs @NCA_UK\n@policeconduct @netpol @UN @DameLynneOwens\n@policecommander @WMerciaPolice @sussex_police\n\nhttps://t.co/zLmhPVEkrs",
                "created_at": "2022-03-17T19:34:49.000Z"
            },
            {
                "id": "1504541784600363009",
                "referenced_tweets": [
                    {
                        "type": "replied_to",
                        "id": "1504541781727326213"
                    }
                ],
                "author_id": "1065627500775116800",
                "text": "@theroyaleditor Someone with power to misuse blocked news re #PrinceAndrew protests [except \n@GraziaUK @Daily_Express] @BBCBreaking\n@BBCWorld @itvnews @Channel4News..\n\n@MetCC @PoliceChiefs @NCA_UK @netpol @UN\n@DameLynneOwens @WMerciaPolice @sussex_police\n\nhttps://t.co/QazTqKFrEy",
                "created_at": "2022-03-17T19:34:49.000Z"
            },
            {
                "id": "1504541779147776006",
                "referenced_tweets": [
                    {
                        "type": "replied_to",
                        "id": "1504541775016480771"
                    }
                ],
                "author_id": "1065627500775116800",
                "text": "@theroyaleditor The week @Telegraph @guardian\n#Savile story &amp; @DiscoveryUK doc my @bt_uk landline  @O2 mob. were shut down\n\n@MetCC @metpoliceuk @PoliceChiefs @NCA_UK\n@policeconduct @netpol @UN @DameLynneOwens\n@policecommander @WMerciaPolice @sussex_police https://t.co/BbDjKquOqM",
                "created_at": "2022-03-17T19:34:47.000Z"
            },
            {
                "id": "1504541775016480771",
                "referenced_tweets": [
                    {
                        "type": "quoted",
                        "id": "1501411815611416583"
                    },
                    {
                        "type": "replied_to",
                        "id": "1504541771258372102"
                    }
                ],
                "author_id": "1065627500775116800",
                "text": "@theroyaleditor The week @Telegraph @guardian\n\n#Savile story &amp; @DiscoveryUK doc my @bt_uk\nlandline @O2 mob. were shut down\n\n@MetCC @metpoliceuk @PoliceChiefs @NCA_UK @policeconduct @netpol @UN @DameLynneOwens\n@policecommander @WMerciaPolice @sussex_police\n\nhttps://t.co/HSMA4NYi0y",
                "created_at": "2022-03-17T19:34:46.000Z"
            },
            {
                "id": "1501411815611416583",
                "author_id": "254770370",
                "text": "Prince William 'set to clash with BBC as his mother Princess Diana is portrayed in upcoming drama The Reckoning' chronicling the crimes of paedophile Jimmy Savile\nvia https://t.co/1EAkejioZW https://t.co/y8ChUSiRFD",
                "created_at": "2022-03-09T04:17:26.000Z"
            },
            {
                "id": "1504541771258372102",
                "referenced_tweets": [
                    {
                        "type": "quoted",
                        "id": "1501490295724294153"
                    }
                ],
                "author_id": "1065627500775116800",
                "text": "@theroyaleditor Diana endured the same #misogynistic vindictive smear campaign, undermined for the same reasons as me @GOVUK.\n\n#VIPChildSexAbuse #VIPCharityFraud\n\n@MetCC @WMerciaPolice @sussex_police @NCA_UK\n@metpoliceuk @PoliceChiefs @BBCWorld @cnnbrk @policeconduct @netpol @UN https://t.co/2sHSVkEntY",
                "created_at": "2022-03-17T19:34:45.000Z"
            },
            {
                "id": "1504492621099675659",
                "referenced_tweets": [
                    {
                        "type": "replied_to",
                        "id": "1504491033337503752"
                    }
                ],
                "author_id": "118750085",
                "text": "@PaulStapletonPS Sorry to hear that Paul, your mum would be refunded at the rate of £8.06 from the end of the 3 day until it's fixed. Has a new appointment been arranged? ^Dee",
                "created_at": "2022-03-17T16:19:27.000Z"
            },
            {
                "id": "1504537241992978446",
                "author_id": "1192554980114403329",
                "text": "So I have to miss the first 15 minutes of Roma vs Vitesse game because BT decided having 15 minutes extra waffle after the Leicester game was more important 🙄🙄🙄\n\n#UECL #ASRoma #RomaVitesse @btsportfootball @btsport @bt_uk https://t.co/Sk1SnBrAIi",
                "created_at": "2022-03-17T19:16:46.000Z"
            },
            {
                "id": "1504540082946064389",
                "referenced_tweets": [
                    {
                        "type": "replied_to",
                        "id": "1504539590769664002"
                    }
                ],
                "author_id": "118750085",
                "text": "@TheGingerGuy22 Hello Kris so glad to see you are happy with the service you received. Let us know if you need anything further ^Alannah",
                "created_at": "2022-03-17T19:28:03.000Z"
            },
            {
                "id": "1504532434557325315",
                "referenced_tweets": [
                    {
                        "type": "replied_to",
                        "id": "1504532048068943882"
                    }
                ],
                "author_id": "118750085",
                "text": "@love_kitkat You don't have an aerial into the back of the BT TV box? ^Lisa",
                "created_at": "2022-03-17T18:57:39.000Z"
            },
            {
                "id": "1504531463773040645",
                "referenced_tweets": [
                    {
                        "type": "replied_to",
                        "id": "1504530926130372611"
                    }
                ],
                "author_id": "118750085",
                "text": "@love_kitkat Hey Katie. \n\nI'm sorry you're having bother with your TV.\n\nIs it the same if you plug the aerial into the TV rather than the BT TV box? ^Lisa",
                "created_at": "2022-03-17T18:53:48.000Z"
            },
            {
                "id": "1504499912725180421",
                "referenced_tweets": [
                    {
                        "type": "replied_to",
                        "id": "1504499625528598530"
                    }
                ],
                "author_id": "118750085",
                "text": "@johnward1992 Sorry John if it's an afternoon slot it's anywhere between 1pm and 6pm for them to arrive. ^Dee",
                "created_at": "2022-03-17T16:48:26.000Z"
            },
            {
                "id": "1504526679674396673",
                "referenced_tweets": [
                    {
                        "type": "replied_to",
                        "id": "1504525153937633282"
                    }
                ],
                "author_id": "118750085",
                "text": "@zenabee Hi there, really sorry to hear this.\nCan you DM us with her full address and the full name on the account too? We will check this for you. ^Paddy https://t.co/hBbj6tVEyH",
                "created_at": "2022-03-17T18:34:47.000Z"
            },
            {
                "id": "1504519199275823106",
                "referenced_tweets": [
                    {
                        "type": "replied_to",
                        "id": "1503445718891216907"
                    }
                ],
                "author_id": "118750085",
                "text": "@jamieharradine1 Hi Jamie, has this been resolved? ^Paddy https://t.co/hBbj6tVEyH",
                "created_at": "2022-03-17T18:05:04.000Z"
            },
            {
                "id": "1503868422790254593",
                "referenced_tweets": [
                    {
                        "type": "replied_to",
                        "id": "1503862401040621570"
                    }
                ],
                "author_id": "72097300",
                "text": "@AmyForsterSmith @bt_uk Mine has come back, hope yours has too? It’s one thing to lose the internet but I was concerned when our phone line dropped with it :/",
                "created_at": "2022-03-15T22:59:07.000Z"
            },
            {
                "id": "1504512647093444621",
                "referenced_tweets": [
                    {
                        "type": "replied_to",
                        "id": "1504511878453682182"
                    }
                ],
                "author_id": "118750085",
                "text": "@Aunty_Tori Sorry to hear that but the email is likely linked to the order that you asked to cancel. You should receive a 2nd to confirm cancellation. ^Dee",
                "created_at": "2022-03-17T17:39:02.000Z"
            },
            {
                "id": "1504513203392458758",
                "referenced_tweets": [
                    {
                        "type": "replied_to",
                        "id": "1504510592203243527"
                    }
                ],
                "author_id": "267826702",
                "text": "@FMDoop @bt_uk Thank god for unlimited mobile data. I doubt the upload is good enough to stream though?",
                "created_at": "2022-03-17T17:41:14.000Z"
            },
            {
                "id": "1504515840754032647",
                "referenced_tweets": [
                    {
                        "type": "replied_to",
                        "id": "1504513257431834627"
                    }
                ],
                "author_id": "2968265980",
                "text": "@foxes_fm @bt_uk Instead of swapping the line back. They put a cease on the line till Saturday and told me my transfer date was tomorrow. So it cancelled my sky order and I have to put a new one on Saturday. Sky have told me it could take 7-14 days.",
                "created_at": "2022-03-17T17:51:43.000Z"
            },
            {
                "id": "1504513257431834627",
                "referenced_tweets": [
                    {
                        "type": "replied_to",
                        "id": "1504510592203243527"
                    }
                ],
                "author_id": "3435909237",
                "text": "@FMDoop @bt_uk what have they done!?",
                "created_at": "2022-03-17T17:41:27.000Z"
            },
            {
                "id": "1504511342874705924",
                "referenced_tweets": [
                    {
                        "type": "replied_to",
                        "id": "1504511104357126144"
                    }
                ],
                "author_id": "2968265980",
                "text": "@TimLumb @bt_uk I just want to cry.",
                "created_at": "2022-03-17T17:33:51.000Z"
            },
            {
                "id": "1504513367096147972",
                "referenced_tweets": [
                    {
                        "type": "replied_to",
                        "id": "1504512779696455691"
                    }
                ],
                "author_id": "118750085",
                "text": "@conal007 Thanks for the information, I've sent you a pin to your mobile, can you confirm it please and also your full name? ^Brian",
                "created_at": "2022-03-17T17:41:53.000Z"
            },
            {
                "id": "1504511268501270536",
                "referenced_tweets": [
                    {
                        "type": "replied_to",
                        "id": "1504510934466928642"
                    }
                ],
                "author_id": "1268872574093623298",
                "text": "@bt_uk I will reply in dms right now",
                "created_at": "2022-03-17T17:33:33.000Z"
            },
            {
                "id": "1504508971482288134",
                "referenced_tweets": [
                    {
                        "type": "quoted",
                        "id": "1503390818043895808"
                    }
                ],
                "author_id": "746530775395368961",
                "text": "OK. Can you tell me why, when I've spent over an hour on the phone trying to CANCEL an order made via one of your cold calls...which I SHOULD NOT have received in the first place...I open my email looking for promised confirmation of cancellation and find this 👇\nCheers Rana 😒👎 https://t.co/jn5BLm5lXK https://t.co/LwO0BGcuiY",
                "created_at": "2022-03-17T17:24:25.000Z"
            },
            {
                "id": "1504511104357126144",
                "referenced_tweets": [
                    {
                        "type": "replied_to",
                        "id": "1504510592203243527"
                    }
                ],
                "author_id": "25534991",
                "text": "@FMDoop @bt_uk What morons.",
                "created_at": "2022-03-17T17:32:54.000Z"
            },
            {
                "id": "1504510938963226628",
                "referenced_tweets": [
                    {
                        "type": "replied_to",
                        "id": "1504510592203243527"
                    }
                ],
                "author_id": "2391903919",
                "text": "@FMDoop @bt_uk Is there a single point where you haven't been shafted by BT in this entire time you've been with them? 😂",
                "created_at": "2022-03-17T17:32:14.000Z"
            },
            {
                "id": "1504510934466928642",
                "referenced_tweets": [
                    {
                        "type": "replied_to",
                        "id": "1504510636881059846"
                    }
                ],
                "author_id": "118750085",
                "text": "@conal007 Can you let me know what the issue is please and I'll try to help as the agent shouldn't be keeping you on hold like that, I'll need to feed this back ^Brian",
                "created_at": "2022-03-17T17:32:13.000Z"
            },
            {
                "id": "1504510317140889601",
                "referenced_tweets": [
                    {
                        "type": "replied_to",
                        "id": "1504509885064654857"
                    }
                ],
                "author_id": "118750085",
                "text": "@conal007 Thanks for that, I'm trying to obtain the agent details to contact the agent, let me know if the agent comes back to you please? ^Brian",
                "created_at": "2022-03-17T17:29:46.000Z"
            },
            {
                "id": "1504509344972517376",
                "referenced_tweets": [
                    {
                        "type": "replied_to",
                        "id": "1504509005653291011"
                    }
                ],
                "author_id": "118750085",
                "text": "@conal007 can you DM your account number please? ^Brian",
                "created_at": "2022-03-17T17:25:54.000Z"
            },
            {
                "id": "1504508512415715333",
                "referenced_tweets": [
                    {
                        "type": "replied_to",
                        "id": "1504508139756003337"
                    }
                ],
                "author_id": "118750085",
                "text": "@conal007 Can you let us know if you get things resolved on the call please? If you're unhappy with the agent you're speaking to you can request to speak to a manager ^Brian",
                "created_at": "2022-03-17T17:22:36.000Z"
            },
            {
                "id": "1504507520152440838",
                "referenced_tweets": [
                    {
                        "type": "replied_to",
                        "id": "1504507320415444996"
                    }
                ],
                "author_id": "1268872574093623298",
                "text": "@bt_uk No, put me on hold without warning after i asked to stop raising their voice at me",
                "created_at": "2022-03-17T17:18:39.000Z"
            },
            {
                "id": "1504507320415444996",
                "referenced_tweets": [
                    {
                        "type": "replied_to",
                        "id": "1504506865568391181"
                    }
                ],
                "author_id": "118750085",
                "text": "@conal007 Hi, sorry to hear you're having issues on your service &amp; have been put on hold. Has the advisor come back to you yet? ^Theresa",
                "created_at": "2022-03-17T17:17:52.000Z"
            },
            {
                "id": "1504506865568391181",
                "author_id": "1268872574093623298",
                "text": "Just on the phone trying to resolve an issue with @bt_uk \n\nI asked the advisor to stop raising their voice at me and they have put me on hold for no reason.\n\nI have a legitimate issue trying to get resolved. This is a shambles of customer service. Been over 5minutes",
                "created_at": "2022-03-17T17:16:03.000Z"
            },
            {
                "id": "1504506154340261891",
                "referenced_tweets": [
                    {
                        "type": "replied_to",
                        "id": "1504505681268908032"
                    }
                ],
                "author_id": "118750085",
                "text": "@OO09ARB Hey Andy.\n\nI'm so sorry about this. \n\nHave the team told you when they'll be in touch again? ^Lisa",
                "created_at": "2022-03-17T17:13:14.000Z"
            }
        ]
    },
    "meta": {
        "oldest_id": "1504506507676864515",
        "newest_id": "1504754369887195137",
        "previous_token": "77qpymm88g5h9vqklurc07jel1a46j431l6gfpcsjbodz",
        "result_count": 100,
        "next_token": "7140dibdnow9c7btw420js0g1lphqockhoic7fma1coqd"
    }
}