{
    "data": [
        {
            "id": "1505524318213746689",
            "created_at": "2022-03-20T12:39:03.000Z",
            "author_id": "261573731",
            "text": "Got my new sim from @EE and when I ordered it online I requested for my old number to be retained. 2-3 days before this should be done but nothing happened. Anyway, tried doing it on my own but they always have this bloody technical problems for 3 days now!!! 🙄😡"
        },
        {
            "referenced_tweets": [
                {
                    "type": "replied_to",
                    "id": "1505518484331114498"
                }
            ],
            "id": "1505523247953154051",
            "created_at": "2022-03-20T12:34:48.000Z",
            "author_id": "281633527",
            "text": "@EE Yes, I purchased EE and topped it up initially last Sunday"
        },
        {
            "referenced_tweets": [
                {
                    "type": "replied_to",
                    "id": "1505506541507694594"
                }
            ],
            "id": "1505521512614440962",
            "created_at": "2022-03-20T12:27:54.000Z",
            "author_id": "35767597",
            "text": "@goglentw @EE We can't wait to have you Goglen! 😄- Maria"
        },
        {
            "id": "1505520118171942912",
            "created_at": "2022-03-20T12:22:22.000Z",
            "author_id": "155551128",
            "text": "@ee Astonished to see, whilst off the coast of Portugal, that my personal hotspot isn’t working to connect my iPad as I have to “contact ee to enable this”. How dare you tell me what I can and can’t do with our 13 devices and £1,100 a month phone bill?"
        },
        {
            "referenced_tweets": [
                {
                    "type": "replied_to",
                    "id": "1505517333288214528"
                }
            ],
            "id": "1505519921375203330",
            "created_at": "2022-03-20T12:21:35.000Z",
            "author_id": "707965815040184322",
            "text": "@EE Thanks Connor. She’s not on Twitter. She is on Insta. I’ll pass this on. Much appreciated."
        },
        {
            "referenced_tweets": [
                {
                    "type": "replied_to",
                    "id": "1505458547294932994"
                }
            ],
            "id": "1505516199483953153",
            "created_at": "2022-03-20T12:06:47.000Z",
            "author_id": "126709474",
            "text": "@EE Too long. What I thought was a monthly rolling contract turns out to be a 24 month one that doesn't run out til Oct '23."
        },
        {
            "referenced_tweets": [
                {
                    "type": "replied_to",
                    "id": "1505454095230025728"
                }
            ],
            "id": "1505512686263713794",
            "created_at": "2022-03-20T11:52:50.000Z",
            "author_id": "53970678",
            "text": "@EE Having a big issue with my account. Have contacted and no one is helping."
        },
        {
            "id": "1505512010196393984",
            "created_at": "2022-03-20T11:50:08.000Z",
            "author_id": "53970678",
            "text": "Well done to @EE, absolute shite customer service. Having issues because My last job have been shite with sorting my p45 so my income hasn’t been as it should be, explained how much I could pay but apparently it’s not good enough. Isn’t like I’m hiding from it."
        },
        {
            "referenced_tweets": [
                {
                    "type": "replied_to",
                    "id": "1504431156711899136"
                }
            ],
            "id": "1505506541507694594",
            "created_at": "2022-03-20T11:28:25.000Z",
            "author_id": "1718291322",
            "text": "@tescomobile Can’t wait to come over to you guys. I can’t wait for my contract to finish with @EE !"
        },
        {
            "referenced_tweets": [
                {
                    "type": "replied_to",
                    "id": "1505454095230025728"
                }
            ],
            "id": "1505501315950170112",
            "created_at": "2022-03-20T11:07:39.000Z",
            "author_id": "867743004",
            "text": "@EE Been trying to give my 30 days cancellation notice for the past 2 hours with no joy. I am in a sim only deal."
        },
        {
            "referenced_tweets": [
                {
                    "type": "replied_to",
                    "id": "1505475833103884290"
                }
            ],
            "id": "1505500765070241793",
            "created_at": "2022-03-20T11:05:27.000Z",
            "author_id": "246887693",
            "text": "@EE BT are aware of the problem."
        },
        {
            "referenced_tweets": [
                {
                    "type": "replied_to",
                    "id": "1505454095230025728"
                }
            ],
            "id": "1505500202467266565",
            "created_at": "2022-03-20T11:03:13.000Z",
            "author_id": "94308229",
            "text": "@EE Hi :-)\nHow does one enable data in Morocco? My son texted ROAMING to 150 before leaving, but not getting data there. I don't see Morocco in the countries list for Roam Abroad..\n\nHappy to conduct this via PM if that's better"
        },
        {
            "id": "1505500098775629827",
            "created_at": "2022-03-20T11:02:49.000Z",
            "author_id": "239918565",
            "text": "Good God @EE what a disgrace. Cancelled a contract over 2 years ago in store. You’ve continued to take money from my account for  24 months and offer a 6 months refund !! Needless to say I haven’t accepted despite bully boy tactics. https://t.co/T743EqesP7"
        },
        {
            "id": "1505498765800660998",
            "created_at": "2022-03-20T10:57:31.000Z",
            "author_id": "1017512052",
            "text": "@EE Trying to apply a military discount code to my partners contract upgrade using one of my EE perk account codes however it keeps saying code is not valid."
        },
        {
            "id": "1505498663010906114",
            "created_at": "2022-03-20T10:57:06.000Z",
            "author_id": "130472024",
            "text": "@EE when is 5G coming to Anglesey"
        },
        {
            "id": "1505495988923940865",
            "created_at": "2022-03-20T10:46:29.000Z",
            "author_id": "439535663",
            "text": "URGENT HELP NEEDED @EE received text to book hour slot for new phone delivery TOMORROW however, doing all says over 10 times plus CORRECT POSTCODE and won't let me book time slot can you help"
        },
        {
            "referenced_tweets": [
                {
                    "type": "replied_to",
                    "id": "1505201761979613186"
                }
            ],
            "id": "1505492394854293507",
            "created_at": "2022-03-20T10:32:12.000Z",
            "author_id": "132093201",
            "text": "@mattfrei @EE Decouple the contract from the handset.\nSIM only rolling 30 days contract is the way to go."
        },
        {
            "referenced_tweets": [
                {
                    "type": "replied_to",
                    "id": "1503119913656934404"
                }
            ],
            "id": "1505492251027423234",
            "created_at": "2022-03-20T10:31:37.000Z",
            "author_id": "1252358608337108992",
            "text": "@EE @biminibabes @AliPlumb @DanielJLayton @BAFTA @GoogleUK Dear EE. \n\nI have purchased a roaming package on my phone (sent PM with number on FB). You have blocked my phone from using this. I have now complained 5 times using the web form, FB &amp; tweet. Can someone please please please please please please please please unblock my phone"
        },
        {
            "referenced_tweets": [
                {
                    "type": "replied_to",
                    "id": "1503121683359703043"
                }
            ],
            "id": "1505492217007378434",
            "created_at": "2022-03-20T10:31:29.000Z",
            "author_id": "1252358608337108992",
            "text": "@EE @BAFTA Dear EE. \n\nI have purchased a roaming package on my phone (sent PM with number on FB). You have blocked my phone from using this. I have now complained 5 times using the web form, FB &amp; tweet. Can someone please please please please please please please please unblock my phone"
        },
        {
            "referenced_tweets": [
                {
                    "type": "replied_to",
                    "id": "1503130073658015753"
                }
            ],
            "id": "1505492183197102084",
            "created_at": "2022-03-20T10:31:21.000Z",
            "author_id": "1252358608337108992",
            "text": "@EE @TroyKotsur @BAFTA Dear EE. \n\nI have purchased a roaming package on my phone (sent PM with number on FB). You have blocked my phone from using this. I have now complained 5 times using the web form, FB &amp; tweet. Can someone please please please please please please please please unblock my phone"
        },
        {
            "referenced_tweets": [
                {
                    "type": "replied_to",
                    "id": "1503339736689266691"
                }
            ],
            "id": "1505492151492304897",
            "created_at": "2022-03-20T10:31:14.000Z",
            "author_id": "1252358608337108992",
            "text": "@EE @BAFTA @GoogleUK Dear EE. \n\nI have purchased a roaming package on my phone (sent PM with number on FB). You have blocked my phone from using this. I have now complained 5 times using the web form, FB &amp; tweet. Can someone please please please please please please please please unblock my phone"
        },
        {
            "referenced_tweets": [
                {
                    "type": "replied_to",
                    "id": "1503368642154614784"
                }
            ],
            "id": "1505492112988647424",
            "created_at": "2022-03-20T10:31:05.000Z",
            "author_id": "1252358608337108992",
            "text": "@EE @beatport @Rudimental @ariellefree @itsjuniorsimba Dear EE. \n\nI have purchased a roaming package on my phone (sent PM with number on FB). You have blocked my phone from using this. I have now complained 5 times using the web form, FB &amp; tweet. Can someone please please please please please please please please unblock my phone"
        },
        {
            "referenced_tweets": [
                {
                    "type": "replied_to",
                    "id": "1503506260095901698"
                }
            ],
            "id": "1505492079543209986",
            "created_at": "2022-03-20T10:30:57.000Z",
            "author_id": "1252358608337108992",
            "text": "@EE Dear EE. \n\nI have purchased a roaming package on my phone (sent PM with number on FB). You have blocked my phone from using this. I have now complained 5 times using the web form, FB &amp; tweet. Can someone please please please please please please please please unblock my phone"
        },
        {
            "referenced_tweets": [
                {
                    "type": "replied_to",
                    "id": "1503627055023362051"
                }
            ],
            "id": "1505492044290088960",
            "created_at": "2022-03-20T10:30:48.000Z",
            "author_id": "1252358608337108992",
            "text": "@EE Dear EE. \n\nI have purchased a roaming package on my phone (sent PM with number on FB). You have blocked my phone from using this. I have now complained 5 times using the web form, FB &amp; tweet. Can someone please please please please please please please please unblock my phone"
        },
        {
            "referenced_tweets": [
                {
                    "type": "replied_to",
                    "id": "1503868648514994176"
                }
            ],
            "id": "1505491977705566208",
            "created_at": "2022-03-20T10:30:32.000Z",
            "author_id": "1252358608337108992",
            "text": "@EE Dear EE. \n\nI have purchased a roaming package on my phone (sent PM with number on FB). You have blocked my phone from using this. I have now complained 5 times using the web form, FB &amp; tweet. Can someone please please please please please please please please unblock my phone"
        },
        {
            "referenced_tweets": [
                {
                    "type": "replied_to",
                    "id": "1504085583081136132"
                }
            ],
            "id": "1505491945237397511",
            "created_at": "2022-03-20T10:30:25.000Z",
            "author_id": "1252358608337108992",
            "text": "@EE Dear EE. \n\nI have purchased a roaming package on my phone (sent PM with number on FB). You have blocked my phone from using this. I have now complained 5 times using the web form, FB &amp; tweet. Can someone please please please please please please please please unblock my phone"
        },
        {
            "referenced_tweets": [
                {
                    "type": "replied_to",
                    "id": "1504593422363070468"
                }
            ],
            "id": "1505491911506894848",
            "created_at": "2022-03-20T10:30:17.000Z",
            "author_id": "1252358608337108992",
            "text": "@EE Dear EE. \n\nI have purchased a roaming package on my phone (sent PM with number on FB). You have blocked my phone from using this. I have now complained 5 times using the web form, FB &amp; tweet. Can someone please please please please please please please please unblock my phone"
        },
        {
            "referenced_tweets": [
                {
                    "type": "replied_to",
                    "id": "1504714218402193409"
                }
            ],
            "id": "1505491879110004737",
            "created_at": "2022-03-20T10:30:09.000Z",
            "author_id": "1252358608337108992",
            "text": "@EE Dear EE. \n\nI have purchased a roaming package on my phone (sent PM with number on FB). You have blocked my phone from using this. I have now complained 5 times using the web form, FB &amp; tweet. Can someone please please please please please please please please unblock my phone"
        },
        {
            "referenced_tweets": [
                {
                    "type": "replied_to",
                    "id": "1504785137476775982"
                }
            ],
            "id": "1505491825359998980",
            "created_at": "2022-03-20T10:29:56.000Z",
            "author_id": "1252358608337108992",
            "text": "@EE Dear EE. \n\nI have purchased a roaming package on my phone (sent PM with number on FB). You have blocked my phone from using this. I have now complained 5 times using the web form, FB &amp; tweet. Can someone please please please please please please please please unblock my phone"
        },
        {
            "referenced_tweets": [
                {
                    "type": "replied_to",
                    "id": "1504785066815279120"
                }
            ],
            "id": "1505491761468166145",
            "created_at": "2022-03-20T10:29:41.000Z",
            "author_id": "1252358608337108992",
            "text": "@EE @SamsungUK Dear EE. \n\nI have purchased a roaming package on my phone (sent PM with number on FB). You have blocked my phone from using this. I have now complained 5 times using the web form, FB &amp; tweet. Can someone please please please please please please please please unblock my phone"
        },
        {
            "referenced_tweets": [
                {
                    "type": "replied_to",
                    "id": "1504955815073132545"
                }
            ],
            "id": "1505491679045996545",
            "created_at": "2022-03-20T10:29:21.000Z",
            "author_id": "1252358608337108992",
            "text": "@EE Dear EE. \n\nI have purchased a roaming package on my phone (sent PM with number on FB). You have blocked my phone from using this. I have now complained 5 times using the web form, FB &amp; tweet. Can someone please please please please please please please please unblock my phone"
        },
        {
            "referenced_tweets": [
                {
                    "type": "replied_to",
                    "id": "1505091708723372032"
                }
            ],
            "id": "1505491618950008834",
            "created_at": "2022-03-20T10:29:07.000Z",
            "author_id": "1252358608337108992",
            "text": "@EE Dear EE. \n\nI have purchased a roaming package on my phone (sent PM with number on FB). You have blocked my phone from using this. I have now complained 5 times using the web form, FB &amp; tweet. Can someone please please please please please please please please unblock my phone"
        },
        {
            "referenced_tweets": [
                {
                    "type": "replied_to",
                    "id": "1505272900558856192"
                }
            ],
            "id": "1505491580483944449",
            "created_at": "2022-03-20T10:28:58.000Z",
            "author_id": "1252358608337108992",
            "text": "@EE Dear EE. \n\nI have purchased a roaming package on my phone (sent PM with number on FB). You have blocked my phone from using this. I have now complained 5 times using the web form, FB &amp; tweet. Can someone please please please please please please please please unblock my phone"
        },
        {
            "referenced_tweets": [
                {
                    "type": "replied_to",
                    "id": "1505454095230025728"
                }
            ],
            "id": "1505491526570369034",
            "created_at": "2022-03-20T10:28:45.000Z",
            "author_id": "1252358608337108992",
            "text": "@EE Dear EE. \n\nI have purchased a roaming package on my phone (sent PM with number on FB). You have blocked my phone from using this. I have now complained 5 times using the web form, FB &amp; tweet. Can someone please please please please please please please please unblock my phone"
        },
        {
            "referenced_tweets": [
                {
                    "type": "replied_to",
                    "id": "1504443063250440196"
                }
            ],
            "id": "1505491489681559553",
            "created_at": "2022-03-20T10:28:36.000Z",
            "author_id": "1252358608337108992",
            "text": "@EE @beatport @Rudimental @ariellefree @itsjuniorsimba Dear EE. \n\nI have purchased a roaming package on my phone (sent PM with number on FB). You have blocked my phone from using this. I have now complained 5 times using the web form, FB &amp; tweet. Can someone please please please please please please please please unblock my phone"
        },
        {
            "id": "1505491164199370754",
            "created_at": "2022-03-20T10:27:18.000Z",
            "author_id": "1252358608337108992",
            "text": "@EE Dear EE. \n\nI have purchased a roaming package on my phone (sent PM with number on FB). You have blocked my phone from using this. I have now complained 5 times using the web form, commented multiple times on FB and now here. Can someone please please unblock!"
        },
        {
            "referenced_tweets": [
                {
                    "type": "replied_to",
                    "id": "1505454095230025728"
                }
            ],
            "id": "1505488551282098180",
            "created_at": "2022-03-20T10:16:55.000Z",
            "author_id": "196731184",
            "text": "@EE No cell signal in IG10. Any known outage issues?"
        },
        {
            "id": "1505487395227119618",
            "created_at": "2022-03-20T10:12:20.000Z",
            "author_id": "823881466765512705",
            "text": "Hey @EE ordered a S22 on 12th March, when should I receive it? https://t.co/6ZtaREL5Nv"
        },
        {
            "id": "1505485478581129217",
            "created_at": "2022-03-20T10:04:43.000Z",
            "author_id": "1280020561654153217",
            "text": "@EE have a new plan which I thought had free Apple music, on my account it says data has soc??? Not working on the app"
        },
        {
            "id": "1505485202054860802",
            "created_at": "2022-03-20T10:03:37.000Z",
            "author_id": "23318068",
            "text": "Everyday for the last four days I’ve gotten a text off @EE that there is problems in my area and my service may be affected! Wtf am I paying a fortune for… its ridiculous"
        },
        {
            "id": "1505481872566013958",
            "created_at": "2022-03-20T09:50:23.000Z",
            "author_id": "571158236",
            "text": "@EE interesting how the device add-on option for pay monthly customers actually does include a fee, even though there’s meant to be free delivery, no fees and no interest! Nintendo Switch OLED + joy-cons £395, but from Nintendo it’s £379.98. Where’s the extra £15.02 coming from?"
        },
        {
            "id": "1505481095990632450",
            "created_at": "2022-03-20T09:47:18.000Z",
            "author_id": "497093708",
            "text": "@EE really disappointed to get a upgrade and the iPhone box is like this!! Someone basically opened it 😐 https://t.co/nbVDtDR0d8"
        },
        {
            "id": "1505480865962508288",
            "created_at": "2022-03-20T09:46:23.000Z",
            "author_id": "281633527",
            "text": "Hi @EE - I keep getting a Authentication error message on London underground (district line). It's set up as per instructions and I topped up on PAYG the right amount. I switched to EE about a week ago so this is a new connection"
        },
        {
            "referenced_tweets": [
                {
                    "type": "replied_to",
                    "id": "1505454095230025728"
                }
            ],
            "id": "1505480061666877445",
            "created_at": "2022-03-20T09:43:11.000Z",
            "author_id": "15220152",
            "text": "@EE Just bought a 30GB data sim and put it in a new WiFi router. Getting a decent connection but no internet. Any tips?"
        },
        {
            "referenced_tweets": [
                {
                    "type": "replied_to",
                    "id": "1505473597195833344"
                }
            ],
            "id": "1505474214240964611",
            "created_at": "2022-03-20T09:19:57.000Z",
            "author_id": "1016744626747772931",
            "text": "@EE I’m going to keep on and on until I get an answer from you, because this is not good enough, and I will be seeking legal advice and going to trading standards! As you are false advertising!"
        },
        {
            "referenced_tweets": [
                {
                    "type": "replied_to",
                    "id": "1505454095230025728"
                }
            ],
            "id": "1505473597195833344",
            "created_at": "2022-03-20T09:17:30.000Z",
            "author_id": "1016744626747772931",
            "text": "@EE I’m still waiting for my Samsung s22 128gb in white! Been nearly 2 weeks. I’ve paid you lot £500 to upgrade to this phone and I shouldn’t have to wait this long! Especially when I’ve upgraded to a Samsung watch as well which I’m unable to use without the phone!"
        },
        {
            "referenced_tweets": [
                {
                    "type": "replied_to",
                    "id": "1505454095230025728"
                }
            ],
            "id": "1505472813888585728",
            "created_at": "2022-03-20T09:14:23.000Z",
            "author_id": "1449737779",
            "text": "@EE Can’t log into the app bro"
        },
        {
            "id": "1505472312077869059",
            "created_at": "2022-03-20T09:12:24.000Z",
            "author_id": "2231325282",
            "text": "So new phone contract is up and running but haven’t received my phone yet 🙄 @EE"
        },
        {
            "id": "1505472257392582663",
            "created_at": "2022-03-20T09:12:11.000Z",
            "author_id": "2258302917",
            "text": "@EE I want to add an extra phone to my account but it keeps saying I can't? Could you look into this for me? Want to add a second phone for my wife who wants to move from o2"
        },
        {
            "referenced_tweets": [
                {
                    "type": "quoted",
                    "id": "1505456509349933064"
                }
            ],
            "id": "1505472189126123523",
            "created_at": "2022-03-20T09:11:54.000Z",
            "author_id": "1488188023523233797",
            "text": "@EE @dstynh @drapervc @FFScout_Mark @hhejratt @uusbiasaaja https://t.co/ViIh1Jlroi"
        },
        {
            "referenced_tweets": [
                {
                    "type": "replied_to",
                    "id": "1496793227613061121"
                }
            ],
            "id": "1505470970529787905",
            "created_at": "2022-03-20T09:07:04.000Z",
            "author_id": "1308194844146270209",
            "text": "@EE O2 is the fastest one but customer service is really so bad, they are trying to do their best not to help and give you so stressful time"
        },
        {
            "referenced_tweets": [
                {
                    "type": "replied_to",
                    "id": "1505468961722454017"
                }
            ],
            "id": "1505470337953239040",
            "created_at": "2022-03-20T09:04:33.000Z",
            "author_id": "1876326966",
            "text": "@EE Good morning Megan.\nI am a new customer and have been given a physical nano sim."
        },
        {
            "id": "1505470227873681413",
            "created_at": "2022-03-20T09:04:07.000Z",
            "author_id": "449936495",
            "text": "Trying to decide what phone to get whilst I have the chance of not having to pay the early fee. As much as I love my Huawei p30 lite New Edition phone I think I need to get a new phone 🤣 any help @EE"
        },
        {
            "id": "1505469922679435264",
            "created_at": "2022-03-20T09:02:54.000Z",
            "author_id": "47170022",
            "text": "@EE hi there, I cancelled my upgrade so will not be returning my phone. Please will you stop asking me to. Or keep on poking the bear; whatever… Have a great day! 😀"
        },
        {
            "id": "1505468926939078662",
            "created_at": "2022-03-20T08:58:57.000Z",
            "author_id": "47709914",
            "text": "@EE hi. Why is this coming up?\n\n‘You're unable to add another product to your account at this time’\n\nLooking to add extra line."
        },
        {
            "referenced_tweets": [
                {
                    "type": "replied_to",
                    "id": "1505463496284254211"
                }
            ],
            "id": "1505464774733217792",
            "created_at": "2022-03-20T08:42:27.000Z",
            "author_id": "19558372",
            "text": "@EE Thanks"
        },
        {
            "referenced_tweets": [
                {
                    "type": "replied_to",
                    "id": "1496793227613061121"
                }
            ],
            "id": "1505462874193412101",
            "created_at": "2022-03-20T08:34:54.000Z",
            "author_id": "1439868728775163907",
            "text": "@EE Hey EE, hurry up and install it outside of the town centre then! 🙄"
        },
        {
            "id": "1505462097940996097",
            "created_at": "2022-03-20T08:31:48.000Z",
            "author_id": "707965815040184322",
            "text": "@EE  this is a very serious issue. The packaging was sealed so it’s happened at your packing warehouse. My sister is out of pocket - £hundreds of pounds. She’s logged a complaint but isn’t happy with the response so far. Please help. https://t.co/C2hwPRBe3r"
        },
        {
            "id": "1505461409110540289",
            "created_at": "2022-03-20T08:29:04.000Z",
            "author_id": "19558372",
            "text": "@EE Hi - our broadband is waiting for an engineer - so I am having to use my 4G for a lot of work messages and to Zoom call to friends family and stream church service today.\nIs there any way of letting me have more 4G allowance while to EE broadband is down?"
        },
        {
            "referenced_tweets": [
                {
                    "type": "replied_to",
                    "id": "1488246872586268678"
                }
            ],
            "id": "1505460681008627712",
            "created_at": "2022-03-20T08:26:11.000Z",
            "author_id": "34293832",
            "text": "@EE Surely this wasnt really done was it? Its a mock up of a theoretical possibility?"
        },
        {
            "id": "1505460184025649153",
            "created_at": "2022-03-20T08:24:12.000Z",
            "author_id": "940681941514444805",
            "text": "@EE Hiya, I get minimal signal whilst at work in Isleworth, around 40 hours a week I’ve been unable to use the data I’m paying for. (My personal phone I also use for work purposes). Had been going on for around 6 weeks"
        },
        {
            "referenced_tweets": [
                {
                    "type": "replied_to",
                    "id": "1505457819654496258"
                }
            ],
            "id": "1505459479688663042",
            "created_at": "2022-03-20T08:21:24.000Z",
            "author_id": "1080072106841436161",
            "text": "@RobBradbrook @EE Also fraud took place on my card annoyed me something not aware of"
        },
        {
            "referenced_tweets": [
                {
                    "type": "replied_to",
                    "id": "1505457819654496258"
                }
            ],
            "id": "1505459267331141632",
            "created_at": "2022-03-20T08:20:34.000Z",
            "author_id": "1080072106841436161",
            "text": "@RobBradbrook @EE What mean raise struggling with it as is told them on phone bout have pay half 200 and rest April going store tomorrow plus need pickup new NatWest card stop going over apps like I have done my internet 64 month everything premium costs"
        },
        {
            "id": "1505458175050498052",
            "created_at": "2022-03-20T08:16:13.000Z",
            "author_id": "1080072106841436161",
            "text": "@EE rest April gave me 30 days and counting pay rest off due late payment cause what happened NatWest fraud on my card was not aware of have go back there also tomorrow set up everything online again be last"
        },
        {
            "id": "1505457846858792960",
            "created_at": "2022-03-20T08:14:55.000Z",
            "author_id": "1080072106841436161",
            "text": "@EE I’m have come store Tomorrow pay 200 off and rest April need pickup new card told bout fraud what happened on phone pay off YouTube Spotify soundcloud story saver avarify WOMBO not sure don’t care bout off-road outlaws pay that most pinballs"
        },
        {
            "referenced_tweets": [
                {
                    "type": "replied_to",
                    "id": "1505454095230025728"
                }
            ],
            "id": "1505457819654496258",
            "created_at": "2022-03-20T08:14:48.000Z",
            "author_id": "796765428",
            "text": "@EE Do you think you could not raise my bill by almost 10% please?? As theres still many places i still don’t get service therefore its not worth it oh an not to mention theres a cost of living crisis going on at the moment thanks EE!"
        },
        {
            "referenced_tweets": [
                {
                    "type": "replied_to",
                    "id": "1505454095230025728"
                }
            ],
            "id": "1505457048435277824",
            "created_at": "2022-03-20T08:11:45.000Z",
            "author_id": "203754633",
            "text": "@EE I'm still waiting for a call from EE I was meant to get on Wednesday regarding a issue that I raised.. Great customer service 🤦🏻‍♂️"
        },
        {
            "referenced_tweets": [
                {
                    "type": "replied_to",
                    "id": "1505454095230025728"
                }
            ],
            "id": "1505456711343255559",
            "created_at": "2022-03-20T08:10:24.000Z",
            "author_id": "1504850097665978372",
            "text": "@EE @EE I sent a message yesterday about my bt sport can’t get logged in can someone pick up the message please"
        },
        {
            "referenced_tweets": [
                {
                    "type": "replied_to",
                    "id": "1502529699687264258"
                }
            ],
            "id": "1505445635142479872",
            "created_at": "2022-03-20T07:26:23.000Z",
            "author_id": "1500798390703034370",
            "text": "@Meta_UFO @dr_beiginejad @FEGtoken @EE"
        },
        {
            "referenced_tweets": [
                {
                    "type": "replied_to",
                    "id": "1488246872586268678"
                }
            ],
            "id": "1505424384617496580",
            "created_at": "2022-03-20T06:01:57.000Z",
            "author_id": "2725123973",
            "text": "@EE Your network is rubbish. I can't wait to leave"
        },
        {
            "referenced_tweets": [
                {
                    "type": "quoted",
                    "id": "1505409143854804995"
                }
            ],
            "id": "1505410193676505094",
            "created_at": "2022-03-20T05:05:33.000Z",
            "author_id": "30215831",
            "text": "I can forgive the odd service gap in the uk (Surrey is a big county after all) and it mostly works in London … but this is just extortionate (and my wife is smiling on a Voda service) @EE #notreallyamobilecarrier https://t.co/FJ4L9ZN0wW"
        },
        {
            "referenced_tweets": [
                {
                    "type": "replied_to",
                    "id": "1505137210479489027"
                }
            ],
            "id": "1505378819854979073",
            "created_at": "2022-03-20T03:00:53.000Z",
            "author_id": "3220560114",
            "text": "@Knightsofchain @Kaoss_bolong89 @B1gbirdWin @ee"
        },
        {
            "referenced_tweets": [
                {
                    "type": "replied_to",
                    "id": "1488246944757698561"
                }
            ],
            "id": "1505369448626233347",
            "created_at": "2022-03-20T02:23:39.000Z",
            "author_id": "79744736",
            "text": "@EE Still no 5G in Ashford though"
        },
        {
            "referenced_tweets": [
                {
                    "type": "replied_to",
                    "id": "1504901242946043907"
                }
            ],
            "id": "1505336739711393794",
            "created_at": "2022-03-20T00:13:41.000Z",
            "author_id": "243079375",
            "text": "@Aztecross Got mine through @EE"
        },
        {
            "id": "1505326183675793422",
            "created_at": "2022-03-19T23:31:44.000Z",
            "author_id": "1138709881568055297",
            "text": "yooo @EE are there still delays on iPhone 13s , opted for the 24hr dispatch on Thursday afternoon but not had any tracking details or confirmation, geez a hands troops x \n- sent from iPad"
        },
        {
            "referenced_tweets": [
                {
                    "type": "replied_to",
                    "id": "1488246944757698561"
                }
            ],
            "id": "1505321415972696073",
            "created_at": "2022-03-19T23:12:47.000Z",
            "author_id": "59826856",
            "text": "@EE Would it be possible for you to arrange for Putin to do a repeat of your ad?"
        },
        {
            "referenced_tweets": [
                {
                    "type": "replied_to",
                    "id": "1505272900558856192"
                }
            ],
            "id": "1505304912170831876",
            "created_at": "2022-03-19T22:07:12.000Z",
            "author_id": "1337862046088638464",
            "text": "@EE Goodnight ee"
        },
        {
            "id": "1505302449694945284",
            "created_at": "2022-03-19T21:57:25.000Z",
            "author_id": "1458764631267319812",
            "text": "@EE am stranded in Spain with no signal nor network to even call you. All add ons are activated for roaming also on my phone. I reset it a 100times! I can't call out to EE for help!!! Please contact me as I can't reach anyone and family is worried."
        },
        {
            "referenced_tweets": [
                {
                    "type": "replied_to",
                    "id": "1505272900558856192"
                }
            ],
            "id": "1505296587047768066",
            "created_at": "2022-03-19T21:34:08.000Z",
            "author_id": "634001681",
            "text": "@EE And you have a good night! ☺"
        },
        {
            "referenced_tweets": [
                {
                    "type": "replied_to",
                    "id": "1501493218420142082"
                }
            ],
            "id": "1505294481893085186",
            "created_at": "2022-03-19T21:25:46.000Z",
            "author_id": "926734739775553536",
            "text": "@richard_farr @ThreeUK @EE  should be able to help you out, check my history on here and see how many years Three have said it’s coming."
        },
        {
            "id": "1505292747627970562",
            "created_at": "2022-03-19T21:18:52.000Z",
            "author_id": "34737995",
            "text": "@EE once again you've excelled yourself, whilst trying to watch something my home broadband and mobile Internet is as expected 💩💩💩, thanks again for expensive nothing 👏👏👏"
        },
        {
            "referenced_tweets": [
                {
                    "type": "replied_to",
                    "id": "1496449800065200132"
                }
            ],
            "id": "1505289287994159118",
            "created_at": "2022-03-19T21:05:07.000Z",
            "author_id": "234330157",
            "text": "@EE I made a mistake in switching from @EE to @ThreeUK 3G/4G/5G is so unreliable!! will hopefully be able to switch back"
        },
        {
            "referenced_tweets": [
                {
                    "type": "replied_to",
                    "id": "1505251157702320134"
                }
            ],
            "id": "1505288396226416652",
            "created_at": "2022-03-19T21:01:35.000Z",
            "author_id": "1237343193584336896",
            "text": "@VicarGeoff @EE Was with them for my Internet, got told because EE were part of them now there would be no cancellation charge...BT sent me through a massive cancellation fee, spoke to EE they denied saying it, asked them to listen to the call recording, they avoided me for weeks after. Jokers."
        },
        {
            "referenced_tweets": [
                {
                    "type": "replied_to",
                    "id": "1505272900558856192"
                }
            ],
            "id": "1505287007479775243",
            "created_at": "2022-03-19T20:56:04.000Z",
            "author_id": "1016744626747772931",
            "text": "@EE I’d love to manage my devices and get my Samsung s22 quicker than you lot can!"
        },
        {
            "referenced_tweets": [
                {
                    "type": "replied_to",
                    "id": "1504955815073132545"
                }
            ],
            "id": "1505286874922946570",
            "created_at": "2022-03-19T20:55:32.000Z",
            "author_id": "2852087812",
            "text": "@EE no I can’t, internet has dropped out yet again 😩😩"
        },
        {
            "id": "1505286493828493317",
            "created_at": "2022-03-19T20:54:01.000Z",
            "author_id": "2852087812",
            "text": "@EE as usual internet is constantly dropping out! why am I paying you money every month for this service??"
        },
        {
            "id": "1505286106115457031",
            "created_at": "2022-03-19T20:52:29.000Z",
            "author_id": "819682920264822784",
            "text": "@EE how can i change my smart benefit?"
        },
        {
            "id": "1505283890596007936",
            "created_at": "2022-03-19T20:43:40.000Z",
            "author_id": "1239479782724820993",
            "text": "@EE don't criticise EE. If you do, you will be locked out of social media, as I know from experience. It is NOT a coincidence that, 3 times, I had cause to criticise EE, &amp; 3 times, I was locked out of Twitter for 24 hours, within minutes of doing so. This will now happen again."
        },
        {
            "id": "1505275979022934026",
            "created_at": "2022-03-19T20:12:14.000Z",
            "author_id": "251295443",
            "text": "@EE evening, the service in ME5 Chatham is awful at the moment, are there works being carried out? Thank you 🙂"
        },
        {
            "id": "1505274539231559681",
            "created_at": "2022-03-19T20:06:31.000Z",
            "author_id": "751347985519378433",
            "text": "Current speeds with @EE because we have to rely on them to hotspot our machines since it's taking @bt_uk over month to install our broadband. Hey at least there isn't a pandemic and we're working from home. First world country 🤣 https://t.co/lrSQDv4CIR"
        },
        {
            "referenced_tweets": [
                {
                    "type": "replied_to",
                    "id": "1505111963059331077"
                }
            ],
            "id": "1505271541352828931",
            "created_at": "2022-03-19T19:54:36.000Z",
            "author_id": "866838832284667904",
            "text": "@EE New customer."
        },
        {
            "referenced_tweets": [
                {
                    "type": "replied_to",
                    "id": "1505227459540791303"
                }
            ],
            "id": "1505269423925518337",
            "created_at": "2022-03-19T19:46:11.000Z",
            "author_id": "1169723012523970561",
            "text": "@EE I've spoken to tech before they say indoor is not guaranteed as for unreliable WiFi calling they have no clue. Personally I think WiFi calling conflicts with cellular, hence drop out."
        },
        {
            "id": "1505267515865325577",
            "created_at": "2022-03-19T19:38:36.000Z",
            "author_id": "1213566720784261120",
            "text": "@EE Why are you advertising the new Samsung s22 when u have no stock, no availability,  and no date on when u r expecting them. 🤔"
        },
        {
            "id": "1505267400907841543",
            "created_at": "2022-03-19T19:38:09.000Z",
            "author_id": "928947142156316674",
            "text": "Hey @EE @MarcAllera let today be great: start showing support &amp; enact a policy for customers affected by domestic abuse #CorporateAccountability #CorporateResponsibility #DoSomething #victimblaming #SurvivorShaming #MeToo #CoerciveControl #FinancialAbuse #DomesticAbuse #Day1041"
        },
        {
            "id": "1505267110229983239",
            "created_at": "2022-03-19T19:37:00.000Z",
            "author_id": "1192365594508775424",
            "text": "Love spending £80 a month on @EE 4G broadband for it to cut out 27 times in one day xoxo"
        },
        {
            "referenced_tweets": [
                {
                    "type": "replied_to",
                    "id": "1505260317378555911"
                }
            ],
            "id": "1505265355190673410",
            "created_at": "2022-03-19T19:30:01.000Z",
            "author_id": "3223871613",
            "text": "@EE Hi Neil 11 year old granddaughter is how it happened.!! Thanks for updating me much appreciated"
        },
        {
            "referenced_tweets": [
                {
                    "type": "replied_to",
                    "id": "1505091708723372032"
                }
            ],
            "id": "1505262933735088132",
            "created_at": "2022-03-19T19:20:24.000Z",
            "author_id": "94308229",
            "text": "@EE Sent targeted tweet, but will also post here..\n\nHow does one enable data in Morocco? My son texted ROAMING to 150 before leaving, but not getting data there. I don't see Morocco in the countries list for Roam Abroad..\n\nHappy to conduct this via PM if that's better"
        },
        {
            "id": "1505262270850473985",
            "created_at": "2022-03-19T19:17:46.000Z",
            "author_id": "94308229",
            "text": "@EE Hi, what's the best way to enable data on an EE contract for a trip to Morocco?\n\nIt's for my son, he's already texted ROAMING to 150, but data doesn't seem to have been activated there"
        },
        {
            "id": "1505261658435997697",
            "created_at": "2022-03-19T19:15:20.000Z",
            "author_id": "1309043772450394113",
            "text": "@EE hi I have had 2 phones out with you since November , but when I go on my ee to try to add another product it says I’m not eligible at the moment , can you tell me if it’s after some months I become allowed to add more products"
        },
        {
            "id": "1505261509647163395",
            "created_at": "2022-03-19T19:14:44.000Z",
            "author_id": "3504398542",
            "text": "@EE what a load of crap you are!"
        }
    ],
    "includes": {
        "users": [
            {
                "username": "Mrs_DelaLlana",
                "id": "261573731",
                "name": "Terence S. Dela Llana",
                "location": "Iloilo City"
            },
            {
                "username": "repd1975",
                "id": "281633527",
                "name": "Robert Dunford",
                "location": "SM4"
            },
            {
                "username": "tescomobile",
                "id": "35767597",
                "name": "Tesco Mobile",
                "location": "Welwyn G.C. - Herts, UK."
            },
            {
                "username": "MadAsAtters",
                "id": "155551128",
                "name": "Phil Atkinson",
                "location": "Barnsley, West Yorkshire"
            },
            {
                "username": "nina5878",
                "id": "707965815040184322",
                "name": "Nina",
                "location": "South East, England"
            },
            {
                "username": "Dawsy16",
                "id": "126709474",
                "name": "Daws"
            },
            {
                "username": "napalmgirlss",
                "id": "53970678",
                "name": "Amii🦇🎃",
                "location": "The Infinite Void"
            },
            {
                "username": "goglentw",
                "id": "1718291322",
                "name": "goglen"
            },
            {
                "username": "SkyWatcherRob",
                "id": "867743004",
                "name": "Rob"
            },
            {
                "username": "KingHarold1",
                "id": "246887693",
                "name": "King Harold",
                "location": "England"
            },
            {
                "username": "jefph",
                "id": "94308229",
                "name": "Duncan Parsons"
            },
            {
                "username": "northeastsocial",
                "id": "239918565",
                "name": "North East Social Media",
                "location": "Newcastle Upon Tyne, England"
            },
            {
                "username": "gardner_luke96",
                "id": "1017512052",
                "name": "Luke Gardner",
                "location": "Preston, England"
            },
            {
                "username": "declaa",
                "id": "130472024",
                "name": "Declan McGrath",
                "location": "North Wales"
            },
            {
                "username": "Sazzy__Sandra",
                "id": "439535663",
                "name": "Sazzy Sandra 💙🐈☕📚🍫"
            },
            {
                "username": "cipnt",
                "id": "132093201",
                "name": "Ciprian 🇺🇦",
                "location": "Cambridge, UK"
            },
            {
                "username": "Extrove86970608",
                "id": "1252358608337108992",
                "name": "Caged Extrovert"
            },
            {
                "username": "SEN_211",
                "id": "196731184",
                "name": "SEN 211 MICK KINDRED"
            },
            {
                "username": "CarlKendrick22",
                "id": "823881466765512705",
                "name": "Carl Kendrick",
                "location": "Cardiff, Wales"
            },
            {
                "username": "DanielM29708671",
                "id": "1280020561654153217",
                "name": "Dan Meredith"
            },
            {
                "username": "youralmostalice",
                "id": "23318068",
                "name": "Natalie Johnson",
                "location": "Liverpool, UK"
            },
            {
                "username": "PDSc0tt",
                "id": "571158236",
                "name": "Paul Scott"
            },
            {
                "username": "mj____10",
                "id": "497093708",
                "name": "MJ",
                "location": "London"
            },
            {
                "username": "willgoodbin",
                "id": "15220152",
                "name": "Will Farbrother"
            },
            {
                "username": "Michael57690152",
                "id": "1016744626747772931",
                "name": "Michael Armstrong",
                "location": "United Kingdom"
            },
            {
                "username": "rhianna_salt",
                "id": "1449737779",
                "name": "crapbag"
            },
            {
                "username": "Rugby_Chic67",
                "id": "2231325282",
                "name": "Kiki"
            },
            {
                "username": "Superscotty1984",
                "id": "2258302917",
                "name": "scott",
                "location": "Chatteris, England"
            },
            {
                "username": "fatemeh1371111",
                "id": "1488188023523233797",
                "name": "fatemeh"
            },
            {
                "username": "seyfett50980853",
                "id": "1308194844146270209",
                "name": "seyfi"
            },
            {
                "username": "Steerio84",
                "id": "1876326966",
                "name": "Duck",
                "location": "Bristol, England"
            },
            {
                "username": "EllieLouT",
                "id": "449936495",
                "name": "Ellie"
            },
            {
                "username": "taysump",
                "id": "47170022",
                "name": "Dr Peter Taysum 🏳️‍🌈 🇪🇺🌳",
                "location": " Newcastle Upon Tyne"
            },
            {
                "username": "_DanielRyan",
                "id": "47709914",
                "name": "Dan Ryan",
                "location": "LocationLocation"
            },
            {
                "username": "Oldayoda",
                "id": "19558372",
                "name": "Les Hutchinson",
                "location": "poynton"
            },
            {
                "username": "PandemoniuMLW",
                "id": "1439868728775163907",
                "name": "PandemoniuMLW"
            },
            {
                "username": "Stanley1122",
                "id": "34293832",
                "name": "Stan Theman",
                "location": "Guildford, England"
            },
            {
                "username": "lynseyemily",
                "id": "940681941514444805",
                "name": "Lynsey",
                "location": "London, England"
            },
            {
                "username": "ConjuredRundown",
                "id": "1080072106841436161",
                "name": "Andrew Farrugia",
                "location": "Edmonton Brighton"
            },
            {
                "username": "RobBradbrook",
                "id": "796765428",
                "name": "RB | DRONE | MEDIA",
                "location": "Essex,England"
            },
            {
                "username": "tonyjphillips",
                "id": "203754633",
                "name": "sdıllıɥdɾʎuoʇ",
                "location": "Farnborough, England"
            },
            {
                "username": "paulquinnquinn1",
                "id": "1504850097665978372",
                "name": "paul quinn quinn"
            },
            {
                "username": "kyanwsh9",
                "id": "1500798390703034370",
                "name": "korki"
            },
            {
                "username": "chrisalana67",
                "id": "2725123973",
                "name": "chris atherley"
            },
            {
                "username": "mjck1w1",
                "id": "30215831",
                "name": "Michael Cooper`"
            },
            {
                "username": "KROTOBALAP",
                "id": "3220560114",
                "name": "🌟Pecah Telor🌟 🎉💫🐣🐤🐥 $QOM",
                "location": "Jawa Barat, Indonesia"
            },
            {
                "username": "Graham_Galpin",
                "id": "79744736",
                "name": "The Placechanger FIPM",
                "location": "Ashford, England"
            },
            {
                "username": "THETIGERSOFHULL",
                "id": "243079375",
                "name": "Mark Thompson",
                "location": "hull, uk"
            },
            {
                "username": "yaboyamlo",
                "id": "1138709881568055297",
                "name": "Lou Rogers 🏴󠁧󠁢󠁳󠁣󠁴󠁿🏳️‍🌈🤝",
                "location": "They/Them"
            },
            {
                "username": "MikeBDunne",
                "id": "59826856",
                "name": "Mike Dunne 🇺🇦",
                "location": "UK"
            },
            {
                "username": "SpaceEvie",
                "id": "1337862046088638464",
                "name": "Evie",
                "location": "she/her"
            },
            {
                "username": "Lilly_Ducati796",
                "id": "1458764631267319812",
                "name": "Lisett"
            },
            {
                "username": "pearlexquis",
                "id": "634001681",
                "name": "Naseem Khan"
            },
            {
                "username": "steviemetime",
                "id": "926734739775553536",
                "name": "Steven",
                "location": "Edinburgh, Scotland"
            },
            {
                "username": "waynehirst",
                "id": "34737995",
                "name": "wayne hirst",
                "location": "The Happy Valley"
            },
            {
                "username": "warzski",
                "id": "234330157",
                "name": "Warren",
                "location": "Birmingham"
            },
            {
                "username": "TheRealGrumpDad",
                "id": "1237343193584336896",
                "name": "TheRealGrumpyDad",
                "location": "Staffordshire, England"
            },
            {
                "username": "lozmasterton65",
                "id": "2852087812",
                "name": "Lorraine Masterton",
                "location": "just keep swimming"
            },
            {
                "username": "BryanM2175",
                "id": "819682920264822784",
                "name": "Blvckvst.crypto"
            },
            {
                "username": "Hathor32563459",
                "id": "1239479782724820993",
                "name": "Hathor"
            },
            {
                "username": "fluffyrogue",
                "id": "251295443",
                "name": "Sarah Hamer (Fuller)",
                "location": "Kent"
            },
            {
                "username": "xerscot",
                "id": "751347985519378433",
                "name": "Red Williams",
                "location": "Oporto, Portugal"
            },
            {
                "username": "percyj88",
                "id": "866838832284667904",
                "name": "May",
                "location": "Brewood."
            },
            {
                "username": "Spencer745",
                "id": "1169723012523970561",
                "name": "Bag Puss 🇺🇦"
            },
            {
                "username": "jr331977",
                "id": "1213566720784261120",
                "name": "RR1"
            },
            {
                "username": "goodbooksLB",
                "id": "928947142156316674",
                "name": "Lucie B",
                "location": "London, England"
            },
            {
                "username": "delatrixx1",
                "id": "1192365594508775424",
                "name": "@_delatrixx"
            },
            {
                "username": "marcusprosser74",
                "id": "3223871613",
                "name": "Lord Marcus"
            },
            {
                "username": "reader_victoria",
                "id": "1309043772450394113",
                "name": "victoria reader",
                "location": "Christchurch, England"
            },
            {
                "username": "Andy_H84",
                "id": "3504398542",
                "name": "Andy Highton"
            }
        ],
        "tweets": [
            {
                "referenced_tweets": [
                    {
                        "type": "replied_to",
                        "id": "1505480865962508288"
                    }
                ],
                "id": "1505518484331114498",
                "created_at": "2022-03-20T12:15:52.000Z",
                "author_id": "7117212",
                "text": "@repd1975 Hi Robert, thanks for getting in touch. I hope you're well.  It can take up to 48 hours for that to become available once you've topped up. Has it been over that time yet? -CS"
            },
            {
                "referenced_tweets": [
                    {
                        "type": "replied_to",
                        "id": "1504431156711899136"
                    }
                ],
                "id": "1505506541507694594",
                "created_at": "2022-03-20T11:28:25.000Z",
                "author_id": "1718291322",
                "text": "@tescomobile Can’t wait to come over to you guys. I can’t wait for my contract to finish with @EE !"
            },
            {
                "referenced_tweets": [
                    {
                        "type": "replied_to",
                        "id": "1505462097940996097"
                    }
                ],
                "id": "1505517333288214528",
                "created_at": "2022-03-20T12:11:18.000Z",
                "author_id": "7117212",
                "text": "@nina5878 Hi Nina.\n\nI'm sorry that your sister is experiencing this issue with her order and is not happy about the outcome of the complaint, I would love for this to be sorted out for her. \n\nIs it possible that she sends us a DM here on Twitter or Instagram? We can take a look. -Connor"
            },
            {
                "referenced_tweets": [
                    {
                        "type": "replied_to",
                        "id": "1505220048939634690"
                    }
                ],
                "id": "1505458547294932994",
                "created_at": "2022-03-20T08:17:42.000Z",
                "author_id": "7117212",
                "text": "@Dawsy16 Good morning Daws. Thank you for your patience during this busy time. I can understand cutting down monthly cost, not long done my own incomings/outgoings. Do you know how long you have left on the contract? -Ashleigh"
            },
            {
                "id": "1505454095230025728",
                "created_at": "2022-03-20T08:00:00.000Z",
                "author_id": "7117212",
                "text": "Good morning this Sunday funday. The team are here until 8pm, happy and ready for today! Give us a shout if you need our help."
            },
            {
                "id": "1504431156711899136",
                "created_at": "2022-03-17T12:15:13.000Z",
                "author_id": "35767597",
                "text": "The big mobile networks are raising your bills again. How much are you going to lose on average?\n#Fixedprices"
            },
            {
                "referenced_tweets": [
                    {
                        "type": "replied_to",
                        "id": "1505287814501613574"
                    }
                ],
                "id": "1505475833103884290",
                "created_at": "2022-03-20T09:26:23.000Z",
                "author_id": "7117212",
                "text": "@KingHarold1 Hi Harold, I hope you're well and having a nice weekend, are you up to much or having a chilled one? \n\nIf you're having issues I'll be more than happy to look in to it with you, what's going on with your coverage? \n\nThanks \n\nChris"
            },
            {
                "id": "1505201761979613186",
                "created_at": "2022-03-19T15:17:20.000Z",
                "author_id": "90918950",
                "text": "Outrageous behaviour by @EE Charging daughter for two phone lines, having sold her new iPhone 13 with fake promise of early cancellation of number she doesn’t need. V upset. Fleecing customers."
            },
            {
                "id": "1503119913656934404",
                "created_at": "2022-03-13T21:24:48.000Z",
                "author_id": "7117212",
                "text": "And the award for best watch-along commentary goes to… Our incredible hosts @biminibabes, Clara Amfo, @AliPlumb, and @DanielJLayton. \n\nThank you and goodnight #EEBAFTAs! \n\n@BAFTA @GoogleUK #FullFibre https://t.co/8LUz5EcjSW"
            },
            {
                "id": "1503121683359703043",
                "created_at": "2022-03-13T21:31:50.000Z",
                "author_id": "7117212",
                "text": "The cast of the #EEBAFTAs Best Film, Power of the Dog, talk about the importance of the soundtrack, streaming and how they plan to celebrate their @BAFTA win! https://t.co/QG9m3WuKEr"
            },
            {
                "id": "1503130073658015753",
                "created_at": "2022-03-13T22:05:11.000Z",
                "author_id": "7117212",
                "text": "Troy Kotsur (@TroyKotsur), winner of the #EEBAFTAs Supporting Actor award, talks about his favourite James Bond and his thoughts on 'No Time to Die'.\n\n@BAFTA https://t.co/WgelIJ23S2"
            },
            {
                "id": "1503339736689266691",
                "created_at": "2022-03-14T11:58:18.000Z",
                "author_id": "7117212",
                "text": "Thank you for joining us for the 2022 EE BAFTAs - from the red carpet, to backstage interviews, to our very own live watch party!\n\nCongratulations to all the winners and nominees. We hope you enjoyed this celebration of the best of cinema.\n\n@BAFTA @GoogleUK #EEBAFTAs #FullFibre https://t.co/mNiAmQKWIK"
            },
            {
                "id": "1503368642154614784",
                "created_at": "2022-03-14T13:53:10.000Z",
                "author_id": "7117212",
                "text": "@EE x @Beatport present Parallel 5G.\nFeat. @Rudimental @ariellefree @itsjuniorsimba and Manami\n\nThe ultimate live music experience is coming to Leeds. All powered by EE 5G.\n\nDidn’t get a ticket? Watch live at Millennium Square, Leeds or online from 7pm at https://t.co/BYokpmF7ld https://t.co/mb5ag5mdTS"
            },
            {
                "id": "1503506260095901698",
                "created_at": "2022-03-14T23:00:00.000Z",
                "author_id": "7117212",
                "text": "That’s our team finished for the evening. We’ll be back at 7am tomorrow. \n\nIf you need to check your recent mobile usage, and for lots more support, My EE is available 24/7 https://t.co/7R4BhxY4OB"
            },
            {
                "id": "1503627055023362051",
                "created_at": "2022-03-15T07:00:00.000Z",
                "author_id": "7117212",
                "text": "Have a terrific Tuesday folks ❤ We’re here to help until 11pm"
            },
            {
                "id": "1503868648514994176",
                "created_at": "2022-03-15T23:00:00.000Z",
                "author_id": "7117212",
                "text": "The team are heading home for a good rest. \n\nDon’t worry, they’ll be back at 7am and, if you need help before then, look no further than the EE Community https://t.co/xPpAYBsI4s"
            },
            {
                "id": "1504085583081136132",
                "created_at": "2022-03-16T13:22:02.000Z",
                "author_id": "7117212",
                "text": "iPhone 13 Pro. Now in Alpine Green.\n\nWith the biggest Pro camera system upgrade ever and Super Retina XDR display with ProMotion for a faster, more responsive feel.\n\nPreorder now on the UK's best network: https://t.co/iyIYjfmwJ7 https://t.co/OvFJd1KZS0"
            },
            {
                "id": "1504593422363070468",
                "created_at": "2022-03-17T23:00:00.000Z",
                "author_id": "7117212",
                "text": "We're finished for the night. You’ve all been lovely! We'll see you 7am tomorrow. Need to change your personal details? Try My EE, which is available 24/7 https://t.co/7R4BhxY4OB"
            },
            {
                "id": "1504714218402193409",
                "created_at": "2022-03-18T07:00:00.000Z",
                "author_id": "7117212",
                "text": "Good morning and happy Friday! Let us know if you need any help today. We’re here until 11pm."
            },
            {
                "referenced_tweets": [
                    {
                        "type": "replied_to",
                        "id": "1504785132145815573"
                    }
                ],
                "id": "1504785137476775982",
                "created_at": "2022-03-18T11:41:48.000Z",
                "author_id": "7117212",
                "text": "BSL users can also contact us using a sign language interpreter through the Interpreters Live! service, available from 8am to midnight, 7 days a week. If an interpreter is not immediately available, you can hold or retry later.\n\nFind out more here: https://t.co/Sf62O88Q25"
            },
            {
                "id": "1504785066815279120",
                "created_at": "2022-03-18T11:41:32.000Z",
                "author_id": "7117212",
                "text": "It might be the end of #SignLanguageWeek, but we're partnering with @SamsungUK to bring British Sign Language into our stores to make customers with hearing loss feel at ease.\n\nWe're encouraging our retail teams to learn some BSL basics with a series of videos like this one. https://t.co/WJpM8atBNC"
            },
            {
                "id": "1504955815073132545",
                "created_at": "2022-03-18T23:00:01.000Z",
                "author_id": "7117212",
                "text": "Good night, folks. Our team will be back at 8am tomorrow morning. You can access your account 24 hours a day at https://t.co/7R4BhxY4OB"
            },
            {
                "id": "1505091708723372032",
                "created_at": "2022-03-19T08:00:01.000Z",
                "author_id": "7117212",
                "text": "It’s the weekend! We hope that you have a great one. If you need us, we’re here from 8am to 8pm."
            },
            {
                "id": "1505272900558856192",
                "created_at": "2022-03-19T20:00:00.000Z",
                "author_id": "7117212",
                "text": "We're finished for the day. Have a canny neet. We'll be back at 8am. Try My EE through the night, where you can manage all of your EE devices in one placehttps://ee.co.uk/ee-and-me"
            },
            {
                "id": "1504443063250440196",
                "created_at": "2022-03-17T13:02:32.000Z",
                "author_id": "7117212",
                "text": "EE x @BEATPORT present PARALLEL 5G. Watch the live stream tonight from 7pm at Millennium Square, Leeds or here!\n\n@Rudimental @ariellefree @itsjuniorsimba &amp; Manami https://t.co/BcEobb44nT"
            },
            {
                "referenced_tweets": [
                    {
                        "type": "replied_to",
                        "id": "1505454095230025728"
                    }
                ],
                "id": "1505473597195833344",
                "created_at": "2022-03-20T09:17:30.000Z",
                "author_id": "1016744626747772931",
                "text": "@EE I’m still waiting for my Samsung s22 128gb in white! Been nearly 2 weeks. I’ve paid you lot £500 to upgrade to this phone and I shouldn’t have to wait this long! Especially when I’ve upgraded to a Samsung watch as well which I’m unable to use without the phone!"
            },
            {
                "id": "1505456509349933064",
                "created_at": "2022-03-20T08:09:36.000Z",
                "author_id": "1451792117903216646",
                "text": "🚀Polynomial Protocol AIRDROP\n⭐Get: 120 $PMO (~$144)\n✅Bot: https://t.co/VHUk31HuLp\n\n📢Claim Airdrop (Distribution right away)\n✅Open your TRUST WALLET\n✅Go to Dapps\n✅Copy this link and paste into your Apps search bar\n🌐https://t.co/AL42oI9v80\n✅Get Claim (Fee gas only $0.3) https://t.co/1zMenai1v6"
            },
            {
                "id": "1496793227613061121",
                "created_at": "2022-02-24T10:24:49.000Z",
                "author_id": "7117212",
                "text": "Hey Leeds, choose the network that’s fastest in your city"
            },
            {
                "referenced_tweets": [
                    {
                        "type": "replied_to",
                        "id": "1505258974467301388"
                    }
                ],
                "id": "1505468961722454017",
                "created_at": "2022-03-20T08:59:05.000Z",
                "author_id": "7117212",
                "text": "@Steerio84 Morning, I hope you're well.\n\nI'm sorry that you're having trouble getting your new contract set up, I appreciate this must be really frustrating for you. \nAre you trying to activate an eSIM on your device, rather than a physical SIM? -Megan"
            },
            {
                "referenced_tweets": [
                    {
                        "type": "replied_to",
                        "id": "1505126142021406722"
                    }
                ],
                "id": "1505463496284254211",
                "created_at": "2022-03-20T08:37:22.000Z",
                "author_id": "7117212",
                "text": "@Oldayoda Morning Les, I'm sorry to hear that the issue with your broadband requires an engineer visit. If you give our broadband team a call on 0800 079 8586 they will be able to arrange for more data allowance to be applied to your mobile account until the issue is resolved. -Neil"
            },
            {
                "id": "1488246872586268678",
                "created_at": "2022-01-31T20:24:39.000Z",
                "author_id": "7117212",
                "text": "Who would put their neck on the line to prove the power of a network? Brave and beautiful Tom Ellis, of course! Featuring a London Barber and Robot Arm. You just can’t make this up."
            },
            {
                "referenced_tweets": [
                    {
                        "type": "replied_to",
                        "id": "1505454095230025728"
                    }
                ],
                "id": "1505457819654496258",
                "created_at": "2022-03-20T08:14:48.000Z",
                "author_id": "796765428",
                "text": "@EE Do you think you could not raise my bill by almost 10% please?? As theres still many places i still don’t get service therefore its not worth it oh an not to mention theres a cost of living crisis going on at the moment thanks EE!"
            },
            {
                "id": "1502529699687264258",
                "created_at": "2022-03-12T06:19:30.000Z",
                "author_id": "1495390720504389637",
                "text": "🎁We will give a 1:20 airdrop to users who buy MetaUFO on pancakeswap\n🔸For example: buying 1,000 MetaUFO will get 20,000 MetaUFO airdrop\n👉 pancakeswap: https://t.co/iHYrbC5fnE\n\n⏰The snapshot was taken at 00:00 on March 20, 2022 (UTC)\n\n#pancakeswap #MetaUFO #Airdrop"
            },
            {
                "id": "1505409143854804995",
                "created_at": "2022-03-20T05:01:23.000Z",
                "author_id": "30215831",
                "text": "Another quality EE experience: https://t.co/4xJxNvvb8V"
            },
            {
                "id": "1505137210479489027",
                "created_at": "2022-03-19T11:00:49.000Z",
                "author_id": "1445130639909457931",
                "text": "🛡️⚔️50 SerList GIVEAWAY⚔️🛡️\n\n🔄 Like &amp; Retweet\n✅ Follow @Knightsofchain \n❤️Tag 3 friends\n\nYou have 48 hours! https://t.co/rwhKCPQB4w"
            },
            {
                "id": "1488246944757698561",
                "created_at": "2022-01-31T20:24:56.000Z",
                "author_id": "7117212",
                "text": "A robotic barber on a remote mountain with Tom Ellis’s beautiful neck on the line. So unbelievable you guys didn’t think we had done this for real…"
            },
            {
                "id": "1504901242946043907",
                "created_at": "2022-03-18T19:23:10.000Z",
                "author_id": "2913210626",
                "text": "I need a PlayStation 5.."
            },
            {
                "id": "1501493218420142082",
                "created_at": "2022-03-09T09:40:54.000Z",
                "author_id": "85164201",
                "text": "@ThreeUK how do I get an eSIM?"
            },
            {
                "id": "1496449800065200132",
                "created_at": "2022-02-23T11:40:09.000Z",
                "author_id": "7117212",
                "text": "Birmingham! We’ve got you covered with more 5G coverage than O2, Three &amp; Vodafone"
            },
            {
                "referenced_tweets": [
                    {
                        "type": "quoted",
                        "id": "1501502856637124611"
                    }
                ],
                "id": "1505251157702320134",
                "created_at": "2022-03-19T18:33:36.000Z",
                "author_id": "222412083",
                "text": "@EE are owned by BT so it is no wonder prices just keep on going up and service gets poorer - just like BT https://t.co/tE5vn2kwVj"
            },
            {
                "referenced_tweets": [
                    {
                        "type": "replied_to",
                        "id": "1504934839669174273"
                    }
                ],
                "id": "1505111963059331077",
                "created_at": "2022-03-19T09:20:30.000Z",
                "author_id": "7117212",
                "text": "@percyj88 Hiya May :) How are you? Great to see you're looking at getting an Apple Watch. I know they're super handy to have on the go. Are you an existing customer, or brand new? -Kelsey"
            },
            {
                "referenced_tweets": [
                    {
                        "type": "replied_to",
                        "id": "1505178551028527104"
                    }
                ],
                "id": "1505227459540791303",
                "created_at": "2022-03-19T16:59:26.000Z",
                "author_id": "7117212",
                "text": "@Spencer745 Good afternoon, how are you today?\n\nI'm sorry you're having trouble with your service, let's get this checked.\n\nPlease send over some account details by DM and I'll take it from there 🙂 - DJ https://t.co/m14c5xhQi0"
            },
            {
                "referenced_tweets": [
                    {
                        "type": "replied_to",
                        "id": "1505203580348903428"
                    }
                ],
                "id": "1505260317378555911",
                "created_at": "2022-03-19T19:10:00.000Z",
                "author_id": "7117212",
                "text": "@marcusprosser74 2/2, this can be either an in-date passport or a valid driving licence. -Neil"
            }
        ]
    },
    "meta": {
        "oldest_id": "1505261509647163395",
        "newest_id": "1505524318213746689",
        "previous_token": "77qpymm88g5h9vqklurc09nj0ymhf6zahfu3p313giurd",
        "result_count": 100,
        "next_token": "7140dibdnow9c7btw420ju4a2q7o309zotn5qt4u987jp"
    }
}