{
    "data": [
        {
            "author_id": "2380675103",
            "text": "@VodafoneUK ski down the highest mountain in Spain is my #dreamholiday 😁⛷️🇪🇸",
            "id": "1504071438902431750",
            "referenced_tweets": [
                {
                    "type": "replied_to",
                    "id": "1503778049203924994"
                }
            ],
            "created_at": "2022-03-16T12:25:49.000Z"
        },
        {
            "author_id": "1157976553",
            "text": "@VodafoneUK what is the use of following an automated phone line to then get to the end and be told you won't answer my call due to 'issues'. How else am I supposed to arrange to move my broadband to a different address?",
            "id": "1504070546472022018",
            "created_at": "2022-03-16T12:22:17.000Z"
        },
        {
            "author_id": "1535567018",
            "text": "@rfc1970 @ThreeUK Shouldv went with @VodafoneUK  bro never had and problems with them no matter what and a just pay my bills on line.",
            "id": "1504069659510943744",
            "referenced_tweets": [
                {
                    "type": "replied_to",
                    "id": "1504035945477287940"
                }
            ],
            "created_at": "2022-03-16T12:18:45.000Z"
        },
        {
            "author_id": "1094943798302572545",
            "text": "@VodafoneUK Hi Mark, for some reason it is not letting me access the reply features",
            "id": "1504064182995591174",
            "referenced_tweets": [
                {
                    "type": "replied_to",
                    "id": "1504063826349772800"
                }
            ],
            "created_at": "2022-03-16T11:57:00.000Z"
        },
        {
            "author_id": "2958698568",
            "text": "@VodafoneUK https://t.co/1daECYZXQc this form is not working, please help me to move my old number from @VOXI_UK to @VodafoneUK",
            "id": "1504063793168621572",
            "created_at": "2022-03-16T11:55:27.000Z"
        },
        {
            "author_id": "1369104462",
            "text": "@VodafoneUK Costa Rica Bungee ?, right location, very wrong on the activity 😂#DreamHoliday",
            "id": "1504063459104899074",
            "referenced_tweets": [
                {
                    "type": "replied_to",
                    "id": "1503778049203924994"
                }
            ],
            "created_at": "2022-03-16T11:54:07.000Z"
        },
        {
            "author_id": "1094943798302572545",
            "text": "@VodafoneUK Is there anyway I can change my “deliver to store” order to click &amp; collect? I thought I had done before checkout but arrived to store to be told I hadn’t.",
            "id": "1504062984624214025",
            "created_at": "2022-03-16T11:52:14.000Z"
        },
        {
            "author_id": "2831643698",
            "text": "@VodafoneUK I’ll be haggling with the locals in Thailand 🇹🇭 sounds about right @Builtough #DreamHoliday #VeryMeRewards ❤️ https://t.co/ZGEsz1Zxp4",
            "id": "1504061727939477505",
            "referenced_tweets": [
                {
                    "type": "replied_to",
                    "id": "1503778049203924994"
                }
            ],
            "created_at": "2022-03-16T11:47:14.000Z"
        },
        {
            "author_id": "3006413584",
            "text": "@VodafoneUK #DreamHoliday in Greece, Bungee from a 300ft crane. I think that's more of a holiday nightmare than dream holiday.  I'd much rather be in Orlando on my delayed honeymoon",
            "id": "1504060821965529094",
            "referenced_tweets": [
                {
                    "type": "replied_to",
                    "id": "1503778049203924994"
                }
            ],
            "created_at": "2022-03-16T11:43:38.000Z"
        },
        {
            "author_id": "2219268181",
            "text": "@VodafoneUK Apparently I'm skiing down a mountain in Dubai... I mean they do have that vr place.. #DreamHoliday. Better get over to #verymerewards to see what I can win!",
            "id": "1504057389342990341",
            "referenced_tweets": [
                {
                    "type": "replied_to",
                    "id": "1503778049203924994"
                }
            ],
            "created_at": "2022-03-16T11:30:00.000Z"
        },
        {
            "author_id": "3414631307",
            "text": "@o2 how do I know when my number has ported over from @VodafoneUK successfully??",
            "id": "1504057150963859459",
            "created_at": "2022-03-16T11:29:03.000Z"
        },
        {
            "author_id": "350415592",
            "text": "@VodafoneUK #DreamHoliday Invest in a timeshare I'll never use in Spain. #VeryMeRewards",
            "id": "1504043238738604032",
            "referenced_tweets": [
                {
                    "type": "replied_to",
                    "id": "1503778049203924994"
                }
            ],
            "created_at": "2022-03-16T10:33:46.000Z"
        },
        {
            "author_id": "38886687",
            "text": "@VodafoneUK I’m off to New Zealand for tea and crumpets 😂😂",
            "id": "1504043173433470976",
            "referenced_tweets": [
                {
                    "type": "replied_to",
                    "id": "1503778049203924994"
                }
            ],
            "created_at": "2022-03-16T10:33:30.000Z"
        },
        {
            "author_id": "22250787",
            "text": "@MrStephenHicks @VodafoneUK Welcome to @VodafoneUK customer service 😡",
            "id": "1504042254037622784",
            "referenced_tweets": [
                {
                    "type": "replied_to",
                    "id": "1504031902260506626"
                }
            ],
            "created_at": "2022-03-16T10:29:51.000Z"
        },
        {
            "author_id": "22250787",
            "text": "@Michelle_0086 @VodafoneUK You've probably dodged a bullet by cancelling Michelle, @VodafoneUK customer service is dreadful and the customer experience is extremely poor. Good luck with the application.",
            "id": "1504042114514096133",
            "referenced_tweets": [
                {
                    "type": "replied_to",
                    "id": "1504037676449779713"
                }
            ],
            "created_at": "2022-03-16T10:29:18.000Z"
        },
        {
            "author_id": "22250787",
            "text": "@VodafoneUK And then when I call your support number ..... I'm told you can't help me by an automated message and that I should try your chat function.....that I've just been locked out of!!!!! FFS 😡😡😡😡😡😡😡😡 Total joke.#vodafonedown",
            "id": "1504041449557577728",
            "referenced_tweets": [
                {
                    "type": "replied_to",
                    "id": "1504040383596175360"
                }
            ],
            "created_at": "2022-03-16T10:26:39.000Z"
        },
        {
            "author_id": "22250787",
            "text": "@VodafoneUK I'm absolutely furious, I've just spent almost an hour waiting to get to the front of your online chat queue only to be kicked off when I reached the front of the queue. You customer service is appalling. Can any of your support team PLEASE CALL ME! #shambles #poorservice",
            "id": "1504040383596175360",
            "referenced_tweets": [
                {
                    "type": "replied_to",
                    "id": "1503968692723453953"
                }
            ],
            "created_at": "2022-03-16T10:22:25.000Z"
        },
        {
            "author_id": "891710899",
            "text": "@VodafoneUK Ski down the tallest mountain in Germany ⛷❄️ would be an amazing holiday for me and my partner to celebrate getting engaged last week on my birthday!! 💍 #DreamHoliday",
            "id": "1504037753679400962",
            "referenced_tweets": [
                {
                    "type": "replied_to",
                    "id": "1503778049203924994"
                }
            ],
            "created_at": "2022-03-16T10:11:58.000Z"
        },
        {
            "author_id": "174824198",
            "text": "@VodafoneUK Haggling with the locals in the Philippines......what, again? 😂 Sounds wonderful! 💕💕",
            "id": "1504035838094684162",
            "referenced_tweets": [
                {
                    "type": "replied_to",
                    "id": "1503778049203924994"
                }
            ],
            "created_at": "2022-03-16T10:04:22.000Z"
        },
        {
            "author_id": "175745994",
            "text": "@VodafoneUK Thank you I'll do this now.",
            "id": "1504035102678040581",
            "referenced_tweets": [
                {
                    "type": "replied_to",
                    "id": "1504034195491987461"
                }
            ],
            "created_at": "2022-03-16T10:01:26.000Z"
        },
        {
            "author_id": "175745994",
            "text": "Pre ordered the #GalaxyTabS8Ultra from @VodafoneUK February 23rd. Was told I would receive it on march 11th. Today is March 16th no sign of it. At this stage I'm concerned I won't get the pre order bonus from @SamsungUK",
            "id": "1504031673717084170",
            "created_at": "2022-03-16T09:47:49.000Z"
        },
        {
            "author_id": "1370316782234402816",
            "text": "@VodafoneUK Still waiting on talking with someone",
            "id": "1504026548139180038",
            "referenced_tweets": [
                {
                    "type": "replied_to",
                    "id": "1504018188052410368"
                }
            ],
            "created_at": "2022-03-16T09:27:27.000Z"
        },
        {
            "author_id": "186486456",
            "text": "@VodafoneUK Haggle with the locals in Hawaii  #DreamHoliday",
            "id": "1504026164796571652",
            "referenced_tweets": [
                {
                    "type": "replied_to",
                    "id": "1503778049203924994"
                }
            ],
            "created_at": "2022-03-16T09:25:55.000Z"
        },
        {
            "author_id": "3332526250",
            "text": "@VodafoneUK Japan to become a ice pro skater #DreamHoliday #verymerewards",
            "id": "1504022231969587207",
            "referenced_tweets": [
                {
                    "type": "replied_to",
                    "id": "1503778049203924994"
                }
            ],
            "created_at": "2022-03-16T09:10:18.000Z"
        },
        {
            "author_id": "50686337",
            "text": "@VodafoneUK #DreamHoliday Building  huge sandcastles in New Zealand!",
            "id": "1504016909452427271",
            "referenced_tweets": [
                {
                    "type": "replied_to",
                    "id": "1503778049203924994"
                }
            ],
            "created_at": "2022-03-16T08:49:09.000Z"
        },
        {
            "author_id": "360522606",
            "text": "@VodafoneUK Haggle with the locals in Australia #DreamHoliday",
            "id": "1504016784751538177",
            "referenced_tweets": [
                {
                    "type": "replied_to",
                    "id": "1503778049203924994"
                }
            ],
            "created_at": "2022-03-16T08:48:39.000Z"
        },
        {
            "author_id": "160899571",
            "text": "@VodafoneUK installed new full fibre on Monday….less than 24hrs later it’s down and still down, your excuse being a car had driven into a Comms box but would be fixed by 5am this morning, but still no joy. #nottingham #ng8",
            "id": "1504015658777985024",
            "created_at": "2022-03-16T08:44:10.000Z"
        },
        {
            "author_id": "70648118",
            "text": "@VodafoneUK #DreamHoliday Spanish sandcastles for me 🤩",
            "id": "1504011063217606658",
            "referenced_tweets": [
                {
                    "type": "replied_to",
                    "id": "1503778049203924994"
                }
            ],
            "created_at": "2022-03-16T08:25:55.000Z"
        },
        {
            "author_id": "18629674",
            "text": "In a UK-first, @VodafoneUK &amp; @ericsson have successfully completed a #5G standalone network slicing trial.\n \nhttps://t.co/ELpdse2txd",
            "id": "1504010342036381699",
            "created_at": "2022-03-16T08:23:03.000Z"
        },
        {
            "author_id": "233206055",
            "text": "@VodafoneUK Hawaii i'll take but i'll pass on the bungee thanks 🤢 #DreamHoliday",
            "id": "1504009262112161794",
            "referenced_tweets": [
                {
                    "type": "replied_to",
                    "id": "1503778049203924994"
                }
            ],
            "created_at": "2022-03-16T08:18:45.000Z"
        },
        {
            "author_id": "22250787",
            "text": "@VodafoneUK Followed instructions, sent details only to be cycled round the SAME AUTOMATIC HELP THAT DID NOTHING THE FIRST TIME! 😡😡😡A person @VodafoneUK a real life, walking talking person is what I need to assist me, not an utterly useless Bot, ruining customer experience!",
            "id": "1504007742222131202",
            "created_at": "2022-03-16T08:12:43.000Z"
        },
        {
            "author_id": "837271780003885056",
            "text": "@VodafoneUK #DreamHoliday I’m off to Spain to ski down the tallest mountain 😂",
            "id": "1504004614907174918",
            "referenced_tweets": [
                {
                    "type": "replied_to",
                    "id": "1503778049203924994"
                }
            ],
            "created_at": "2022-03-16T08:00:17.000Z"
        },
        {
            "author_id": "30686109",
            "text": "@VodafoneUK #DreamHoliday Costa rica to ski down the tallest mountain. Is that even possible there!!",
            "id": "1504004561597571076",
            "referenced_tweets": [
                {
                    "type": "replied_to",
                    "id": "1503778049203924994"
                }
            ],
            "created_at": "2022-03-16T08:00:05.000Z"
        },
        {
            "author_id": "211959269",
            "text": "@VodafoneUK #DreamHoliday \nI'm in Australia Haggling with the locals 🇦🇺 💵 🤞🤞🤞 #WIN\n#VeryMeRewards",
            "id": "1504003403298615298",
            "referenced_tweets": [
                {
                    "type": "replied_to",
                    "id": "1503778049203924994"
                }
            ],
            "created_at": "2022-03-16T07:55:29.000Z"
        },
        {
            "author_id": "17272960",
            "text": "@VodafoneUK Japan, making friends with a bear 🐻 #DreamHoliday",
            "id": "1504001296201887748",
            "referenced_tweets": [
                {
                    "type": "replied_to",
                    "id": "1503778049203924994"
                }
            ],
            "created_at": "2022-03-16T07:47:06.000Z"
        },
        {
            "author_id": "1281592110",
            "text": "@VodafoneUK Invest in a timeshare I’ll never use in Dubai?!! 😩 #DreamHoliday",
            "id": "1504001157533995008",
            "referenced_tweets": [
                {
                    "type": "replied_to",
                    "id": "1503778049203924994"
                }
            ],
            "created_at": "2022-03-16T07:46:33.000Z"
        },
        {
            "author_id": "143484502",
            "text": "Use cases such as remote broadcast and production, especially where the quality of live-stream content could be impacted by network upload speed, could see a huge boost from the fruits of a partnership between @VodafoneUK and @ericsson .\n https://t.co/VGyMhyuiUW https://t.co/kEkWu6UGW5",
            "id": "1503995280177389568",
            "created_at": "2022-03-16T07:23:12.000Z"
        },
        {
            "author_id": "222203527",
            "text": "@VodafoneUK ordered new phone nearly a month ago and did a trade in to bring cost of new phone down, still waiting for package to send old phone in and possibly loose my offer.",
            "id": "1503992927688790020",
            "created_at": "2022-03-16T07:13:51.000Z"
        },
        {
            "author_id": "40877460",
            "text": "@VodafoneUK #DreamHoliday Thailand - Get Lost in The Jungle ... I do hope I find my way to the beach though!!! This is awesome, thanks",
            "id": "1503990959071272961",
            "referenced_tweets": [
                {
                    "type": "replied_to",
                    "id": "1503778049203924994"
                }
            ],
            "created_at": "2022-03-16T07:06:02.000Z"
        },
        {
            "author_id": "569017255",
            "text": "@VodafoneUK #DreamHoliday  I'm going to Greece to make friends with a bear. Hope it's a cuddly one. https://t.co/uyl9F4wFFf",
            "id": "1503988712190976007",
            "referenced_tweets": [
                {
                    "type": "replied_to",
                    "id": "1503778049203924994"
                }
            ],
            "created_at": "2022-03-16T06:57:06.000Z"
        },
        {
            "author_id": "1037007204",
            "text": "@EE I’m so done with @VodafoneUK I’m gonna move to @ee",
            "id": "1503987831886209025",
            "referenced_tweets": [
                {
                    "type": "replied_to",
                    "id": "1496792365192859649"
                }
            ],
            "created_at": "2022-03-16T06:53:36.000Z"
        },
        {
            "author_id": "31071343",
            "text": "@VodafoneUK Off to Thailand to hunt for a lost city ... that certainly would be a #DreamHoliday!",
            "id": "1503983451866910721",
            "referenced_tweets": [
                {
                    "type": "replied_to",
                    "id": "1503778049203924994"
                }
            ],
            "created_at": "2022-03-16T06:36:12.000Z"
        },
        {
            "author_id": "1710302744",
            "text": "@VodafoneUK Australia hunting for a lost city so guess ill become the new indiana jones. if im not back in 3 years send out a search party. lol",
            "id": "1503974364966010880",
            "referenced_tweets": [
                {
                    "type": "replied_to",
                    "id": "1503778049203924994"
                }
            ],
            "created_at": "2022-03-16T06:00:05.000Z"
        },
        {
            "author_id": "22250787",
            "text": "@VodafoneUK Despite following instructions and your troubleshooting guide, my line is still down 😡😡#vodafonedown https://t.co/Dz7OPGSSLZ",
            "id": "1503968384731467776",
            "created_at": "2022-03-16T05:36:19.000Z"
        },
        {
            "author_id": "22250787",
            "text": "@VodafoneUK @IamJems_ I'm having exactly the same issue on my new Vodafone fibre line, unbelievably frustrating!!! Power cycled the router, pressed the reconnect button as prompted - nothing!!!",
            "id": "1503963434819461120",
            "referenced_tweets": [
                {
                    "type": "replied_to",
                    "id": "1503956541296324613"
                }
            ],
            "created_at": "2022-03-16T05:16:39.000Z"
        },
        {
            "author_id": "296778722",
            "text": "@VodafoneUK Hi you’ve taken my direct debit for the third time this month (the second time was returned). Can someone review why when I’ve got confirmation from Vodafone the bill was paid on the first direct debit.",
            "id": "1503916720871948289",
            "created_at": "2022-03-16T02:11:02.000Z"
        },
        {
            "author_id": "1449494827117293569",
            "text": "@VodafoneUK home broadband has been playing up for about 16 hours",
            "id": "1503915568235266048",
            "referenced_tweets": [
                {
                    "type": "replied_to",
                    "id": "1503915317424271366"
                }
            ],
            "created_at": "2022-03-16T02:06:27.000Z"
        },
        {
            "author_id": "1449494827117293569",
            "text": "@VodafoneUK internet been down all day yesterday and still down. shocking stuff",
            "id": "1503914395411308544",
            "created_at": "2022-03-16T02:01:47.000Z"
        },
        {
            "author_id": "1246215215215185921",
            "text": "@VodafoneUK Let’s go to Japan, Hawaii and have tea and crumpets lol @Spacelan0 \n\n(I got Japan &amp; tea and crumpets)\n\nVery British for going aboard eh, gotta stick to our roots I guess.\n#DreamHoliday",
            "id": "1503896891553206272",
            "referenced_tweets": [
                {
                    "type": "replied_to",
                    "id": "1503778049203924994"
                }
            ],
            "created_at": "2022-03-16T00:52:14.000Z"
        },
        {
            "author_id": "273134199",
            "text": "@VodafoneUK #DreamHoliday Maldives…Get lost in the jungle",
            "id": "1503890077231026179",
            "referenced_tweets": [
                {
                    "type": "replied_to",
                    "id": "1503778049203924994"
                }
            ],
            "created_at": "2022-03-16T00:25:09.000Z"
        },
        {
            "author_id": "745722921201598464",
            "text": "@VodafoneUK Skiing down the tallest mountain in Spain #DreamHoliday #VeryMeRewards",
            "id": "1503885609559068675",
            "referenced_tweets": [
                {
                    "type": "replied_to",
                    "id": "1503778049203924994"
                }
            ],
            "created_at": "2022-03-16T00:07:24.000Z"
        },
        {
            "author_id": "21314245",
            "text": "@VodafoneUK is match-funding donations to the @DECappeal Ukraine Humanitarian Appeal through the @BritishRedCross, up to £250,000\n👇🏽 \n\nhttps://t.co/cEL5LWwL7N https://t.co/Yk92elgyr9",
            "id": "1503879182828421121",
            "referenced_tweets": [
                {
                    "type": "quoted",
                    "id": "1501180339011661825"
                }
            ],
            "created_at": "2022-03-15T23:41:52.000Z"
        },
        {
            "author_id": "2487236884",
            "text": "@VodafoneUK I'm off to Australia to haggle with the locals. 😂😂😂😂",
            "id": "1503874230240350208",
            "referenced_tweets": [
                {
                    "type": "replied_to",
                    "id": "1503778049203924994"
                }
            ],
            "created_at": "2022-03-15T23:22:11.000Z"
        },
        {
            "author_id": "2326232745",
            "text": "@VodafoneUK I'm going to Canada to Wrestle an aardvark 🤣 .... heads fallen off 😬😂\n#DreamHoliday\n\nSuch an awesome giveaway 😍 thanks @VodafoneUK ❤",
            "id": "1503872465176571904",
            "referenced_tweets": [
                {
                    "type": "replied_to",
                    "id": "1503778049203924994"
                }
            ],
            "created_at": "2022-03-15T23:15:10.000Z"
        },
        {
            "author_id": "174385634",
            "text": "@VodafoneUK That’s a long time, I want a refund for lack of service. Every other network is fine.",
            "id": "1503872156538748937",
            "referenced_tweets": [
                {
                    "type": "replied_to",
                    "id": "1503871150912421893"
                }
            ],
            "created_at": "2022-03-15T23:13:57.000Z"
        },
        {
            "author_id": "174385634",
            "text": "@VodafoneUK what is this nonsense? All day my colleagues and more importantly my patients cannot access the internet! https://t.co/OLc1Ixd5I7",
            "id": "1503866783970873344",
            "created_at": "2022-03-15T22:52:36.000Z"
        },
        {
            "author_id": "47692079",
            "text": "@VodafoneUK Thanks!\n\nFinal q, any plans to stock the Apple Watch 7 Titanium?",
            "id": "1503866210026467329",
            "referenced_tweets": [
                {
                    "type": "replied_to",
                    "id": "1503834438534410244"
                }
            ],
            "created_at": "2022-03-15T22:50:19.000Z"
        },
        {
            "author_id": "1236999763821805569",
            "text": "@VodafoneUK #DreamHoliday Costa Rica invest in a time share you will never use 😂",
            "id": "1503859593520242688",
            "referenced_tweets": [
                {
                    "type": "replied_to",
                    "id": "1503778049203924994"
                }
            ],
            "created_at": "2022-03-15T22:24:02.000Z"
        },
        {
            "author_id": "3390049133",
            "text": "@VodafoneUK I’ll be going to New Zealand to have tea and crumpets. Happy with that #DreamHoliday",
            "id": "1503858478254858240",
            "referenced_tweets": [
                {
                    "type": "replied_to",
                    "id": "1503778049203924994"
                }
            ],
            "created_at": "2022-03-15T22:19:36.000Z"
        },
        {
            "author_id": "1162987990941097984",
            "text": "@VodafoneUK Hawaii, Hunt for a lost city, (the new Magnum PI) . 📱🧳🛫🇺🇸🏝️🚁🔎🏞️🏦 #DreamHoliday #VeryMeRewards https://t.co/GdyPDu1plb",
            "id": "1503856157563273220",
            "referenced_tweets": [
                {
                    "type": "replied_to",
                    "id": "1503778049203924994"
                }
            ],
            "created_at": "2022-03-15T22:10:22.000Z"
        },
        {
            "author_id": "2967719261",
            "text": "@VodafoneUK Spain to get lost in the jungle…it sounds great!! ❤️🍀🤞 #DreamHoliday #VeryMeRewards 📱",
            "id": "1503854006602502145",
            "referenced_tweets": [
                {
                    "type": "replied_to",
                    "id": "1503778049203924994"
                }
            ],
            "created_at": "2022-03-15T22:01:50.000Z"
        },
        {
            "author_id": "292995131",
            "text": "@VodafoneUK #dreamholiday I’m going to make friends with a bear in Spain! 😂🐻",
            "id": "1503852212866490374",
            "referenced_tweets": [
                {
                    "type": "replied_to",
                    "id": "1503778049203924994"
                }
            ],
            "created_at": "2022-03-15T21:54:42.000Z"
        },
        {
            "author_id": "759091994526412800",
            "text": "@VodafoneUK Greece - to become a pro Ice Skater.\n#dreamholiday",
            "id": "1503847619050848260",
            "referenced_tweets": [
                {
                    "type": "replied_to",
                    "id": "1503778049203924994"
                }
            ],
            "created_at": "2022-03-15T21:36:27.000Z"
        },
        {
            "author_id": "41894658",
            "text": "@VodafoneUK Costa Rica.. Get lost in the jungle😂\n#DreamHoliday https://t.co/aZQ0D7E720",
            "id": "1503846077316976645",
            "referenced_tweets": [
                {
                    "type": "replied_to",
                    "id": "1503778049203924994"
                }
            ],
            "created_at": "2022-03-15T21:30:19.000Z"
        },
        {
            "author_id": "29496744",
            "text": "Hey @VodafoneUK, any idea why I can't login to my account? If I try to login it gives me an error and when I tried again it asked for a SMS code and then gives me an internal error! https://t.co/7f6gjXwFDV",
            "id": "1503844551974338560",
            "created_at": "2022-03-15T21:24:15.000Z"
        },
        {
            "author_id": "25728583",
            "text": "@VodafoneUK Greece to haggle with the locals .. not quite my #DreamHoliday but after being stuck in England since 2017, anything goes 😂 #VeryMeRewards",
            "id": "1503842676621430791",
            "referenced_tweets": [
                {
                    "type": "replied_to",
                    "id": "1503778049203924994"
                }
            ],
            "created_at": "2022-03-15T21:16:48.000Z"
        },
        {
            "author_id": "2901207916",
            "text": "@VodafoneUK Australia to build a huge sandcastle #DreamHoliday",
            "id": "1503841021389594629",
            "referenced_tweets": [
                {
                    "type": "replied_to",
                    "id": "1503778049203924994"
                }
            ],
            "created_at": "2022-03-15T21:10:14.000Z"
        },
        {
            "author_id": "829689102",
            "text": "@VodafoneUK France -&gt; have tea &amp; crumpets 😂 #DreamHoliday",
            "id": "1503836964830724102",
            "referenced_tweets": [
                {
                    "type": "replied_to",
                    "id": "1503778049203924994"
                }
            ],
            "created_at": "2022-03-15T20:54:07.000Z"
        },
        {
            "author_id": "1353373868589801472",
            "text": "@VodafoneUK I’m off to feed the penguins in Hawaii, apparently. If they’re in Hawaii, I reckon they probably look something like this…\n\n#WIN #DreamHoliday #VeryMeRewards https://t.co/hgbV6FgJII",
            "id": "1503834024887959556",
            "referenced_tweets": [
                {
                    "type": "replied_to",
                    "id": "1503778049203924994"
                }
            ],
            "created_at": "2022-03-15T20:42:26.000Z"
        },
        {
            "author_id": "114737505",
            "text": "@VodafoneUK #DreamHoliday I’m off to Hawaii to become a professional ice skater. Yes please!",
            "id": "1503833879957934087",
            "referenced_tweets": [
                {
                    "type": "replied_to",
                    "id": "1503778049203924994"
                }
            ],
            "created_at": "2022-03-15T20:41:51.000Z"
        },
        {
            "author_id": "1015858586",
            "text": "@VodafoneUK I’ll be in Canada enjoying tea and crumpets 🤣 #DreamHoliday",
            "id": "1503831043178221574",
            "referenced_tweets": [
                {
                    "type": "replied_to",
                    "id": "1503778049203924994"
                }
            ],
            "created_at": "2022-03-15T20:30:35.000Z"
        },
        {
            "author_id": "578829484",
            "text": "@VodafoneUK Bungee jump in Spain #verymerewards #DreamHoliday #win",
            "id": "1503830864844754946",
            "referenced_tweets": [
                {
                    "type": "replied_to",
                    "id": "1503778049203924994"
                }
            ],
            "created_at": "2022-03-15T20:29:52.000Z"
        },
        {
            "author_id": "443273310",
            "text": "@VodafoneUK I'll be wresting ardvarks in Greece #DreamHoliday #verymerewards",
            "id": "1503829254450159624",
            "referenced_tweets": [
                {
                    "type": "replied_to",
                    "id": "1503778049203924994"
                }
            ],
            "created_at": "2022-03-15T20:23:28.000Z"
        },
        {
            "author_id": "468365378",
            "text": "@VodafoneUK #DreamHoliday.. I’m going to Japan to feed the penguins..🐧🐧.. I can’t wait ..I love penguins..😱😱😁😁.. gets suitcase down from loft!! .🧳🐧🇯🇵☀️🍜#VeryMeRewards#WIN🥰",
            "id": "1503826530606137350",
            "referenced_tweets": [
                {
                    "type": "replied_to",
                    "id": "1503778049203924994"
                }
            ],
            "created_at": "2022-03-15T20:12:39.000Z"
        },
        {
            "author_id": "70453172",
            "text": "@VodafoneUK I know there is a lost city in Norway somewhere. I must find it! #DreamHoliday",
            "id": "1503825629392814081",
            "referenced_tweets": [
                {
                    "type": "replied_to",
                    "id": "1503778049203924994"
                }
            ],
            "created_at": "2022-03-15T20:09:04.000Z"
        },
        {
            "author_id": "79251872",
            "text": "@VodafoneUK Spain to Wrestle an Ardvark 🙈🤣\n#DreamHoliday",
            "id": "1503824847394201602",
            "referenced_tweets": [
                {
                    "type": "replied_to",
                    "id": "1503778049203924994"
                }
            ],
            "created_at": "2022-03-15T20:05:57.000Z"
        },
        {
            "author_id": "909715107487371265",
            "text": "@VodafoneUK Costa Rica - to build a HUGE sandcastle #verymerewards \nSounds good to me 😉 ⛱",
            "id": "1503824731413389319",
            "referenced_tweets": [
                {
                    "type": "replied_to",
                    "id": "1503778049203924994"
                }
            ],
            "created_at": "2022-03-15T20:05:30.000Z"
        },
        {
            "author_id": "24273335",
            "text": "@VodafoneUK I'll be making friends with a Bear in the Maldives!! Yes please to that, I would love to meet a bear anywhere! #DreamHoliday https://t.co/9hGxeGu70T",
            "id": "1503823363151704066",
            "referenced_tweets": [
                {
                    "type": "replied_to",
                    "id": "1503778049203924994"
                }
            ],
            "created_at": "2022-03-15T20:00:04.000Z"
        },
        {
            "author_id": "48774119",
            "text": "@VodafoneUK I'd be going to Australia to make friends with a bear! I think the only bears they have are Koalas -that suits me fine! #DreamHoliday https://t.co/nfvenpJye2",
            "id": "1503821428788973573",
            "referenced_tweets": [
                {
                    "type": "replied_to",
                    "id": "1503778049203924994"
                }
            ],
            "created_at": "2022-03-15T19:52:22.000Z"
        },
        {
            "author_id": "3750102015",
            "text": "@VodafoneUK Egypt and I will make friends with a bear! How exciting would that be?? 😃 #DreamHoliday #VeryMeRewards",
            "id": "1503819744864055298",
            "referenced_tweets": [
                {
                    "type": "replied_to",
                    "id": "1503778049203924994"
                }
            ],
            "created_at": "2022-03-15T19:45:41.000Z"
        },
        {
            "author_id": "1869123518",
            "text": "@VodafoneUK Spain - Ski down the tallest mountain Hahahah #DreamHoliday",
            "id": "1503819448037351424",
            "referenced_tweets": [
                {
                    "type": "replied_to",
                    "id": "1503778049203924994"
                }
            ],
            "created_at": "2022-03-15T19:44:30.000Z"
        },
        {
            "author_id": "742819522596503552",
            "text": "@VodafoneUK Bali to ski down the tallest mountain. What an achievement that would be in Bali 😂 #VeryMeRewards #DreamHoliday",
            "id": "1503817509824249856",
            "referenced_tweets": [
                {
                    "type": "replied_to",
                    "id": "1503778049203924994"
                }
            ],
            "created_at": "2022-03-15T19:36:48.000Z"
        },
        {
            "author_id": "47692079",
            "text": "@VodafoneUK Ok thanks, how does that plan \"link\" to an Apple Watch?",
            "id": "1503817213547057156",
            "referenced_tweets": [
                {
                    "type": "replied_to",
                    "id": "1503810538584879112"
                }
            ],
            "created_at": "2022-03-15T19:35:37.000Z"
        },
        {
            "author_id": "280678430",
            "text": "@VodafoneUK Costa Rica to haggle with the locals  #DreamHoliday",
            "id": "1503815775043338246",
            "referenced_tweets": [
                {
                    "type": "replied_to",
                    "id": "1503778049203924994"
                }
            ],
            "created_at": "2022-03-15T19:29:54.000Z"
        },
        {
            "author_id": "2929157482",
            "text": "@VodafoneUK Yaaaaas me too 🙏🏾🤗💪🏾",
            "id": "1503815634781622279",
            "referenced_tweets": [
                {
                    "type": "replied_to",
                    "id": "1503815496411533317"
                }
            ],
            "created_at": "2022-03-15T19:29:21.000Z"
        },
        {
            "author_id": "125409099",
            "text": "@VodafoneUK There’s no if about it Tim I will need help for sure haha. I can just about do an iOS software update on my phone. Being in my tenth year as a Vodafone customer it’s great to extend my contract and commitment to your network too. Best one in the UK for sure #Vodafone 💯❤️",
            "id": "1503812930114052097",
            "referenced_tweets": [
                {
                    "type": "replied_to",
                    "id": "1503810127241129986"
                }
            ],
            "created_at": "2022-03-15T19:18:36.000Z"
        },
        {
            "author_id": "56086176",
            "text": "@VodafoneUK #DreamHoliday Bali wrestling an Aardvark",
            "id": "1503812234451075072",
            "referenced_tweets": [
                {
                    "type": "replied_to",
                    "id": "1503778049203924994"
                }
            ],
            "created_at": "2022-03-15T19:15:50.000Z"
        },
        {
            "author_id": "148361361",
            "text": "@VodafoneUK Well it looks like I would be wrestling an aardvark in Spain 😂 #DreamHoliday I would prefer to build a huge sandcastle in the Maldives 😆",
            "id": "1503812194592387073",
            "referenced_tweets": [
                {
                    "type": "replied_to",
                    "id": "1503778049203924994"
                }
            ],
            "created_at": "2022-03-15T19:15:41.000Z"
        },
        {
            "author_id": "2748578184",
            "text": "@VodafoneUK Feeding any penguins I can find in Costa Rica sounds challenging but super fun!",
            "id": "1503812191719469068",
            "referenced_tweets": [
                {
                    "type": "replied_to",
                    "id": "1503778049203924994"
                }
            ],
            "created_at": "2022-03-15T19:15:40.000Z"
        },
        {
            "author_id": "569390566",
            "text": "@VodafoneUK Egypt - invest in a timeshare I will never use (probably the least likely combination in truth!) #DreamHoliday",
            "id": "1503810995994644485",
            "referenced_tweets": [
                {
                    "type": "replied_to",
                    "id": "1503778049203924994"
                }
            ],
            "created_at": "2022-03-15T19:10:55.000Z"
        },
        {
            "author_id": "384250909",
            "text": "@VodafoneUK #dreamholiday I'm off to hunt for a lost city in Thailand 🇹🇭",
            "id": "1503809476931072006",
            "referenced_tweets": [
                {
                    "type": "replied_to",
                    "id": "1503778049203924994"
                }
            ],
            "created_at": "2022-03-15T19:04:53.000Z"
        },
        {
            "author_id": "149972010",
            "text": "@VodafoneUK Canada to feed the penguins! 🐧 Sounds good to me #DreamHoliday",
            "id": "1503809227650908161",
            "referenced_tweets": [
                {
                    "type": "replied_to",
                    "id": "1503778049203924994"
                }
            ],
            "created_at": "2022-03-15T19:03:53.000Z"
        },
        {
            "author_id": "395801084",
            "text": "@VodafoneUK Well I'm off to Canada for their well known speciality tea &amp; crumpets #DreamHoliday https://t.co/TmKXlD6gul",
            "id": "1503809067927625728",
            "referenced_tweets": [
                {
                    "type": "replied_to",
                    "id": "1503778049203924994"
                }
            ],
            "created_at": "2022-03-15T19:03:15.000Z"
        },
        {
            "author_id": "47692079",
            "text": "@VodafoneUK Hi guys, can you buy a smart watch connectivity plan seperate from the watch? Want the Apple watch titanium but you don't stock it! Cheers",
            "id": "1503808547498438656",
            "created_at": "2022-03-15T19:01:11.000Z"
        },
        {
            "author_id": "125409099",
            "text": "Can’t wait to get my @VodafoneUK broadband installed and ready to go tomorrow. Looks a decent bit of kit too with the router, booster and back up dongle. Will have fun setting it up though haha #BeUnlimited #TogetherWeCan #FeelTheConnection #Vodafone #VodafoneUK 💯❤️💯 https://t.co/2Xk5bqLlVm",
            "id": "1503808458457501710",
            "created_at": "2022-03-15T19:00:50.000Z"
        },
        {
            "author_id": "553718887",
            "text": "@VodafoneUK @SuperLuckyDi #DreamHoliday Spain eating tea and Crumpets",
            "id": "1503808204224057344",
            "referenced_tweets": [
                {
                    "type": "replied_to",
                    "id": "1503778049203924994"
                }
            ],
            "created_at": "2022-03-15T18:59:49.000Z"
        },
        {
            "author_id": "1106530137523322880",
            "text": "@VodafoneUK I am off to Greece to become a pro ice skater! Not sure how that is going to work but I am willing to give it a good go! Hahaha #DreamHoliday",
            "id": "1503808112440102914",
            "referenced_tweets": [
                {
                    "type": "replied_to",
                    "id": "1503778049203924994"
                }
            ],
            "created_at": "2022-03-15T18:59:28.000Z"
        },
        {
            "author_id": "54234636",
            "text": "@VodafoneUK Spain to feed the pigeons! Probably had worse holidays! 😂 #dreamholiday",
            "id": "1503807861473775617",
            "referenced_tweets": [
                {
                    "type": "replied_to",
                    "id": "1503778049203924994"
                }
            ],
            "created_at": "2022-03-15T18:58:28.000Z"
        },
        {
            "author_id": "827646397",
            "text": "@VodafoneUK Bungee from a 300ft crane in Australia #dreamholiday",
            "id": "1503807482426433536",
            "referenced_tweets": [
                {
                    "type": "replied_to",
                    "id": "1503778049203924994"
                }
            ],
            "created_at": "2022-03-15T18:56:57.000Z"
        },
        {
            "author_id": "394938553",
            "text": "@VodafoneUK Greece 🇬🇷 to build a huge sandcastle ☀️ #DreamHoliday",
            "id": "1503807386942943235",
            "referenced_tweets": [
                {
                    "type": "replied_to",
                    "id": "1503778049203924994"
                }
            ],
            "created_at": "2022-03-15T18:56:35.000Z"
        }
    ],
    "includes": {
        "users": [
            {
                "id": "2380675103",
                "name": "Joy🍌joy🍒 joy!🥦",
                "username": "joyontoast"
            },
            {
                "id": "1157976553",
                "name": "JR",
                "username": "jhr_scientist",
                "location": "United Kingdom"
            },
            {
                "id": "1535567018",
                "name": "craig",
                "username": "pele1690"
            },
            {
                "id": "1094943798302572545",
                "name": "chris X",
                "username": "ciopstee",
                "location": "he/him"
            },
            {
                "id": "2958698568",
                "name": "Rajesh Kumar Yadav",
                "username": "__hsejar",
                "location": "United Kingdom"
            },
            {
                "id": "1369104462",
                "name": "Steven Scrase",
                "username": "DisScrase"
            },
            {
                "id": "2831643698",
                "name": "Michael ✈️🌴😎🏊🏻‍♂️",
                "username": "swimforce01",
                "location": "London/Miami "
            },
            {
                "id": "3006413584",
                "name": "Cara Edwards",
                "username": "CaraJEdwards",
                "location": "Sutton"
            },
            {
                "id": "2219268181",
                "name": "EviL Ras",
                "username": "EviL_Ras",
                "location": "London, England"
            },
            {
                "id": "3414631307",
                "name": "Lucas",
                "username": "LucasJTGleed",
                "location": "Swindon,England"
            },
            {
                "id": "350415592",
                "name": "Louisa",
                "username": "LuckyLondonLou",
                "location": "London"
            },
            {
                "id": "38886687",
                "name": "Emma 🐾",
                "username": "spike_e89",
                "location": "Ilkley, England"
            },
            {
                "id": "22250787",
                "name": "James Clements",
                "username": "James_Clements",
                "location": "England"
            },
            {
                "id": "891710899",
                "name": "Tamsin💍",
                "username": "tamsinpritchard",
                "location": "Bristol, England"
            },
            {
                "id": "174824198",
                "name": "💙💙💙BearsBlueGirly💙💙💙",
                "username": "BearsBlueGirly",
                "location": "Cambridgeshire "
            },
            {
                "id": "175745994",
                "name": "Pedder",
                "username": "Just_Pedder",
                "location": "Runcorn, England"
            },
            {
                "id": "1370316782234402816",
                "name": "🇬🇧 AtT | GUSTAY_GAMING 🇬🇧",
                "username": "GusTay5999",
                "location": "Yorkshire and The Humber, Engl"
            },
            {
                "id": "186486456",
                "name": "💕🐾Dawn Adams-Clarke🐾💕",
                "username": "DawnieEA",
                "location": "Essex UK "
            },
            {
                "id": "3332526250",
                "name": "🌸Alina Pereira🌈",
                "username": "alinahappy9",
                "location": "📍London, England"
            },
            {
                "id": "50686337",
                "name": "Emma Hastings",
                "username": "EmmaMrselh",
                "location": "Kent, England"
            },
            {
                "id": "360522606",
                "name": "Kay Broomfield",
                "username": "mrspixelwife",
                "location": "West Midlands, UK"
            },
            {
                "id": "160899571",
                "name": "Phil Simpson",
                "username": "codeprint",
                "location": "England"
            },
            {
                "id": "70648118",
                "name": "mrs_meep",
                "username": "mrs_meep"
            },
            {
                "id": "18629674",
                "name": "Total Telecom",
                "username": "totaltelecom",
                "location": "London"
            },
            {
                "id": "233206055",
                "name": "Dave Munro",
                "username": "davegmunro",
                "location": "Coalville, United Kingdom"
            },
            {
                "id": "837271780003885056",
                "name": "ᒪeigh",
                "username": "countluckula",
                "location": "United Kingdom"
            },
            {
                "id": "30686109",
                "name": "sandra rubery",
                "username": "furby2009",
                "location": "Halesowen"
            },
            {
                "id": "211959269",
                "name": "🔆 Kate M Jones 🔆",
                "username": "Kate_Kitssister",
                "location": "North Wales"
            },
            {
                "id": "17272960",
                "name": "Alice162",
                "username": "Alice162",
                "location": "London, England"
            },
            {
                "id": "1281592110",
                "name": "Rachael",
                "username": "TheBendySlow",
                "location": "Londonish"
            },
            {
                "id": "143484502",
                "name": "Rapid TV News",
                "username": "RapidTVNews",
                "location": "Global"
            },
            {
                "id": "222203527",
                "name": "CJ 145°",
                "username": "CJHthePlumber",
                "location": "England, United Kingdom"
            },
            {
                "id": "40877460",
                "name": "Michelle Ptak  💖  💖",
                "username": "Michieptak",
                "location": "Derby, England & London"
            },
            {
                "id": "569017255",
                "name": "🐬🐚Lady S 🐚🐋",
                "username": "aprilhaddock",
                "location": "Isle of Man"
            },
            {
                "id": "1037007204",
                "name": "Maya maya",
                "username": "2124_maya"
            },
            {
                "id": "31071343",
                "name": "Mark Campion",
                "username": "MarkkCampion",
                "location": "Swansea"
            },
            {
                "id": "1710302744",
                "name": "Kris Conway",
                "username": "krisc334",
                "location": "in the mind "
            },
            {
                "id": "296778722",
                "name": "Steph",
                "username": "stephdot90",
                "location": "London, England"
            },
            {
                "id": "1449494827117293569",
                "name": "Bellshill Loyal",
                "username": "RockNRolStar85",
                "location": "Bellshill, North Lanarkshire "
            },
            {
                "id": "1246215215215185921",
                "name": "Lex",
                "username": "lexinunu_",
                "location": "Wherever Dan is:)"
            },
            {
                "id": "273134199",
                "name": "Zoey Deacon",
                "username": "Zoey_d1",
                "location": "leicester"
            },
            {
                "id": "745722921201598464",
                "name": "🎠 Louise🎠",
                "username": "Bad_horsey",
                "location": "Proud NHS Worker, Derbyshire "
            },
            {
                "id": "21314245",
                "name": "Ohita",
                "username": "Ohita",
                "location": "London, UK"
            },
            {
                "id": "2487236884",
                "name": "Kelly #teamlegend/#teamyounglives shaw",
                "username": "KellyShaw31",
                "location": "here there and everywhere 👽📻"
            },
            {
                "id": "2326232745",
                "name": "Nikki 💖✨🌹😍",
                "username": "merrymumof2",
                "location": "North West, England"
            },
            {
                "id": "174385634",
                "name": "RealNurseJackie",
                "username": "jackie1London",
                "location": "London"
            },
            {
                "id": "47692079",
                "name": "R 🇬🇧",
                "username": "rstorry",
                "location": "UK"
            },
            {
                "id": "1236999763821805569",
                "name": "Siobhan McInnes",
                "username": "mcinnes_siobhan"
            },
            {
                "id": "3390049133",
                "name": "Millie M",
                "username": "MillieLm888"
            },
            {
                "id": "1162987990941097984",
                "name": "David",
                "username": "CaptureDNAphoto"
            },
            {
                "id": "2967719261",
                "name": "Louise Hopton",
                "username": "louisewelsh160",
                "location": "Bristol"
            },
            {
                "id": "292995131",
                "name": "Mrs Bishop",
                "username": "lucybishop2012",
                "location": "Bedford, England"
            },
            {
                "id": "759091994526412800",
                "name": "🎨🍒🌹 Christie B 🌹🍒🎨",
                "username": "MrsMoneyPennyUK",
                "location": "Centre of Roman England UK."
            },
            {
                "id": "41894658",
                "name": "Staceyhillx",
                "username": "staceyhillx",
                "location": "england "
            },
            {
                "id": "29496744",
                "name": "curtis thompson",
                "username": "imamophead",
                "location": "Nottingham"
            },
            {
                "id": "25728583",
                "name": "coco 😼",
                "username": "ohsochloless"
            },
            {
                "id": "2901207916",
                "name": "Kimberly Goldsmith",
                "username": "kgoldsmith89",
                "location": "Milton Keynes, England"
            },
            {
                "id": "829689102",
                "name": "Joe Roscoe",
                "username": "Joe_Roscoe",
                "location": "Preston | Manchester, UK"
            },
            {
                "id": "1353373868589801472",
                "name": "Declan McCullough",
                "username": "decjmccullough",
                "location": "England, United Kingdom"
            },
            {
                "id": "114737505",
                "name": "Darren Cassidy",
                "username": "Darrencuk",
                "location": "Bolton"
            },
            {
                "id": "1015858586",
                "name": "Nadia El Sayed",
                "username": "NikkiElSayed",
                "location": "London"
            },
            {
                "id": "578829484",
                "name": "LEE_MC20",
                "username": "LEE_MC20",
                "location": "England, United Kingdom"
            },
            {
                "id": "443273310",
                "name": "Flufibunny",
                "username": "Flufibunny",
                "location": "Manchester"
            },
            {
                "id": "468365378",
                "name": "Alyson Leitch",
                "username": "Geordiesbird",
                "location": "Woking Surrey"
            },
            {
                "id": "70453172",
                "name": "Victoria",
                "username": "Vickydoo",
                "location": "Scotland, United Kingdom"
            },
            {
                "id": "79251872",
                "name": "Laura Cunningham",
                "username": "Laura0815",
                "location": "Telford, England"
            },
            {
                "id": "909715107487371265",
                "name": "♥🌹Sophie🌹♥",
                "username": "Sophie_TheSloth",
                "location": "United Kingdom"
            },
            {
                "id": "24273335",
                "name": "GothGirlGoneWild",
                "username": "gothgirlgone"
            },
            {
                "id": "48774119",
                "name": "❤️Kaytee - a certain sort of person ❤️",
                "username": "magentawillow"
            },
            {
                "id": "3750102015",
                "name": "Pam Robinson",
                "username": "pam_robinson45"
            },
            {
                "id": "1869123518",
                "name": "Lindsay 👩‍🦳❄️",
                "username": "lindsheartstayx",
                "location": "United Kingdom"
            },
            {
                "id": "742819522596503552",
                "name": "Jas ★",
                "username": "jasbooni",
                "location": "Nottingham, England"
            },
            {
                "id": "280678430",
                "name": "spence",
                "username": "rugbypicboy",
                "location": "wales"
            },
            {
                "id": "2929157482",
                "name": "Keen Bean",
                "username": "keenbean0129",
                "location": "United Kingdom"
            },
            {
                "id": "125409099",
                "name": "Jay Alan Roberts",
                "username": "JamesRoberts330",
                "location": "Knowsley, England"
            },
            {
                "id": "56086176",
                "name": "BGS",
                "username": "Glyn1980",
                "location": "Dorset"
            },
            {
                "id": "148361361",
                "name": "✨✨Lisa Yeomans✨✨",
                "username": "ljyeomans",
                "location": "Kent"
            },
            {
                "id": "2748578184",
                "name": "Stewlander 🕺",
                "username": "StewHicks",
                "location": "London, England"
            },
            {
                "id": "569390566",
                "name": "Paul Whitmore",
                "username": "pswhitmore"
            },
            {
                "id": "384250909",
                "name": "Mel crumpton 🥂🍾☀️",
                "username": "daddiesmumpet",
                "location": "Benfleet, East"
            },
            {
                "id": "149972010",
                "name": "Nina",
                "username": "TheNinaJC",
                "location": "Bournemouth, UK"
            },
            {
                "id": "395801084",
                "name": "🍒 🎮 Nikki 🎮 🍒 is it Pom² yet? #KupoCon",
                "username": "GlamandGeeky",
                "location": "South East, England"
            },
            {
                "id": "553718887",
                "name": "Miss Lorraine Tarney",
                "username": "TarneyMiss",
                "location": "Lancashire"
            },
            {
                "id": "1106530137523322880",
                "name": "Charlotte Marsh 💙",
                "username": "CharlottePMarsh",
                "location": "London, England"
            },
            {
                "id": "54234636",
                "name": "LAURA DAVIES",
                "username": "lauislucky",
                "location": "UK"
            },
            {
                "id": "827646397",
                "name": "Kirsty Lou",
                "username": "kloubear88",
                "location": "Chesterfield, England"
            },
            {
                "id": "394938553",
                "name": "Claire",
                "username": "Claire89Hall",
                "location": "midlands uk"
            }
        ],
        "tweets": [
            {
                "author_id": "20678384",
                "text": "Want to #WIN a Very Big Spring Getaway worth up to 10k? 🏝️\n\nUse #DreamHoliday and our generator to tell us what you'll be doing on it.\n\nCheck out #VeryMeRewards in the My Vodafone app for the chance to win more prizes 🎁\n\nTerms apply (ends 31/03/2022)👇\n\nhttps://t.co/HpXCBf8v0Z https://t.co/NkxMV6hdDp",
                "id": "1503778049203924994",
                "created_at": "2022-03-15T17:00:00.000Z"
            },
            {
                "author_id": "219028577",
                "text": "Do use not feel embarrassed 😞 taken money out peoples banks and not providing a service @ThreeUK 😡😡😡",
                "id": "1504035945477287940",
                "created_at": "2022-03-16T10:04:47.000Z"
            },
            {
                "author_id": "20678384",
                "text": "@ciopstee Hi Chris 👋 We can see that you've sent us a DM, if you select 'Get Started' followed by 'Asked to DM', this will get you connected to our team. In the message could you tell us what you've ordered please and if the order is an upgrade or a new service. Mark",
                "id": "1504063826349772800",
                "referenced_tweets": [
                    {
                        "type": "replied_to",
                        "id": "1504062984624214025"
                    }
                ],
                "created_at": "2022-03-16T11:55:35.000Z"
            },
            {
                "author_id": "108590368",
                "text": "@VodafoneUK - I just want to buy a Sim. Two weeks, 6 calls, 4 web chats, hours wasted and you can’t help me!",
                "id": "1504031902260506626",
                "created_at": "2022-03-16T09:48:43.000Z"
            },
            {
                "author_id": "1092053345089523714",
                "text": "@VodafoneUK That info is about phone contracts. \nThis was broadband. \nI understand a soft search to verify personal information, but hard searches are for large credit applications, like mortgages &amp; car finance. \nYou have no need for a full copy of my credit report. \nI will be cancelling.",
                "id": "1504037676449779713",
                "referenced_tweets": [
                    {
                        "type": "replied_to",
                        "id": "1504034976479825921"
                    }
                ],
                "created_at": "2022-03-16T10:11:40.000Z"
            },
            {
                "author_id": "22250787",
                "text": "@VodafoneUK I'm absolutely furious, I've just spent almost an hour waiting to get to the front of your online chat queue only to be kicked off when I reached the front of the queue. You customer service is appalling. Can any of your support team PLEASE CALL ME! #shambles #poorservice",
                "id": "1504040383596175360",
                "referenced_tweets": [
                    {
                        "type": "replied_to",
                        "id": "1503968692723453953"
                    }
                ],
                "created_at": "2022-03-16T10:22:25.000Z"
            },
            {
                "author_id": "20678384",
                "text": "@James_Clements Hi James! I'm sorry to hear you're having some issues with the connection. So we can take a closer look at things for you, please use the link below to send us a DM with your name and the account number. Please choose 'get started' and 'asked to DM' when prompted ✔️ Raz https://t.co/zZC6gSR1Ak",
                "id": "1503968692723453953",
                "referenced_tweets": [
                    {
                        "type": "replied_to",
                        "id": "1503963434819461120"
                    }
                ],
                "created_at": "2022-03-16T05:37:33.000Z"
            },
            {
                "author_id": "20678384",
                "text": "@Just_Pedder Hey ✋ We're sorry to hear you're still waiting on the Samsung Galaxy Tab S8 Ultra to arrive. Please pop over a DM with your order number so we can take a look? Once you reach our 'Bot' just reply 'Get Started&gt;Asked to DM' 🙂 Tran https://t.co/zZC6gSR1Ak",
                "id": "1504034195491987461",
                "referenced_tweets": [
                    {
                        "type": "replied_to",
                        "id": "1504031673717084170"
                    }
                ],
                "created_at": "2022-03-16T09:57:50.000Z"
            },
            {
                "author_id": "20678384",
                "text": "@GusTay5999 Hey there! If there's anything you'd like us to help check out for you, please drop us a DM by choosing the options 'Get Started' and 'Asked to DM' with your full name and mobile number and we can assist further 😊 Beth https://t.co/zZC6gSR1Ak",
                "id": "1504018188052410368",
                "referenced_tweets": [
                    {
                        "type": "replied_to",
                        "id": "1504014082017476609"
                    }
                ],
                "created_at": "2022-03-16T08:54:13.000Z"
            },
            {
                "author_id": "7117212",
                "text": "Hey Birmingham, choose the network that’s fastest in your city",
                "id": "1496792365192859649",
                "created_at": "2022-02-24T10:21:23.000Z"
            },
            {
                "author_id": "20678384",
                "text": "@IamJems_ Hey there 👋 I hope you're well, can you please follow our troubleshooting guide here ▶️ https://t.co/7EF7BnZU54\nLet me know how you get on 👍 Simon",
                "id": "1503956541296324613",
                "referenced_tweets": [
                    {
                        "type": "replied_to",
                        "id": "1503956335578202112"
                    }
                ],
                "created_at": "2022-03-16T04:49:16.000Z"
            },
            {
                "author_id": "20678384",
                "text": "@RockNRolStar85 Hi 👋 Which of your services are you facing issues with? Home Broadband, Mobile Broadband or your Cellular network service? Lisamarie",
                "id": "1503915317424271366",
                "referenced_tweets": [
                    {
                        "type": "replied_to",
                        "id": "1503914395411308544"
                    }
                ],
                "created_at": "2022-03-16T02:05:27.000Z"
            },
            {
                "author_id": "20678384",
                "text": "We've taken further actions to support Ukraine in its hour of need through our everyone.connected initiative. Here's what Vodafone are doing to help. -Ahmed Essam, CEO, Vodafone UK \n\nhttps://t.co/yZiWy9gC8R",
                "id": "1501180339011661825",
                "created_at": "2022-03-08T12:57:38.000Z"
            },
            {
                "author_id": "20678384",
                "text": "@jackie1London Hi 👋 We’re carrying out maintenance in this area at the moment to help improve our mobile network. We’re sorry if you’re experiencing any issues with your service at this time, we know how frustrating this can be. Maintenance is due to be finished by 19:00 25 Mar 2022\nSimon",
                "id": "1503871150912421893",
                "referenced_tweets": [
                    {
                        "type": "replied_to",
                        "id": "1503866783970873344"
                    }
                ],
                "created_at": "2022-03-15T23:09:57.000Z"
            },
            {
                "author_id": "20678384",
                "text": "@rstorry Once you have the smartwatch, it's all done through the online account ✔️ You'll then be able to share your allowances and contacts from your main number to the watch ⌚\nCheck out all the details here &gt; https://t.co/pSrHlizhEs &lt; and let us know if you have any questions 😊 Raz",
                "id": "1503834438534410244",
                "referenced_tweets": [
                    {
                        "type": "replied_to",
                        "id": "1503817213547057156"
                    }
                ],
                "created_at": "2022-03-15T20:44:04.000Z"
            },
            {
                "author_id": "20678384",
                "text": "@rstorry Yes you can! 😊 To add an Apple Watch connectivity plan to your current Vodafone plan, it's £7 or £3.50 with a 50% discount, if you have an Xtra plan with the discount included. You can add one to your account in the My Vodafone app. Con",
                "id": "1503810538584879112",
                "referenced_tweets": [
                    {
                        "type": "replied_to",
                        "id": "1503808547498438656"
                    }
                ],
                "created_at": "2022-03-15T19:09:06.000Z"
            },
            {
                "author_id": "20678384",
                "text": "@keenbean0129 I hope it’s in Australia this year 😆🇦🇺🦘",
                "id": "1503815496411533317",
                "referenced_tweets": [
                    {
                        "type": "replied_to",
                        "id": "1503798927396593664"
                    }
                ],
                "created_at": "2022-03-15T19:28:48.000Z"
            },
            {
                "author_id": "20678384",
                "text": "@JamesRoberts330 Hi Jay 👋 Thanks for getting in touch. I'm sure you'll love your Vodafone Broadband! If you need any help getting set up be sure to check out this handy guide 👉 https://t.co/XF6LSRrZaq 🙂 Tim",
                "id": "1503810127241129986",
                "referenced_tweets": [
                    {
                        "type": "replied_to",
                        "id": "1503808458457501710"
                    }
                ],
                "created_at": "2022-03-15T19:07:28.000Z"
            }
        ]
    },
    "meta": {
        "oldest_id": "1503807386942943235",
        "newest_id": "1504071438902431750",
        "previous_token": "77qpymm88g5h9vqklurc07hb529gq1ojkn2zcmz01i3w0",
        "result_count": 100,
        "next_token": "7140dibdnow9c7btw420jpwm9k306c6r7alw8dud388c5"
    }
}