{
    "data": [
        {
            "created_at": "2022-03-18T20:15:49.000Z",
            "text": "@bt_uk Looks like it’s every provider in the area, not just you. 😟",
            "id": "1504914493096316931",
            "author_id": "81554436",
            "referenced_tweets": [
                {
                    "type": "replied_to",
                    "id": "1504914080582320132"
                }
            ]
        },
        {
            "created_at": "2022-03-18T20:12:22.000Z",
            "text": "@bt_uk Looks like there are problems here in Durham City 😟",
            "id": "1504913623432536075",
            "author_id": "81554436",
            "referenced_tweets": [
                {
                    "type": "replied_to",
                    "id": "1504912851974172672"
                }
            ]
        },
        {
            "created_at": "2022-03-18T20:06:25.000Z",
            "text": "@bt_uk was hoping get connected today. Engineer due between 08:00 and 13:00. Arrived at 19:30 and couldn’t do the job- and had only been told about half of it anyway. Waited in ALL DAY. 😖😖 terrible terrible service….",
            "id": "1504912128028860417",
            "author_id": "2886708814"
        },
        {
            "created_at": "2022-03-18T20:05:46.000Z",
            "text": "@bt_uk Is your Wi-Fi down? We have nothing!",
            "id": "1504911961464659973",
            "author_id": "81554436"
        },
        {
            "created_at": "2022-03-18T20:02:32.000Z",
            "text": "@bt_uk Friday night and your “unbreakable” internet is broken! And you won’t turn on our minihub! 50 quid a month well spent. #unbreakableinternet",
            "id": "1504911148809965572",
            "author_id": "976834922005565440"
        },
        {
            "created_at": "2022-03-18T19:51:07.000Z",
            "text": "Paper spam from @ee, saying if we pay £10 more then we pay now (base rate) we can have shittier vdsl from @Bt_uk. No /29 routed IP, no multi line support as we'd have to use their useless router, no VPN support... Not much of an offer.",
            "id": "1504908275246153732",
            "author_id": "458628994"
        },
        {
            "created_at": "2022-03-18T19:30:32.000Z",
            "text": "@bt_uk Had engineer to install broadband but there was an issue with cabinet connections. I work from home and need it fixed asap, eng told me to call and I did but i dont think anyone understood what I was asking. Kept asking if i had missed the eng appt.. Can you help? Thanks.",
            "id": "1504903096740286464",
            "author_id": "22530002"
        },
        {
            "created_at": "2022-03-18T19:25:58.000Z",
            "text": "@bt_uk Not sure there’s much point. Just spent half an hour on phone with @bt_uk. I stayed in all afternoon for someone to come look at a fortnight old broadband problem &amp; it’s not been fixed. @WeAreOpenreach only do daytime weekday visits. Ridiculous there’s no evening or weekend slots",
            "id": "1504901947903598596",
            "author_id": "183190593",
            "referenced_tweets": [
                {
                    "type": "replied_to",
                    "id": "1504900867765506054"
                }
            ]
        },
        {
            "created_at": "2022-03-18T19:19:58.000Z",
            "text": "Why even bother to keep up the pretence that @WeAreOpenreach and @bt_uk are separate companies. They exploit it to avoid customer problems. Our broadband network in the hands of a monopoly like @WeAreOpenreach with no contact number or customer care service is a national disgrace",
            "id": "1504900436733616131",
            "author_id": "183190593"
        },
        {
            "created_at": "2022-03-18T19:18:43.000Z",
            "text": "@bt_uk Thanks Lizzie",
            "id": "1504900122014015488",
            "author_id": "22937604",
            "referenced_tweets": [
                {
                    "type": "replied_to",
                    "id": "1504891325166100481"
                }
            ]
        },
        {
            "created_at": "2022-03-18T19:13:20.000Z",
            "text": "@bt_uk lost all he channels again is this going to keep happening?",
            "id": "1504898765639016454",
            "author_id": "616859711"
        },
        {
            "created_at": "2022-03-18T19:01:45.000Z",
            "text": "Well it only took 4 months of waiting, 13+ hours on the phone, a few angry tweets, a complaint to Ofcom and a dozen emails but @bt_uk have finally reconnected me. Huge thanks to Michael in the Consumer Resolution team for achieving this miracle.",
            "id": "1504895854095835137",
            "author_id": "476948630"
        },
        {
            "created_at": "2022-03-18T19:01:08.000Z",
            "text": "@bt_uk That won't work for streaming",
            "id": "1504895697027579918",
            "author_id": "88394833",
            "referenced_tweets": [
                {
                    "type": "replied_to",
                    "id": "1504895424720785416"
                }
            ]
        },
        {
            "created_at": "2022-03-18T19:01:08.000Z",
            "text": "@bt_uk That won't work to stream, I can try to",
            "id": "1504895697027489812",
            "author_id": "88394833",
            "referenced_tweets": [
                {
                    "type": "replied_to",
                    "id": "1504895424720785416"
                }
            ]
        },
        {
            "created_at": "2022-03-18T18:58:38.000Z",
            "text": "@bt_uk horrible internet connection today in Willesden Green. Any explanation why?! Really frustrated by the continuous interruptions through out the day!",
            "id": "1504895069614186500",
            "author_id": "34509265"
        },
        {
            "created_at": "2022-03-18T18:58:20.000Z",
            "text": "@bt_uk I can't not stream this weekend",
            "id": "1504894994729033729",
            "author_id": "88394833",
            "referenced_tweets": [
                {
                    "type": "replied_to",
                    "id": "1504894797647171585"
                }
            ]
        },
        {
            "created_at": "2022-03-18T18:58:09.000Z",
            "text": "@bt_uk There says there is no issues",
            "id": "1504894944988864521",
            "author_id": "88394833",
            "referenced_tweets": [
                {
                    "type": "replied_to",
                    "id": "1504894797647171585"
                }
            ]
        },
        {
            "created_at": "2022-03-18T18:52:58.000Z",
            "text": "What a GREAT idea @bt_uk @WeAreOpenreach I wish the ones in my neighbourhood had the faces of the local heroes who made it 👍 https://t.co/ygIdpPlbQE",
            "id": "1504893641847975937",
            "author_id": "20397168",
            "referenced_tweets": [
                {
                    "type": "quoted",
                    "id": "1504714879550304256"
                }
            ]
        },
        {
            "created_at": "2022-03-18T18:49:58.000Z",
            "text": "@bt_uk How do I know if its a network fault or not?",
            "id": "1504892886294355975",
            "author_id": "88394833",
            "referenced_tweets": [
                {
                    "type": "replied_to",
                    "id": "1504892018589323266"
                }
            ]
        },
        {
            "created_at": "2022-03-18T18:49:05.000Z",
            "text": "Question for @bt_uk - why is it that since I upgraded my speed I’m unable to run a speed test using the app?",
            "id": "1504892664851881984",
            "author_id": "44671821"
        },
        {
            "created_at": "2022-03-18T18:47:42.000Z",
            "text": "@bt_uk @bt_uk have replied with details via PM thanks",
            "id": "1504892317999718401",
            "author_id": "498808952",
            "referenced_tweets": [
                {
                    "type": "replied_to",
                    "id": "1503840538885251072"
                }
            ]
        },
        {
            "created_at": "2022-03-18T18:45:43.000Z",
            "text": "@bt_uk Is there an outage? Whats going on?",
            "id": "1504891815627051019",
            "author_id": "88394833",
            "referenced_tweets": [
                {
                    "type": "replied_to",
                    "id": "1504891062682333187"
                }
            ]
        },
        {
            "created_at": "2022-03-18T18:43:26.000Z",
            "text": "@bt_uk Wednesday won't be good enough. We're already looking at other providers now. Today is Friday.",
            "id": "1504891242248822786",
            "author_id": "88394833",
            "referenced_tweets": [
                {
                    "type": "replied_to",
                    "id": "1504891062682333187"
                }
            ]
        },
        {
            "created_at": "2022-03-18T18:41:55.000Z",
            "text": "@bt_uk We have received the updated router that you are rolling out, however the wires provided are not long enough. Can we use the wiring from our existing router for this new one?",
            "id": "1504890861544423427",
            "author_id": "22937604"
        },
        {
            "created_at": "2022-03-18T18:39:41.000Z",
            "text": "@bt_uk Hi we've got no Internet access atall, they said it might not be fixed til Wednesday. Please help? I'm a streamer and can't wait til then.",
            "id": "1504890297695846405",
            "author_id": "88394833",
            "referenced_tweets": [
                {
                    "type": "replied_to",
                    "id": "1504884215917207560"
                }
            ]
        },
        {
            "created_at": "2022-03-18T18:04:24.000Z",
            "text": "@bt_uk \nI recieved a text re digital phone upgrade,it gives a number or link to request an adapter,the text is a premium number and the link goes to Skype??",
            "id": "1504881421466353670",
            "author_id": "1298891726371909632"
        },
        {
            "created_at": "2022-03-18T17:48:37.000Z",
            "text": "@bt_uk Thanks I've done that. This is the hub I already have, it's got a WAN port and was supplied with an FTTP installation over two years ago. I don't need, don't want and didn't ask for an identical one. That comes under \"unsolicited goods\" and I'm not paying for it or returning it. https://t.co/5YGcjSEC38",
            "id": "1504877448831328259",
            "author_id": "3888335896",
            "referenced_tweets": [
                {
                    "type": "replied_to",
                    "id": "1504783154116243456"
                }
            ]
        },
        {
            "created_at": "2022-03-18T17:39:30.000Z",
            "text": "@bt_uk Thank you for coming back to me. Glenda from your customer services has been in touch and is helping me.",
            "id": "1504875153666330631",
            "author_id": "2969602828",
            "referenced_tweets": [
                {
                    "type": "replied_to",
                    "id": "1504863648229036054"
                }
            ]
        },
        {
            "created_at": "2022-03-18T17:39:15.000Z",
            "text": "@bt_uk erm can you guys work please been down for 4 hours now",
            "id": "1504875089615106050",
            "author_id": "909012178975576064"
        },
        {
            "created_at": "2022-03-18T17:33:16.000Z",
            "text": "@bt_uk Have sent a DM as requested",
            "id": "1504873586254921731",
            "author_id": "3099993885",
            "referenced_tweets": [
                {
                    "type": "replied_to",
                    "id": "1504871434023284751"
                }
            ]
        },
        {
            "created_at": "2022-03-18T16:59:01.000Z",
            "text": "@MarcAllera @BTAAwards @EE @bt_uk Congrats",
            "id": "1504864964938502154",
            "author_id": "1265586835",
            "referenced_tweets": [
                {
                    "type": "replied_to",
                    "id": "1504861970889162758"
                }
            ]
        },
        {
            "created_at": "2022-03-18T16:56:55.000Z",
            "text": "@bt_uk My house phone has not worked in a while and I am trying to speak to someone about it but keep getting caught up in your automated bot thing which seems to go round in a loop asking the same question without getting anywhere. I want to speak to a human!! 😡",
            "id": "1504864435210444800",
            "author_id": "2969602828",
            "referenced_tweets": [
                {
                    "type": "replied_to",
                    "id": "1504863648229036054"
                }
            ]
        },
        {
            "created_at": "2022-03-18T16:52:06.000Z",
            "text": "@bt_uk Thank you to Kate and Elise, BT call takers based in Glasgow (I think) 10/10 for great customer service today, please pass this on, from Jacqueline.",
            "id": "1504863223966801927",
            "author_id": "1494370463191076865"
        },
        {
            "created_at": "2022-03-18T16:47:47.000Z",
            "text": "@bt_uk what’s the complaint email address, why do @bt_uk make it difficult and endless to raise an issue ? When called on endless queue and when online keep redirecting to help to call. Otherwise normal mail really ?",
            "id": "1504862140582305796",
            "author_id": "2565262186"
        },
        {
            "created_at": "2022-03-18T16:47:07.000Z",
            "text": "Awesome to celebrate our industry’s Black role models and trailblazers at last night’s @BTAAwards w/ our Ethnic Diversity Network.\n\nHonoured to be named Ally of the Year, but all credit to my colleagues for making @EE and @bt_uk a team that welcomes all where you can be yourself. https://t.co/iUNwQxGpHm",
            "id": "1504861970889162758",
            "author_id": "769134102796697600"
        },
        {
            "created_at": "2022-03-18T16:43:35.000Z",
            "text": "@bt_uk Why is BT wifi network having problems?",
            "id": "1504861082434867204",
            "author_id": "1504851491055718406",
            "referenced_tweets": [
                {
                    "type": "replied_to",
                    "id": "1504076264478490630"
                }
            ]
        },
        {
            "created_at": "2022-03-18T16:37:35.000Z",
            "text": "Our colleagues @bt_uk have a wealth of resources available to you and your family (for free) that will enable you to stay safe and get the very best experience while online at home #SkillsForTomorrow https://t.co/DcWZz3vXT6",
            "id": "1504859572078583808",
            "author_id": "20009086",
            "referenced_tweets": [
                {
                    "type": "quoted",
                    "id": "1504810350868418563"
                }
            ]
        },
        {
            "created_at": "2022-03-18T16:35:49.000Z",
            "text": "@bt_uk Thanks. It's still the same my end",
            "id": "1504859125678854150",
            "author_id": "563148431",
            "referenced_tweets": [
                {
                    "type": "replied_to",
                    "id": "1504858885852696601"
                }
            ]
        },
        {
            "created_at": "2022-03-18T16:34:21.000Z",
            "text": "@SAFCsharpy @SAFCSpencer @bt_uk Haway man sort tf out!",
            "id": "1504858756747776004",
            "author_id": "218821567",
            "referenced_tweets": [
                {
                    "type": "replied_to",
                    "id": "1504828503270821896"
                }
            ]
        },
        {
            "created_at": "2022-03-18T16:31:12.000Z",
            "text": "@bt_uk how much notice do I need to give to cancel broadband from the end of my current contract? And how do I do this?",
            "id": "1504857964896821253",
            "author_id": "338501250"
        },
        {
            "created_at": "2022-03-18T16:23:20.000Z",
            "text": "@bt_uk The freebies and weak signal that we were assured would be going digital in feb so it wasn’t a problem. Then we were given a different number to call who want more money. We’ve been told we will be getting a £40 call out charge off our bill every month and it hasn’t come off",
            "id": "1504855985562832905",
            "author_id": "803347753174794241",
            "referenced_tweets": [
                {
                    "type": "replied_to",
                    "id": "1504855671078100995"
                }
            ]
        },
        {
            "created_at": "2022-03-18T16:20:43.000Z",
            "text": "@bt_uk signed up to BT in December - BIGGEST mistake of my life. Still no TV - appalling signal - being charged incorrectly AND no one is listening when I call up. Fobbed off constantly. Absolute joke.",
            "id": "1504855326432149506",
            "author_id": "803347753174794241"
        },
        {
            "created_at": "2022-03-18T16:14:18.000Z",
            "text": "@bt_uk my Wifi hasn’t been up for an entire month, today. Support keep blowing me off but this has had a major financial effect on me. I expect this to be sorted within this week, and I expect to be compensated heavily. If this does not happen then I shall be seeking legal advice",
            "id": "1504853711516012547",
            "author_id": "1261313851875786752"
        },
        {
            "created_at": "2022-03-18T16:08:32.000Z",
            "text": "@bt_uk Not on an open channel",
            "id": "1504852262543368197",
            "author_id": "127326516",
            "referenced_tweets": [
                {
                    "type": "replied_to",
                    "id": "1504842851691151370"
                }
            ]
        },
        {
            "created_at": "2022-03-18T15:49:09.000Z",
            "text": "@bt_uk Thank you ☺️ will send through now",
            "id": "1504847384492322824",
            "author_id": "944587748",
            "referenced_tweets": [
                {
                    "type": "replied_to",
                    "id": "1504846973664378901"
                }
            ]
        },
        {
            "created_at": "2022-03-18T15:44:04.000Z",
            "text": "Yet another frustrating phone call with @bt_uk 45 minutes on the phone and still no closer to sorting out my home move. Been told to phone again tomorrow 🤣. Rubbish service! Will be leaving ASAP",
            "id": "1504846104562704386",
            "author_id": "901916177852760065"
        },
        {
            "created_at": "2022-03-18T15:43:32.000Z",
            "text": "@bt_uk Hi BT! I’ve just had another text &amp; email saying that you’ve not received my kit return and I am soon to be charged. This was posted on 4th March and Royal Mail tracking confirms delivery on 7th March. How long until I receive confirmation of receipt by yourselves please?",
            "id": "1504845970789568512",
            "author_id": "944587748"
        },
        {
            "created_at": "2022-03-18T15:23:26.000Z",
            "text": "@bt_uk Just sent DM",
            "id": "1504840912119250946",
            "author_id": "51018906",
            "referenced_tweets": [
                {
                    "type": "replied_to",
                    "id": "1504837800482455572"
                }
            ]
        },
        {
            "created_at": "2022-03-18T15:18:40.000Z",
            "text": "@bt_uk Yep - I can't remember what it did but it didn't resolve anything. Probably best to ask Norton to fix their bug rather than ask me to find a workaround : )",
            "id": "1504839711499632664",
            "author_id": "127326516",
            "referenced_tweets": [
                {
                    "type": "replied_to",
                    "id": "1504839198242652187"
                }
            ]
        },
        {
            "created_at": "2022-03-18T15:17:48.000Z",
            "text": "@bt_uk Well, someone was meant to call between 10am and 12pm but didn't. No Internet for second day now.",
            "id": "1504839491659382798",
            "author_id": "103928905",
            "referenced_tweets": [
                {
                    "type": "replied_to",
                    "id": "1504508086446436361"
                }
            ]
        },
        {
            "created_at": "2022-03-18T15:15:12.000Z",
            "text": "@bt_uk https://t.co/t9rvQinor5",
            "id": "1504838841387073561",
            "author_id": "127326516",
            "referenced_tweets": [
                {
                    "type": "replied_to",
                    "id": "1504838419033251846"
                }
            ]
        },
        {
            "created_at": "2022-03-18T15:14:33.000Z",
            "text": "@bt_uk @aseddon9463 They are useless and over priced…we have left them and stream ufc",
            "id": "1504838675187777700",
            "author_id": "1099391539",
            "referenced_tweets": [
                {
                    "type": "replied_to",
                    "id": "1504745455544066048"
                }
            ]
        },
        {
            "created_at": "2022-03-18T15:09:42.000Z",
            "text": "@bt_uk Nope - I'm pretty sure it's the right BTID. I've just DMed you the error message,\n\nYour guys caused all sorts of issues with my account a while back and access has never been easy since.",
            "id": "1504837456885075974",
            "author_id": "127326516",
            "referenced_tweets": [
                {
                    "type": "replied_to",
                    "id": "1504836270618460180"
                }
            ]
        },
        {
            "created_at": "2022-03-18T15:06:38.000Z",
            "text": "@bt_uk \nIs there any reason why my laptop email is getting the following \nAll I can say is annoying https://t.co/EYggJ4JF0R",
            "id": "1504836681781887005",
            "author_id": "51018906"
        },
        {
            "created_at": "2022-03-18T15:04:49.000Z",
            "text": "@bt_uk We have already placed the order with BT. Openreach came today and installed the fibre cable on the out side of the house and we got an appointment on the 8th April to connect everything up on the inside.",
            "id": "1504836227194925061",
            "author_id": "18924867",
            "referenced_tweets": [
                {
                    "type": "replied_to",
                    "id": "1504834196807770115"
                }
            ]
        },
        {
            "created_at": "2022-03-18T15:03:57.000Z",
            "text": "@bt_uk I am. But I have various log ins which may be the issue.",
            "id": "1504836010173251596",
            "author_id": "127326516",
            "referenced_tweets": [
                {
                    "type": "replied_to",
                    "id": "1504813533460054016"
                }
            ]
        },
        {
            "created_at": "2022-03-18T14:56:45.000Z",
            "text": "@bt_uk Ok thanks. No harm in trying. The £50 voucher and the two new Essentials Digital Phones make up for it.",
            "id": "1504834196807770115",
            "author_id": "18924867",
            "referenced_tweets": [
                {
                    "type": "replied_to",
                    "id": "1504830568931934223"
                }
            ]
        },
        {
            "created_at": "2022-03-18T14:45:27.000Z",
            "text": "@bt_uk Most definitely not sorted.\nThe operator during conversation actually said he was confirming the application. I pointed out it was in fact a #cancellation and he replied, in effect, 'Oh yes, silly me, am in the wrong page'. \nThis feels very scammy to me @BT  ⛔️cold calling.",
            "id": "1504831353271037953",
            "author_id": "746530775395368961",
            "referenced_tweets": [
                {
                    "type": "replied_to",
                    "id": "1504734453813370897"
                }
            ]
        },
        {
            "created_at": "2022-03-18T14:39:28.000Z",
            "text": "@virginmedia have been digging up the pavements all over Southall since January. Many grey junction boxes have appeared some roads have more then one @bt_uk only have one on each road! Some of these Virgin boxes have been placed on kerbside of pavement why? Unwitting drivers will https://t.co/lST7ktxuv3",
            "id": "1504829845255213057",
            "author_id": "503112373"
        },
        {
            "created_at": "2022-03-18T14:35:53.000Z",
            "text": "@bt_uk Hi, TalkTalk have been in contact offering us a deal to stay with them which is cheaper than the BT order we are switching to. Is there any chance of reducing the monthly cost of the package I have on order?",
            "id": "1504828945279107092",
            "author_id": "18924867",
            "referenced_tweets": [
                {
                    "type": "replied_to",
                    "id": "1504455924181778441"
                }
            ]
        },
        {
            "created_at": "2022-03-18T14:34:08.000Z",
            "text": "@SAFCSpencer @bt_uk sort it out. It’s Haway not Howay",
            "id": "1504828503270821896",
            "author_id": "1002153906271551488",
            "referenced_tweets": [
                {
                    "type": "replied_to",
                    "id": "1504826216674701312"
                }
            ]
        },
        {
            "created_at": "2022-03-18T14:17:10.000Z",
            "text": "@bt_uk ^Dee Started the phone call with contents of that email / date / time and after 1 hour I was none the wiser. It says go to Your BT and add it under Partner Content. I attached screenshot. There is nothing.",
            "id": "1504824232714379264",
            "author_id": "20227777",
            "referenced_tweets": [
                {
                    "type": "replied_to",
                    "id": "1504820034421641217"
                }
            ]
        },
        {
            "created_at": "2022-03-18T14:09:41.000Z",
            "text": "@bt_uk Matthew, your colleague on the customer service phone line, was really helpful. 35 mins on phone in the end. \n\nHe's arranged so I can ring tomorrow for an \"expedited appointment\".\n\nFingers crossed we get broadband eventually.\n\nI'm reminded of this song https://t.co/fTmUWk2Obq",
            "id": "1504822350130331659",
            "author_id": "700908968",
            "referenced_tweets": [
                {
                    "type": "replied_to",
                    "id": "1504818677102923776"
                }
            ]
        },
        {
            "created_at": "2022-03-18T13:59:34.000Z",
            "text": "@bt_uk My Full Fibre 900 got activated on 22nd however I cannot find a way to get 12months @xboxuk Game pass that should be available under Your Products. 1 hour on phone and was sent to Xbox CS for who knows what https://t.co/YR1AgR9PoT",
            "id": "1504819806071140356",
            "author_id": "20227777"
        },
        {
            "created_at": "2022-03-18T13:59:04.000Z",
            "text": "@bt_uk nope its just a serie a game",
            "id": "1504819681252753415",
            "author_id": "1282456495817400321",
            "referenced_tweets": [
                {
                    "type": "replied_to",
                    "id": "1504813688192180252"
                }
            ]
        },
        {
            "created_at": "2022-03-18T13:54:53.000Z",
            "text": "Bless, the guy on the other end's being super helpful. I've been on the phone for 25 minutes, on hold for most of that, but he keeps apologising for the delay.\n\nI know you're trying, @bt_uk , and I'm trying not to be a Karen about it!",
            "id": "1504818627245219842",
            "author_id": "700908968",
            "referenced_tweets": [
                {
                    "type": "replied_to",
                    "id": "1504816710628614164"
                }
            ]
        },
        {
            "created_at": "2022-03-18T13:54:19.000Z",
            "text": "🤗 to @bt_uk because When you get the right engineer to fix your…\n\nBT in United Kingdom: speed, performance, outages and user reviews\n👉 https://t.co/ggeT89mq5q\n\n#fing #internet #BT\n\nvia @fingapp @outagedetect",
            "id": "1504818483506335744",
            "author_id": "1867907474"
        },
        {
            "created_at": "2022-03-18T13:47:16.000Z",
            "text": "Fun with @bt_uk continues \n\nA very nice tech called Rhod came to connect the broadband (after Mar 7's person never turned up)\n\nHe discovers you need a hoist to get up the pole outside our house. There isn't one\n\nI'm back on hold trying to book another appointment\n\n#3rdTimeLucky? https://t.co/plUuRPr5fj",
            "id": "1504816710628614164",
            "author_id": "700908968"
        },
        {
            "created_at": "2022-03-18T13:39:02.000Z",
            "text": "@EE and @bt_uk unveil new sports &amp; performing arts experiences ➡️ https://t.co/yEiLoNie1Y https://t.co/L3nBzo43JR",
            "id": "1504814638151704615",
            "author_id": "966978129263841280"
        },
        {
            "created_at": "2022-03-18T13:28:53.000Z",
            "text": "@bt_uk its sky was just wondering with the sassuolo match being on there later 🙂",
            "id": "1504812083451510786",
            "author_id": "1282456495817400321",
            "referenced_tweets": [
                {
                    "type": "replied_to",
                    "id": "1504809569322680320"
                }
            ]
        },
        {
            "created_at": "2022-03-18T13:25:04.000Z",
            "text": "Been left for 11 days with no internet and repeatedly lied to by @bt_uk \n\nThis is NOT acceptable.",
            "id": "1504811121890541572",
            "author_id": "1427355348961218569"
        },
        {
            "created_at": "2022-03-18T13:12:48.000Z",
            "text": "@FatEvilBuddha @bt_uk 🤣🤣🙌🙌",
            "id": "1504808036153630732",
            "author_id": "1036180384667643905",
            "referenced_tweets": [
                {
                    "type": "replied_to",
                    "id": "1504805793048190980"
                }
            ]
        },
        {
            "created_at": "2022-03-18T13:09:23.000Z",
            "text": "@FatEvilBuddha @bt_uk https://t.co/j4U8TN4Zca",
            "id": "1504807174513602561",
            "author_id": "2998242256",
            "referenced_tweets": [
                {
                    "type": "replied_to",
                    "id": "1504805793048190980"
                }
            ]
        },
        {
            "created_at": "2022-03-18T13:03:53.000Z",
            "text": "A truthful bit of news on the @bt_uk website #btsport https://t.co/ABF0Pu3eeM",
            "id": "1504805793048190980",
            "author_id": "1296839568570949632"
        },
        {
            "created_at": "2022-03-18T12:42:30.000Z",
            "text": "@FMDoop @bt_uk Internet companies are so bad its unreal",
            "id": "1504800409315123222",
            "author_id": "422591010",
            "referenced_tweets": [
                {
                    "type": "replied_to",
                    "id": "1504510592203243527"
                }
            ]
        },
        {
            "created_at": "2022-03-18T12:36:57.000Z",
            "text": "@bt_uk Hey BT why are you increasing my prices on top of the CPI inflation rate?",
            "id": "1504799012435730445",
            "author_id": "955785137651896320"
        },
        {
            "created_at": "2022-03-18T12:18:29.000Z",
            "text": "@bt_uk I’ll send that in DM’s.",
            "id": "1504794366153531393",
            "author_id": "1077634540812881920",
            "referenced_tweets": [
                {
                    "type": "replied_to",
                    "id": "1504793410867240960"
                }
            ]
        },
        {
            "created_at": "2022-03-18T12:17:03.000Z",
            "text": "@OpenreachHelp @bt_uk Have followed you now. Thanks",
            "id": "1504794006106083328",
            "author_id": "307513258",
            "referenced_tweets": [
                {
                    "type": "replied_to",
                    "id": "1504787645611876352"
                }
            ]
        },
        {
            "created_at": "2022-03-18T12:15:37.000Z",
            "text": "@bt_uk Yh, have to wait into Monday now for a engineer to come out after waiting in all day yesterday",
            "id": "1504793647698563075",
            "author_id": "2922949091",
            "referenced_tweets": [
                {
                    "type": "replied_to",
                    "id": "1504788803663376393"
                }
            ]
        },
        {
            "created_at": "2022-03-18T12:13:14.000Z",
            "text": "@bt_uk I’ve sent it.",
            "id": "1504793046264782866",
            "author_id": "1077634540812881920",
            "referenced_tweets": [
                {
                    "type": "replied_to",
                    "id": "1504792805830545408"
                }
            ]
        },
        {
            "created_at": "2022-03-18T12:10:44.000Z",
            "text": "@bt_uk why is the connection in the WF9 3 area constantly dipping. For the past two days it’s been orange lights on my hub every 5-10 minutes. I’ve been home from work 35 minutes and it’s been constant orange and just changed to green then orange. I will cancel my direct debit.",
            "id": "1504792417215651842",
            "author_id": "1077634540812881920"
        },
        {
            "created_at": "2022-03-18T11:51:46.000Z",
            "text": "@eirianp @bt_uk Hi, thank you for informing ourselves. We will look into this. ^Gareth",
            "id": "1504787645611876352",
            "author_id": "762965944490725376",
            "referenced_tweets": [
                {
                    "type": "replied_to",
                    "id": "1504754369887195137"
                }
            ]
        },
        {
            "created_at": "2022-03-18T11:48:27.000Z",
            "text": "@bt_uk - PLEASE PLEASE PLEASE, can someone give me a telephone number I can call to arrange the relocation of my fibre. I’ve spoken to 9 different people/depts in the past fortnight and each one says there’s no record of the previous one??? What on Earth is that all about??",
            "id": "1504786810735636515",
            "author_id": "873121507097980929"
        },
        {
            "created_at": "2022-03-18T10:53:44.000Z",
            "text": "@bt_uk Hi again. As you sent me a Smart Hub 2 when I already have a Smart Hub 2 and I didn't order it, I'm assuming that hub is unsolicited goods so you won't be billing me £50 (as threatened) if I don't return it? That would be against the law wouldn't it?",
            "id": "1504773040592326659",
            "author_id": "3888335896"
        },
        {
            "created_at": "2022-03-18T10:51:06.000Z",
            "text": "@bt_uk Yes let's bait out my own address on twitter 🤣",
            "id": "1504772376625618944",
            "author_id": "1168837172776112128",
            "referenced_tweets": [
                {
                    "type": "replied_to",
                    "id": "1504772078905536517"
                }
            ]
        },
        {
            "created_at": "2022-03-18T10:49:37.000Z",
            "text": "@bt_uk received this direct mail today - unnecessary plastic packaging covering a promotional flyer. Seriously no need - #reduceplastic 🤷🏼‍♀️ https://t.co/26XtALSe6q",
            "id": "1504772004410503169",
            "author_id": "1499478373"
        },
        {
            "created_at": "2022-03-18T10:47:58.000Z",
            "text": "@bt_uk I've been on the phone to you every day for 2 weeks and you still can't fix any problems",
            "id": "1504771589220544512",
            "author_id": "1168837172776112128",
            "referenced_tweets": [
                {
                    "type": "replied_to",
                    "id": "1504770564359086080"
                }
            ]
        },
        {
            "created_at": "2022-03-18T10:46:25.000Z",
            "text": "@bt_uk I’ve sent my details across as don’t have a telephone number to enter",
            "id": "1504771196533055488",
            "author_id": "710681420",
            "referenced_tweets": [
                {
                    "type": "replied_to",
                    "id": "1504755356970401792"
                }
            ]
        },
        {
            "created_at": "2022-03-18T10:42:20.000Z",
            "text": "@NickT85 @virginmedia @bt_uk run now whilst you can ... i am desparate to leave but cannot do that either ...",
            "id": "1504770171893862411",
            "author_id": "20088687",
            "referenced_tweets": [
                {
                    "type": "replied_to",
                    "id": "1504176108807278592"
                }
            ]
        },
        {
            "created_at": "2022-03-18T10:33:53.000Z",
            "text": "@bt_uk are absolutely useless.",
            "id": "1504768042550636545",
            "author_id": "1168837172776112128"
        },
        {
            "created_at": "2022-03-18T10:21:09.000Z",
            "text": "Joris van Oers verantwortet seit gut 3 Jahren das Europageschäft bei @bt_uk. Im Exklusivinterview mit uns spricht der Niederländer unter anderem über den Reiz der Schweiz. https://t.co/fDn9QuAq2g",
            "id": "1504764838978928641",
            "author_id": "17365116"
        },
        {
            "created_at": "2022-03-18T10:16:34.000Z",
            "text": "@bt_uk Just spoke to them, thank you. Got the offer, but still not sure why the link in the email takes me to a page which tells me there are no offers.",
            "id": "1504763683796312064",
            "author_id": "140501478",
            "referenced_tweets": [
                {
                    "type": "replied_to",
                    "id": "1504759545528307749"
                }
            ]
        },
        {
            "created_at": "2022-03-18T10:15:19.000Z",
            "text": "@bt_uk Im still waiting for packaging to return my BT Hub . How long do I wait ?",
            "id": "1504763371324911628",
            "author_id": "910679791"
        },
        {
            "created_at": "2022-03-18T10:07:45.000Z",
            "text": "@bt_uk How long does it normally take to get confirmation for receipt of old equipment?",
            "id": "1504761465160581120",
            "author_id": "315063515"
        },
        {
            "created_at": "2022-03-18T10:05:05.000Z",
            "text": "@bt_uk Brilliant Janet. Thanks for sorting it out. Have a lovely day.",
            "id": "1504760793862230020",
            "author_id": "27967676",
            "referenced_tweets": [
                {
                    "type": "replied_to",
                    "id": "1504757697853509634"
                }
            ]
        },
        {
            "created_at": "2022-03-18T10:00:42.000Z",
            "text": "Find out more here https://t.co/n2PSwe17k3\n@ScienceWeekUK #BSW22 @ResearchEssex @Vishwanathan_M @bt_uk @uni_essex_csee https://t.co/dZGf4t94UI",
            "id": "1504759693729845266",
            "author_id": "22152013"
        },
        {
            "created_at": "2022-03-18T09:51:59.000Z",
            "text": "@bt_uk Not yet…I don’t want to be stuck on hold for an eternity!",
            "id": "1504757498506629144",
            "author_id": "140501478",
            "referenced_tweets": [
                {
                    "type": "replied_to",
                    "id": "1504729631705948167"
                }
            ]
        },
        {
            "created_at": "2022-03-18T09:51:02.000Z",
            "text": "Telecoms giant @bt_uk is investing millions creating a new office hub in the centre of #Cardiff for up to 900 staff as part of a multi-million-pound investment:\n➡️https://t.co/4TQzuMs2Bu\n\n#UKMfg #GBMfg #BT #Telecommunications https://t.co/rMfRj4fMrD",
            "id": "1504757260102389773",
            "author_id": "3147611766"
        },
        {
            "created_at": "2022-03-18T09:44:42.000Z",
            "text": "@bt_uk Thanks Janet - have done so!",
            "id": "1504755665344122881",
            "author_id": "27967676",
            "referenced_tweets": [
                {
                    "type": "replied_to",
                    "id": "1504753874535698509"
                }
            ]
        },
        {
            "created_at": "2022-03-18T09:40:54.000Z",
            "text": "@bt_uk is there connection problems in NR15 2TL area my internet is flashing purple",
            "id": "1504754711668445185",
            "author_id": "710681420"
        }
    ],
    "includes": {
        "users": [
            {
                "location": "Durham City UK",
                "id": "81554436",
                "username": "Bob__Hudson",
                "name": "Bob Hudson"
            },
            {
                "location": "Latchmere, S.E. England ",
                "id": "2886708814",
                "username": "NSE_Latchmere",
                "name": "Network Southeast Latchmere ❤️🤍💙"
            },
            {
                "id": "976834922005565440",
                "username": "PhysicsRachel",
                "name": "Rachel Sian"
            },
            {
                "id": "458628994",
                "username": "ChloeRaccoon",
                "name": "Chloe Raccoon"
            },
            {
                "location": "UK, Wales",
                "id": "22530002",
                "username": "Vespii",
                "name": "Charlotte"
            },
            {
                "location": "London",
                "id": "183190593",
                "username": "nickbowes1975",
                "name": "Nick Bowes"
            },
            {
                "location": "Cornwall, U.K.",
                "id": "22937604",
                "username": "stephytreas",
                "name": "Stephanie Treasure"
            },
            {
                "id": "616859711",
                "username": "djwayneeldridge",
                "name": "Dj wayne Eldridge"
            },
            {
                "id": "476948630",
                "username": "Hayleygrans",
                "name": "Hayley Granston"
            },
            {
                "id": "88394833",
                "username": "WhozThatGirlttv",
                "name": "Jessicaa"
            },
            {
                "id": "34509265",
                "username": "onebookamonth",
                "name": "Daniela"
            },
            {
                "location": "Newcastle ",
                "id": "20397168",
                "username": "kellegall",
                "name": "Kelle💙"
            },
            {
                "id": "44671821",
                "username": "Phillwe",
                "name": "Phill Weaver"
            },
            {
                "location": "Suffolk ",
                "id": "498808952",
                "username": "GingerGenius78",
                "name": "David Heyes"
            },
            {
                "id": "1298891726371909632",
                "username": "Paul17351508",
                "name": "Paul"
            },
            {
                "id": "3888335896",
                "username": "MarkblokeN",
                "name": "Mark N"
            },
            {
                "id": "2969602828",
                "username": "badservicebewar",
                "name": "Helly West"
            },
            {
                "location": "UK",
                "id": "909012178975576064",
                "username": "JPrest0",
                "name": "Presto"
            },
            {
                "location": "Epsom, Surrey",
                "id": "3099993885",
                "username": "jojonescreative",
                "name": "Jo Jones"
            },
            {
                "location": "London & Paris",
                "id": "1265586835",
                "username": "FlavillaFongang",
                "name": "Flavilla Fongang"
            },
            {
                "id": "1494370463191076865",
                "username": "Jacquel41523245",
                "name": "Jacqueline Whale"
            },
            {
                "location": "London, United Kingdom",
                "id": "2565262186",
                "username": "Manthouk",
                "name": "Mantho"
            },
            {
                "location": "London, England",
                "id": "769134102796697600",
                "username": "MarcAllera",
                "name": "Marc Allera"
            },
            {
                "id": "1504851491055718406",
                "username": "BurmanDerek",
                "name": "Derek Burman"
            },
            {
                "location": "Glasgow, Scotland",
                "id": "20009086",
                "username": "btbusinesscare",
                "name": "BT Business Care"
            },
            {
                "location": "Surrey, England",
                "id": "563148431",
                "username": "WelliXL",
                "name": "WelliXL"
            },
            {
                "location": "Ｔｈｅ Ｎｏｒｔｈ Ｅａｓｔ 🔴⚪️",
                "id": "218821567",
                "username": "ColArmy86",
                "name": "ᴄᴏʟ"
            },
            {
                "location": "Swindon, England",
                "id": "338501250",
                "username": "djstallard",
                "name": "Daniel Stallard"
            },
            {
                "location": "England, United Kingdom",
                "id": "803347753174794241",
                "username": "davethecocker",
                "name": "Dave"
            },
            {
                "location": "Birmingham, England",
                "id": "1261313851875786752",
                "username": "harryborose",
                "name": "Harry Rose"
            },
            {
                "id": "127326516",
                "username": "TrevorMLambert",
                "name": "Trevor Lambert #SaveTheBBC"
            },
            {
                "location": "UK",
                "id": "944587748",
                "username": "charlie_emma_",
                "name": "Charlie 👩🏻‍🔬"
            },
            {
                "id": "901916177852760065",
                "username": "5imon_k",
                "name": "Simon K 🏴󠁧󠁢󠁷󠁬󠁳󠁿"
            },
            {
                "id": "51018906",
                "username": "skelly2308",
                "name": "Claire Skelton"
            },
            {
                "location": "England",
                "id": "103928905",
                "username": "OO09ARB",
                "name": "Andy Bramley"
            },
            {
                "location": "Easington (Co durham)",
                "id": "1099391539",
                "username": "andrewtait12",
                "name": "andrew tait"
            },
            {
                "location": "Bath, UK",
                "id": "18924867",
                "username": "TomChap",
                "name": "Tom Chapman 💙🇪🇺🇺🇦💛"
            },
            {
                "location": "Liverpool in Europe",
                "id": "746530775395368961",
                "username": "Aunty_Tori",
                "name": "Liverpool Naturopath"
            },
            {
                "location": "UK",
                "id": "503112373",
                "username": "dpmx65",
                "name": "Checks & Balance, Accountability in Politics 🇺🇦"
            },
            {
                "location": "Sunderland",
                "id": "1002153906271551488",
                "username": "SAFCsharpy",
                "name": "ᴍᴀᴛᴛʜᴇᴡ ❤️🤍"
            },
            {
                "location": "Cheshunt, U.K.",
                "id": "20227777",
                "username": "hermitdave",
                "name": "Hermit Dave ⚡♻️🌍"
            },
            {
                "id": "700908968",
                "username": "KevFComicArtist",
                "name": "Kev F Comic Artist"
            },
            {
                "id": "1282456495817400321",
                "username": "callumleeds10",
                "name": "callum"
            },
            {
                "location": "Forth, Scotland",
                "id": "1867907474",
                "username": "john_johnwood23",
                "name": "John Wood"
            },
            {
                "location": "Nationwide",
                "id": "966978129263841280",
                "username": "UK_5G",
                "name": "UK5G"
            },
            {
                "location": "Here",
                "id": "1427355348961218569",
                "username": "Electr01ite",
                "name": "Helen Pearce"
            },
            {
                "location": "Glasgow, Scotland",
                "id": "1036180384667643905",
                "username": "YvonnesaCunt",
                "name": "Vonnie Doll 🇺🇦🏴󠁧󠁢󠁳󠁣󠁴󠁿"
            },
            {
                "location": "Ireland",
                "id": "2998242256",
                "username": "OMGitsagirl2015",
                "name": "Alan 🇮🇪🇺🇦"
            },
            {
                "id": "1296839568570949632",
                "username": "FatEvilBuddha",
                "name": "photoshop Tourette’s 🇺🇦"
            },
            {
                "id": "422591010",
                "username": "stephenashmore",
                "name": "stephen ashmore"
            },
            {
                "id": "955785137651896320",
                "username": "snowbindtrades",
                "name": "Alistair Wright"
            },
            {
                "location": "Yorkshire and The Humber",
                "id": "1077634540812881920",
                "username": "JadeyBex",
                "name": "Jade."
            },
            {
                "location": "Pembrokeshire",
                "id": "307513258",
                "username": "eirianp",
                "name": "Eirian Price"
            },
            {
                "location": "Bury, England",
                "id": "2922949091",
                "username": "johnward1992",
                "name": "John Ward"
            },
            {
                "id": "762965944490725376",
                "username": "OpenreachHelp",
                "name": "Openreach"
            },
            {
                "id": "873121507097980929",
                "username": "buffstruck",
                "name": "Buffstruck"
            },
            {
                "location": "Wales, United Kingdom",
                "id": "1168837172776112128",
                "username": "B_PRICEY00",
                "name": "Beth💐"
            },
            {
                "id": "1499478373",
                "username": "dionnetwee_t",
                "name": "Dionne Alexander"
            },
            {
                "location": "Norwich,Norfolk",
                "id": "710681420",
                "username": "ChloeeRebekah",
                "name": "Chloe Goodwin (To Be Thurston)"
            },
            {
                "location": "Nottingham ",
                "id": "20088687",
                "username": "mands1980",
                "name": "🇨🇵🇩🇪MFL Mands 🇩🇪🇨🇵"
            },
            {
                "location": "Zurich, Switzerland",
                "id": "17365116",
                "username": "inside_it",
                "name": "inside-it.ch"
            },
            {
                "location": "North East",
                "id": "140501478",
                "username": "andysaxton",
                "name": "Andy Saxton"
            },
            {
                "id": "910679791",
                "username": "11jbk",
                "name": "jan baker"
            },
            {
                "location": "Yorkshire and The Humber",
                "id": "315063515",
                "username": "neil_andy",
                "name": "Parky, Bored lets have some fun."
            },
            {
                "location": "London",
                "id": "27967676",
                "username": "jordandias",
                "name": "Jordan Dias"
            },
            {
                "location": "Essex",
                "id": "22152013",
                "username": "Uni_of_Essex",
                "name": "University of Essex"
            },
            {
                "location": "UK",
                "id": "3147611766",
                "username": "Cotsworld1",
                "name": "Stroud Plastics Company Limited"
            }
        ],
        "tweets": [
            {
                "created_at": "2022-03-18T20:14:11.000Z",
                "text": "@Bob__Hudson Not so good Bob, keep a check on the tracker and it'll keep you updated on the progress. Should the tracker show the fault as cleared and if you're still having bother restart your Hub, if still the same let us know. ^Dom",
                "id": "1504914080582320132",
                "author_id": "118750085",
                "referenced_tweets": [
                    {
                        "type": "replied_to",
                        "id": "1504913623432536075"
                    }
                ]
            },
            {
                "created_at": "2022-03-18T20:09:18.000Z",
                "text": "@Bob__Hudson Hi Bob, sorry to hear you're having bother. Can you check https://t.co/gqud2yQZpH to see if there is anything going on in your area which we're aware of? ^Dom",
                "id": "1504912851974172672",
                "author_id": "118750085",
                "referenced_tweets": [
                    {
                        "type": "replied_to",
                        "id": "1504911961464659973"
                    }
                ]
            },
            {
                "created_at": "2022-03-18T19:21:41.000Z",
                "text": "@nickbowes1975 Hey Nick.\n\nI'm so sorry about this. \n\nCan you DM me over your address and account number? I'll have a look ^Lisa",
                "id": "1504900867765506054",
                "author_id": "118750085",
                "referenced_tweets": [
                    {
                        "type": "replied_to",
                        "id": "1504900436733616131"
                    }
                ]
            },
            {
                "created_at": "2022-03-18T18:43:46.000Z",
                "text": "@stephytreas Hi Stephanie \nIs it the ethernet cable that you need? You can use your old one ^Lizzie",
                "id": "1504891325166100481",
                "author_id": "118750085",
                "referenced_tweets": [
                    {
                        "type": "replied_to",
                        "id": "1504890861544423427"
                    }
                ]
            },
            {
                "created_at": "2022-03-18T19:00:03.000Z",
                "text": "@WhozThatGirlttv Sorry again Jessica, we won't know what the fault is until the engineer goes out to investigate. Are you able to connect to BT wifi? ^Lesley",
                "id": "1504895424720785416",
                "author_id": "118750085",
                "referenced_tweets": [
                    {
                        "type": "replied_to",
                        "id": "1504894797647171585"
                    }
                ]
            },
            {
                "created_at": "2022-03-18T18:57:34.000Z",
                "text": "@WhozThatGirlttv Take a look on this link Jessica: https://t.co/gqud2yQZpH ^Catherine",
                "id": "1504894797647171585",
                "author_id": "118750085",
                "referenced_tweets": [
                    {
                        "type": "replied_to",
                        "id": "1504892886294355975"
                    }
                ]
            },
            {
                "created_at": "2022-03-18T07:02:38.000Z",
                "text": "Some BT cabinets on the streets of Sheffield (@bt_uk /@WeAreOpenreach) along with other pieces of 'street furniture' have become pieces of #StreetArt focusing on local heritage.\n\nThis one features local cutler Stan Shaw.\n\nLocation: Dun Street, #Sheffield\nArtist: Katy Sett https://t.co/raRtTMiGbj",
                "id": "1504714879550304256",
                "author_id": "1482057450316517382"
            },
            {
                "created_at": "2022-03-18T18:46:31.000Z",
                "text": "@WhozThatGirlttv I am sorry Jessica, but it would be the same with other providers. We can only give you the first available appointment. If this is a network fault and no appointment made, then Openreach will be working to get you reconnected as soon as possible. ^Catherine",
                "id": "1504892018589323266",
                "author_id": "118750085",
                "referenced_tweets": [
                    {
                        "type": "replied_to",
                        "id": "1504891242248822786"
                    }
                ]
            },
            {
                "created_at": "2022-03-15T21:08:19.000Z",
                "text": "@GingerGenius78 Hi I am really sorry to hear this, please PM me with the BT account details so we can take a look at the account notes for a further understanding on this matter. Thanks ^Aled",
                "id": "1503840538885251072",
                "author_id": "118750085",
                "referenced_tweets": [
                    {
                        "type": "replied_to",
                        "id": "1503834170782625800"
                    }
                ]
            },
            {
                "created_at": "2022-03-18T18:42:43.000Z",
                "text": "@WhozThatGirlttv Hi Jessica, I am sorry to see this. We always offer the first available appointment to our customers. ^Catherine",
                "id": "1504891062682333187",
                "author_id": "118750085",
                "referenced_tweets": [
                    {
                        "type": "replied_to",
                        "id": "1504890297695846405"
                    }
                ]
            },
            {
                "created_at": "2022-03-18T18:15:31.000Z",
                "text": "We've more PlayStation 5 stock landing next week for BT broadband customers to buy via https://t.co/vn4dQFCbvZ.⁣\n⁣\nWe'll post here when they’re available, so you can have the chance to secure one. https://t.co/p3z31MPPCh",
                "id": "1504884215917207560",
                "author_id": "118750085"
            },
            {
                "created_at": "2022-03-18T11:33:56.000Z",
                "text": "@MarkblokeN Hi Mark, I'd need to check why it was sent as you may be due to be changed to fibre phone line so you'd need a the same hub but it's slightly different for the phone to work. If you dm the account number and your full name I'll check. ^Dee",
                "id": "1504783154116243456",
                "author_id": "118750085",
                "referenced_tweets": [
                    {
                        "type": "replied_to",
                        "id": "1504773040592326659"
                    }
                ]
            },
            {
                "created_at": "2022-03-18T16:53:47.000Z",
                "text": "@badservicebewar Hi there, I'll do my best to help you. Can you dm me a brief of the issue you're having please. ^Dee",
                "id": "1504863648229036054",
                "author_id": "118750085",
                "referenced_tweets": [
                    {
                        "type": "replied_to",
                        "id": "1504862718167293953"
                    }
                ]
            },
            {
                "created_at": "2022-03-18T17:24:43.000Z",
                "text": "@jojonescreative Hi Jo, I'm really sorry that you haven't heard anything back yet.\n\nCan you send me a DM with the account details and I'll have a look at this? ^Paul https://t.co/hBbj6tVEyH",
                "id": "1504871434023284751",
                "author_id": "118750085",
                "referenced_tweets": [
                    {
                        "type": "replied_to",
                        "id": "1504870170321424421"
                    }
                ]
            },
            {
                "created_at": "2022-03-18T16:47:07.000Z",
                "text": "Awesome to celebrate our industry’s Black role models and trailblazers at last night’s @BTAAwards w/ our Ethnic Diversity Network.\n\nHonoured to be named Ally of the Year, but all credit to my colleagues for making @EE and @bt_uk a team that welcomes all where you can be yourself. https://t.co/iUNwQxGpHm",
                "id": "1504861970889162758",
                "author_id": "769134102796697600"
            },
            {
                "created_at": "2022-03-16T12:45:00.000Z",
                "text": "It's the middle of the week, and we're in the middle of helping our customers! We're only a tweet away, get in touch.",
                "id": "1504076264478490630",
                "author_id": "118750085"
            },
            {
                "created_at": "2022-03-18T13:22:00.000Z",
                "text": "We have a ton of resources to help you and your kids with your digital wellbeing at #SkillsForTomorrow https://t.co/O1R3PCjE4p. DM us your BT questions.",
                "id": "1504810350868418563",
                "author_id": "118750085"
            },
            {
                "created_at": "2022-03-18T16:34:51.000Z",
                "text": "@WelliXL Hi Tony\nI've not had an update from the offline team yet but I'm here until 9pm so I'll keep an eye on it for you. ^Lizzie",
                "id": "1504858885852696601",
                "author_id": "118750085",
                "referenced_tweets": [
                    {
                        "type": "replied_to",
                        "id": "1504398951688159232"
                    }
                ]
            },
            {
                "created_at": "2022-03-18T14:34:08.000Z",
                "text": "@SAFCSpencer @bt_uk sort it out. It’s Haway not Howay",
                "id": "1504828503270821896",
                "author_id": "1002153906271551488",
                "referenced_tweets": [
                    {
                        "type": "replied_to",
                        "id": "1504826216674701312"
                    }
                ]
            },
            {
                "created_at": "2022-03-18T16:22:05.000Z",
                "text": "@davethecocker Sorry to hear that Dave, when you say tv isn't working and appalling signal do you mean for freeview? What charge do you feel isn't correct? ^Dee",
                "id": "1504855671078100995",
                "author_id": "118750085",
                "referenced_tweets": [
                    {
                        "type": "replied_to",
                        "id": "1504855326432149506"
                    }
                ]
            },
            {
                "created_at": "2022-03-18T15:31:09.000Z",
                "text": "@TrevorMLambert Can you confirm what log in you're using? ^Lisa",
                "id": "1504842851691151370",
                "author_id": "118750085",
                "referenced_tweets": [
                    {
                        "type": "replied_to",
                        "id": "1504838841387073561"
                    }
                ]
            },
            {
                "created_at": "2022-03-18T15:47:31.000Z",
                "text": "@charlie_emma_ Hi Charlie, I'm sorry to hear you are still getting texts and emails about this.\n\nCan you send me a DM with your account details and I'll get this sorted? ^Paul https://t.co/hBbj6tVEyH",
                "id": "1504846973664378901",
                "author_id": "118750085",
                "referenced_tweets": [
                    {
                        "type": "replied_to",
                        "id": "1504845970789568512"
                    }
                ]
            },
            {
                "created_at": "2022-03-18T15:11:04.000Z",
                "text": "@skelly2308 Hi Claire, sorry to see this. Is it for a business or residential account. DM us over with the name on the account, full address with postcode and BT account number and I can have a check or direct it to the right team. ^Garry",
                "id": "1504837800482455572",
                "author_id": "118750085",
                "referenced_tweets": [
                    {
                        "type": "replied_to",
                        "id": "1504836681781887005"
                    }
                ]
            },
            {
                "created_at": "2022-03-18T15:16:38.000Z",
                "text": "@TrevorMLambert Have you clicked on the link within the error? ^Lisa",
                "id": "1504839198242652187",
                "author_id": "118750085",
                "referenced_tweets": [
                    {
                        "type": "replied_to",
                        "id": "1504838841387073561"
                    }
                ]
            },
            {
                "created_at": "2022-03-17T17:20:54.000Z",
                "text": "@OO09ARB Ok. \n\nLet us know how that goes ^Lisa",
                "id": "1504508086446436361",
                "author_id": "118750085",
                "referenced_tweets": [
                    {
                        "type": "replied_to",
                        "id": "1504506507676864515"
                    }
                ]
            },
            {
                "created_at": "2022-03-18T15:13:32.000Z",
                "text": "@TrevorMLambert Hi Trevor, I'm afraid we haven't receive the DM you sent.  Can you resend it here please so I can see the error message you're getting. ^Theresa",
                "id": "1504838419033251846",
                "author_id": "118750085",
                "referenced_tweets": [
                    {
                        "type": "replied_to",
                        "id": "1504837456885075974"
                    }
                ]
            },
            {
                "created_at": "2022-03-18T09:04:08.000Z",
                "text": "@aseddon9463 I have give you the options available too you Andy to get the Monthly Sport pass. ^Clare",
                "id": "1504745455544066048",
                "author_id": "118750085",
                "referenced_tweets": [
                    {
                        "type": "replied_to",
                        "id": "1504744860624031746"
                    }
                ]
            },
            {
                "created_at": "2022-03-18T15:05:00.000Z",
                "text": "@TrevorMLambert That may be why, you need to use your BTID Trevour and be able to see your account details on the profile, ^Dee",
                "id": "1504836270618460180",
                "author_id": "118750085",
                "referenced_tweets": [
                    {
                        "type": "replied_to",
                        "id": "1504836010173251596"
                    }
                ]
            },
            {
                "created_at": "2022-03-18T14:56:45.000Z",
                "text": "@bt_uk Ok thanks. No harm in trying. The £50 voucher and the two new Essentials Digital Phones make up for it.",
                "id": "1504834196807770115",
                "author_id": "18924867",
                "referenced_tweets": [
                    {
                        "type": "replied_to",
                        "id": "1504830568931934223"
                    }
                ]
            },
            {
                "created_at": "2022-03-18T13:34:39.000Z",
                "text": "@TrevorMLambert Hi Trevor are you the account holder or account manager on the profile - it will only work for account holder. ^Dee",
                "id": "1504813533460054016",
                "author_id": "118750085",
                "referenced_tweets": [
                    {
                        "type": "replied_to",
                        "id": "1504810784332914688"
                    }
                ]
            },
            {
                "created_at": "2022-03-18T14:42:20.000Z",
                "text": "@TomChap Sorry Tom, our best deals for new customers are online at https://t.co/sZcZjqAHbK ^Dee",
                "id": "1504830568931934223",
                "author_id": "118750085",
                "referenced_tweets": [
                    {
                        "type": "replied_to",
                        "id": "1504828945279107092"
                    }
                ]
            },
            {
                "created_at": "2022-03-18T08:20:25.000Z",
                "text": "@Aunty_Tori Good morning Tori, just wanted to check in and see if you need any further help at all or if you got things sorted ? ^Alannah",
                "id": "1504734453813370897",
                "author_id": "118750085",
                "referenced_tweets": [
                    {
                        "type": "replied_to",
                        "id": "1504524169307987975"
                    }
                ]
            },
            {
                "created_at": "2022-03-17T13:53:38.000Z",
                "text": "@TomChap Is there anything else you need help with Tom? ^Dee",
                "id": "1504455924181778441",
                "author_id": "118750085",
                "referenced_tweets": [
                    {
                        "type": "replied_to",
                        "id": "1503768626633093124"
                    }
                ]
            },
            {
                "created_at": "2022-03-18T14:25:03.000Z",
                "text": "Pissed me off this. ‘Howay’ in the Wearside edition??? https://t.co/t7H9pjCgIg",
                "id": "1504826216674701312",
                "author_id": "3864070581"
            },
            {
                "created_at": "2022-03-18T14:00:29.000Z",
                "text": "@hermitdave Hi there you'll have been sent an email with a link to claim the game pass. ^Dee",
                "id": "1504820034421641217",
                "author_id": "118750085",
                "referenced_tweets": [
                    {
                        "type": "replied_to",
                        "id": "1504819806071140356"
                    }
                ]
            },
            {
                "created_at": "2022-03-18T13:55:05.000Z",
                "text": "@KevFComicArtist Afternoon Kev, so sorry about this. If you need us to help with anything please let us know. Thanks so much ^Aideen",
                "id": "1504818677102923776",
                "author_id": "118750085",
                "referenced_tweets": [
                    {
                        "type": "replied_to",
                        "id": "1504816710628614164"
                    }
                ]
            },
            {
                "created_at": "2022-03-18T13:35:16.000Z",
                "text": "@callumleeds10 sassssssssuoollooooooooo whooooo?? lol have you checked this on the tv guide, is it a PPV game or anything like that? ^Aideen",
                "id": "1504813688192180252",
                "author_id": "118750085",
                "referenced_tweets": [
                    {
                        "type": "replied_to",
                        "id": "1504812083451510786"
                    }
                ]
            },
            {
                "created_at": "2022-03-18T13:47:16.000Z",
                "text": "Fun with @bt_uk continues \n\nA very nice tech called Rhod came to connect the broadband (after Mar 7's person never turned up)\n\nHe discovers you need a hoist to get up the pole outside our house. There isn't one\n\nI'm back on hold trying to book another appointment\n\n#3rdTimeLucky? https://t.co/plUuRPr5fj",
                "id": "1504816710628614164",
                "author_id": "700908968"
            },
            {
                "created_at": "2022-03-18T13:18:53.000Z",
                "text": "@callumleeds10 Hi Callum, depends on who bills you. Is it us or sky? ^Aideen",
                "id": "1504809569322680320",
                "author_id": "118750085",
                "referenced_tweets": [
                    {
                        "type": "replied_to",
                        "id": "1504809095328636937"
                    }
                ]
            },
            {
                "created_at": "2022-03-18T13:03:53.000Z",
                "text": "A truthful bit of news on the @bt_uk website #btsport https://t.co/ABF0Pu3eeM",
                "id": "1504805793048190980",
                "author_id": "1296839568570949632"
            },
            {
                "created_at": "2022-03-17T17:30:52.000Z",
                "text": "So at the moment my internet is getting cut off at midnight. But @bt_uk have done it in a way that my new provider can’t take the line over. This means I will be without internet for the next 7-14 days. Anyone in the area have a spare room I can stream from for the next 2 weeks. https://t.co/iod6lDIiOm",
                "id": "1504510592203243527",
                "author_id": "2968265980"
            },
            {
                "created_at": "2022-03-18T12:14:41.000Z",
                "text": "@JadeyBex Got it, for validation please confirm the name that appears on this account and what relation you are to this person? PM this information. 😀 ^Aideen",
                "id": "1504793410867240960",
                "author_id": "118750085",
                "referenced_tweets": [
                    {
                        "type": "replied_to",
                        "id": "1504793046264782866"
                    }
                ]
            },
            {
                "created_at": "2022-03-18T11:51:46.000Z",
                "text": "@eirianp @bt_uk Hi, thank you for informing ourselves. We will look into this. ^Gareth",
                "id": "1504787645611876352",
                "author_id": "762965944490725376",
                "referenced_tweets": [
                    {
                        "type": "replied_to",
                        "id": "1504754369887195137"
                    }
                ]
            },
            {
                "created_at": "2022-03-18T11:56:23.000Z",
                "text": "@johnward1992 Hi John, did you speak to anyone yet about your order? ^Dee",
                "id": "1504788803663376393",
                "author_id": "118750085",
                "referenced_tweets": [
                    {
                        "type": "replied_to",
                        "id": "1504531380486778886"
                    }
                ]
            },
            {
                "created_at": "2022-03-18T12:12:17.000Z",
                "text": "@JadeyBex Afternoon Jade, so sorry about this, if you PM us the first line of address (post code above) we will review things for you. Thanks so much and sorry once again ^Aideen",
                "id": "1504792805830545408",
                "author_id": "118750085",
                "referenced_tweets": [
                    {
                        "type": "replied_to",
                        "id": "1504792417215651842"
                    }
                ]
            },
            {
                "created_at": "2022-03-18T09:39:33.000Z",
                "text": "@bt_uk How can I contact BT Open Reach is @BTSopenreach an official account?",
                "id": "1504754369887195137",
                "author_id": "307513258"
            },
            {
                "created_at": "2022-03-18T10:49:55.000Z",
                "text": "@B_PRICEY00 I am sorry to hear that, what is the issue? is it order/fault related? include the first line of address and post code in your reply so I can review thats going on. Thank you ^Aideen",
                "id": "1504772078905536517",
                "author_id": "118750085",
                "referenced_tweets": [
                    {
                        "type": "replied_to",
                        "id": "1504771589220544512"
                    }
                ]
            },
            {
                "created_at": "2022-03-18T10:43:54.000Z",
                "text": "@B_PRICEY00 Hi Beth, awwww this makes me sad, what happened to make you say this? PM any sensitive information. Thanks so much ^Aideen",
                "id": "1504770564359086080",
                "author_id": "118750085",
                "referenced_tweets": [
                    {
                        "type": "replied_to",
                        "id": "1504768042550636545"
                    }
                ]
            },
            {
                "created_at": "2022-03-18T09:43:28.000Z",
                "text": "@ChloeeRebekah 2/2  If you've any issues with this, please DM over your account details, full address &amp; post code, plus your contact number &amp; I'll look at this for you. ^Theresa",
                "id": "1504755356970401792",
                "author_id": "118750085",
                "referenced_tweets": [
                    {
                        "type": "replied_to",
                        "id": "1504754711668445185"
                    }
                ]
            },
            {
                "created_at": "2022-03-16T19:21:45.000Z",
                "text": "@virginmedia Hi I’m hoping you can help me. I was supposed to have my broadband installed on Monday and it’s been delayed. My @bt_uk internet is being cut off on Friday leaving me nothing for 10 days. I’ve rung up and been hung up on twice. #virginmedia #help",
                "id": "1504176108807278592",
                "author_id": "25095229"
            },
            {
                "created_at": "2022-03-18T10:00:07.000Z",
                "text": "@andysaxton Hi Andy, I don't think the queues are too bad right now. if you don't want to call yourself, DM over your full address and postcode and your contact number, and we can give you a call and pass you over. Thanks ^Janet",
                "id": "1504759545528307749",
                "author_id": "118750085",
                "referenced_tweets": [
                    {
                        "type": "replied_to",
                        "id": "1504757498506629144"
                    }
                ]
            },
            {
                "created_at": "2022-03-18T09:52:46.000Z",
                "text": "@jordandias Thanks Jordan. That's it ordered for you now.🙂 It should be with you in a few days.\nJust take to any post office, and the postage is pre-paid. ^Janet",
                "id": "1504757697853509634",
                "author_id": "118750085",
                "referenced_tweets": [
                    {
                        "type": "replied_to",
                        "id": "1504755665344122881"
                    }
                ]
            },
            {
                "created_at": "2022-03-18T08:01:15.000Z",
                "text": "@andysaxton Hi Andy did you get a chance to speak to our Value team at all? ^Sharon",
                "id": "1504729631705948167",
                "author_id": "118750085",
                "referenced_tweets": [
                    {
                        "type": "replied_to",
                        "id": "1504033331234709505"
                    }
                ]
            },
            {
                "created_at": "2022-03-18T09:37:35.000Z",
                "text": "@jordandias Hi Jordan, No problem. If you DM over the full address and postcode I can send packaging for you to return them. ^Janet",
                "id": "1504753874535698509",
                "author_id": "118750085",
                "referenced_tweets": [
                    {
                        "type": "replied_to",
                        "id": "1504752898026229769"
                    }
                ]
            }
        ]
    },
    "meta": {
        "oldest_id": "1504754711668445185",
        "newest_id": "1504914493096316931",
        "previous_token": "77qpymm88g5h9vqklurc07jzztjhjd76su3fyaznuxl4h",
        "result_count": 100,
        "next_token": "7140dibdnow9c7btw420js11u158mrkno8dpsr7m7zvat"
    }
}