{
    "data": [
        {
            "author_id": "6073992",
            "created_at": "2022-03-15T18:48:20.000Z",
            "text": "@VodafoneUK any idea why I would have received £200 in my bank account from you? Not been a customer for 18 months and haven't had any communication explaining it.",
            "id": "1503805313530613760"
        },
        {
            "author_id": "2180432083",
            "referenced_tweets": [
                {
                    "type": "replied_to",
                    "id": "1503778049203924994"
                }
            ],
            "created_at": "2022-03-15T18:48:00.000Z",
            "text": "@VodafoneUK Yay!! I’m going down under to Australia 🇦🇺 to feed the penguins 🐧 \n#DreamHoliday",
            "id": "1503805227765481477"
        },
        {
            "author_id": "2344683315",
            "referenced_tweets": [
                {
                    "type": "replied_to",
                    "id": "1503778049203924994"
                }
            ],
            "created_at": "2022-03-15T18:42:42.000Z",
            "text": "@VodafoneUK #dreamholiday Japan-become a pro ice skater!",
            "id": "1503803893599416334"
        },
        {
            "author_id": "989514860261203969",
            "referenced_tweets": [
                {
                    "type": "replied_to",
                    "id": "1503778049203924994"
                }
            ],
            "created_at": "2022-03-15T18:39:33.000Z",
            "text": "@VodafoneUK Dubai - Bungee from a 300ft crane. \nForget the crane, I'll just jump off here 👍🏼😂 #DreamHoliday #VeryMeRewards https://t.co/J3fjCOFlHu",
            "id": "1503803102067109905"
        },
        {
            "author_id": "1370001108",
            "referenced_tweets": [
                {
                    "type": "replied_to",
                    "id": "1503778049203924994"
                }
            ],
            "created_at": "2022-03-15T18:31:27.000Z",
            "text": "@VodafoneUK France to become a pro skater haha #VeryMeRewards",
            "id": "1503801061932421124"
        },
        {
            "author_id": "4818769553",
            "referenced_tweets": [
                {
                    "type": "replied_to",
                    "id": "1503778049203924994"
                }
            ],
            "created_at": "2022-03-15T18:31:01.000Z",
            "text": "@VodafoneUK I’m going to Australia to become a pro ice skater… dancing on Ice here I come 😬🤣  #WIN #VeryMeRewards https://t.co/NDaXrXYQkN",
            "id": "1503800953388122124"
        },
        {
            "author_id": "113683148",
            "referenced_tweets": [
                {
                    "type": "replied_to",
                    "id": "1503778049203924994"
                }
            ],
            "created_at": "2022-03-15T18:29:57.000Z",
            "text": "@VodafoneUK #DreamHoliday\nI’ll be feeding the penguins in Canada 🍁",
            "id": "1503800686097612800"
        },
        {
            "author_id": "3174149343",
            "referenced_tweets": [
                {
                    "type": "replied_to",
                    "id": "1503778049203924994"
                }
            ],
            "created_at": "2022-03-15T18:27:51.000Z",
            "text": "@VodafoneUK #DreamHoliday Greece 🇬🇷 bungee from a 300ft crane",
            "id": "1503800157523136514"
        },
        {
            "author_id": "70211590",
            "referenced_tweets": [
                {
                    "type": "replied_to",
                    "id": "1503778049203924994"
                }
            ],
            "created_at": "2022-03-15T18:27:40.000Z",
            "text": "@VodafoneUK # make friends with a beer 🍺 g",
            "id": "1503800113587793921"
        },
        {
            "author_id": "39656304",
            "referenced_tweets": [
                {
                    "type": "replied_to",
                    "id": "1503778049203924994"
                }
            ],
            "created_at": "2022-03-15T18:25:33.000Z",
            "text": "@VodafoneUK #DreamHoliday France to wrestle an aardvark",
            "id": "1503799580462391309"
        },
        {
            "author_id": "2929157482",
            "referenced_tweets": [
                {
                    "type": "replied_to",
                    "id": "1503778049203924994"
                }
            ],
            "created_at": "2022-03-15T18:22:58.000Z",
            "text": "@VodafoneUK Australia, Get lost in the jungle. Looks like I’m gonna be the newest member of I’m a celebrity get me out of here lol #DreamHoliday 😍🥰😍",
            "id": "1503798927396593664"
        },
        {
            "author_id": "98510809",
            "referenced_tweets": [
                {
                    "type": "replied_to",
                    "id": "1503778049203924994"
                }
            ],
            "created_at": "2022-03-15T18:22:13.000Z",
            "text": "@VodafoneUK Got lost in the jungle in Thailand #DreamHoliday",
            "id": "1503798738019622916"
        },
        {
            "author_id": "161251182",
            "referenced_tweets": [
                {
                    "type": "replied_to",
                    "id": "1503778049203924994"
                }
            ],
            "created_at": "2022-03-15T17:59:01.000Z",
            "text": "@VodafoneUK Become a pro ice skater in Bali! 🤷‍♀️ #DreamHoliday",
            "id": "1503792902597713920"
        },
        {
            "author_id": "538439972",
            "referenced_tweets": [
                {
                    "type": "replied_to",
                    "id": "1503778049203924994"
                }
            ],
            "created_at": "2022-03-15T17:51:28.000Z",
            "text": "@VodafoneUK I'm off to #Iceland to build a huge sandcastle #DreamHoliday",
            "id": "1503791001890168836"
        },
        {
            "author_id": "67076310",
            "created_at": "2022-03-15T17:47:44.000Z",
            "text": "@VodafoneUK Hey Check your DMs please!",
            "id": "1503790063808831488"
        },
        {
            "author_id": "611904908",
            "referenced_tweets": [
                {
                    "type": "replied_to",
                    "id": "1503778049203924994"
                }
            ],
            "created_at": "2022-03-15T17:46:41.000Z",
            "text": "@VodafoneUK #WIN #DreamHoliday #VeryMeRewards \nIm off to the maldives to hunt for a lost city 👀\n\nIve never been abroad before so what a fun way yo start!!",
            "id": "1503789799324491777"
        },
        {
            "author_id": "2513623298",
            "referenced_tweets": [
                {
                    "type": "replied_to",
                    "id": "1503778049203924994"
                }
            ],
            "created_at": "2022-03-15T17:38:05.000Z",
            "text": "@VodafoneUK #DreamHoliday I'm off to Greece to feed the penguins 🐧",
            "id": "1503787635160006663"
        },
        {
            "author_id": "2721932467",
            "referenced_tweets": [
                {
                    "type": "replied_to",
                    "id": "1503778049203924994"
                }
            ],
            "created_at": "2022-03-15T17:37:45.000Z",
            "text": "@VodafoneUK Japan feed the penguins #VeryMeRewards https://t.co/AN4wuMHuie",
            "id": "1503787547729739785"
        },
        {
            "author_id": "246430346",
            "referenced_tweets": [
                {
                    "type": "replied_to",
                    "id": "1503778049203924994"
                }
            ],
            "created_at": "2022-03-15T17:34:32.000Z",
            "text": "@VodafoneUK Wow I'm going to Germany to be a pro Ice skater 😂   #DreamHoliday https://t.co/lOtKvXw6GQ",
            "id": "1503786741035114518"
        },
        {
            "author_id": "1211297653",
            "referenced_tweets": [
                {
                    "type": "replied_to",
                    "id": "1503778049203924994"
                }
            ],
            "created_at": "2022-03-15T17:34:31.000Z",
            "text": "@VodafoneUK Canada, Have crumpets &amp; tea #DreamHoliday",
            "id": "1503786736631132166"
        },
        {
            "author_id": "22173832",
            "referenced_tweets": [
                {
                    "type": "replied_to",
                    "id": "1503778049203924994"
                }
            ],
            "created_at": "2022-03-15T17:30:47.000Z",
            "text": "@VodafoneUK #dreamholiday I’m going to become a pro skater in Australia 🇦🇺😂",
            "id": "1503785797908054020"
        },
        {
            "author_id": "1291090328",
            "referenced_tweets": [
                {
                    "type": "replied_to",
                    "id": "1503778049203924994"
                }
            ],
            "created_at": "2022-03-15T17:26:43.000Z",
            "text": "@VodafoneUK Dubai - Feed the Penguins #DreamHoliday",
            "id": "1503784771910094849"
        },
        {
            "author_id": "1118152497196146690",
            "referenced_tweets": [
                {
                    "type": "replied_to",
                    "id": "1503778049203924994"
                }
            ],
            "created_at": "2022-03-15T17:16:50.000Z",
            "text": "@VodafoneUK Greece to Ski down the tallest mountain #DreamHoliday",
            "id": "1503782283924451335"
        },
        {
            "author_id": "28402053",
            "referenced_tweets": [
                {
                    "type": "replied_to",
                    "id": "1503778049203924994"
                }
            ],
            "created_at": "2022-03-15T17:16:23.000Z",
            "text": "@VodafoneUK Bungee jump in Hawaii #DreamHoliday https://t.co/VQD5EsyZZp",
            "id": "1503782172620214278"
        },
        {
            "author_id": "2921846356",
            "referenced_tweets": [
                {
                    "type": "replied_to",
                    "id": "1503778049203924994"
                }
            ],
            "created_at": "2022-03-15T17:14:19.000Z",
            "text": "@VodafoneUK Thailand feed the penguins #DreamHoliday",
            "id": "1503781651477929988"
        },
        {
            "author_id": "37078513",
            "created_at": "2022-03-15T17:12:08.000Z",
            "text": "Vodafone broadband prices going up by 8.9% - thanks SO much @VodafoneUK",
            "id": "1503781102716178436"
        },
        {
            "author_id": "1080085442307997696",
            "referenced_tweets": [
                {
                    "type": "replied_to",
                    "id": "1503778049203924994"
                }
            ],
            "created_at": "2022-03-15T17:10:50.000Z",
            "text": "@VodafoneUK #DreamHoliday Costa Rica to make friends with a bear. Hope it's a cuddly one. https://t.co/uyhYqlujnW",
            "id": "1503780776176930821"
        },
        {
            "author_id": "1001379876098789376",
            "referenced_tweets": [
                {
                    "type": "replied_to",
                    "id": "1503778049203924994"
                }
            ],
            "created_at": "2022-03-15T17:10:48.000Z",
            "text": "@VodafoneUK France - make friends with a bear 💖😍",
            "id": "1503780766240628741"
        },
        {
            "author_id": "23767944",
            "referenced_tweets": [
                {
                    "type": "replied_to",
                    "id": "1503778049203924994"
                }
            ],
            "created_at": "2022-03-15T17:08:46.000Z",
            "text": "@VodafoneUK France - get lost in the jungle #DreamHoliday",
            "id": "1503780257412825092"
        },
        {
            "author_id": "66641526",
            "referenced_tweets": [
                {
                    "type": "replied_to",
                    "id": "1503776670930681857"
                }
            ],
            "created_at": "2022-03-15T17:04:28.000Z",
            "text": "@VodafoneUK I've tried...but I get nothing after I click \"Get Started\".",
            "id": "1503779175106330628"
        },
        {
            "author_id": "20740178",
            "referenced_tweets": [
                {
                    "type": "replied_to",
                    "id": "1503778049203924994"
                }
            ],
            "created_at": "2022-03-15T17:02:48.000Z",
            "text": "@VodafoneUK Destination: Dubai Purpose: Haggle with the locals #DreamHoliday - hopefully it works out!",
            "id": "1503778752618283018"
        },
        {
            "author_id": "310764695",
            "referenced_tweets": [
                {
                    "type": "replied_to",
                    "id": "1503778049203924994"
                }
            ],
            "created_at": "2022-03-15T17:02:29.000Z",
            "text": "@VodafoneUK #DreamHoliday Spain, ski down the tallest mountain 🏔 ⛷",
            "id": "1503778674293846019"
        },
        {
            "author_id": "3109826734",
            "referenced_tweets": [
                {
                    "type": "replied_to",
                    "id": "1503778049203924994"
                }
            ],
            "created_at": "2022-03-15T17:02:29.000Z",
            "text": "@VodafoneUK #DreamHoliday I'll be in Japan doing a bungee from a 300ft crane. I'd rather be in Disney with my daughter haha!",
            "id": "1503778673136123908"
        },
        {
            "author_id": "1118969672454615041",
            "referenced_tweets": [
                {
                    "type": "replied_to",
                    "id": "1503778049203924994"
                }
            ],
            "created_at": "2022-03-15T17:01:30.000Z",
            "text": "@VodafoneUK So I’m going to France to feed the penguins 😂 #DreamHoliday https://t.co/YL4fbw3cNh",
            "id": "1503778425793875972"
        },
        {
            "author_id": "66641526",
            "created_at": "2022-03-15T16:45:01.000Z",
            "text": "@VodafoneUK Is there somewhere I can find out your 5G mast locations near me? Coverage map tells me I should get a signal where I am, but only getting 4.5G. Would like to try closer to a tower to rule out coverage issue.",
            "id": "1503774278927409154"
        },
        {
            "author_id": "2196224862",
            "created_at": "2022-03-15T16:27:41.000Z",
            "text": "Why can't @VodafoneUK let me call your stores, as my phone due here today is late..odd you spend millions asking us to join. But won't let us Call you? A phone firm with no phone❓🤔 Poor service! @MartinSLewis",
            "id": "1503769917384011782"
        },
        {
            "author_id": "100958232",
            "created_at": "2022-03-15T16:05:21.000Z",
            "text": "Hey @indeed Why are you allowing @VodafoneUK to advise jobs as though you’ll be an employee of this company when in fact it will be employed by a small franchise business. #Misleading I know this as was forced out of the company after 13 years in shocking treatment!",
            "id": "1503764294504263685"
        },
        {
            "author_id": "3414631307",
            "created_at": "2022-03-15T16:01:58.000Z",
            "text": "Goodbye @VodafoneUK!!✌🏻\nHello to @O2! 👋🏻 And the first phone contract in my name! 🥳🥳",
            "id": "1503763446470520839"
        },
        {
            "author_id": "19937627",
            "created_at": "2022-03-15T15:17:08.000Z",
            "text": ".@VodafoneUK and @ericsson combine to deliver UK first 5G standalone network slice trial https://t.co/YBDJPUO1Qx",
            "id": "1503752163805339665"
        },
        {
            "author_id": "1300413816493289473",
            "referenced_tweets": [
                {
                    "type": "replied_to",
                    "id": "1503747444256948225"
                }
            ],
            "created_at": "2022-03-15T15:06:41.000Z",
            "text": "@Andreasdona72 @VodafoneUK https://t.co/yC6AQ9NO7d",
            "id": "1503749533288865803"
        },
        {
            "author_id": "1972497672",
            "referenced_tweets": [
                {
                    "type": "replied_to",
                    "id": "1503746359920414725"
                }
            ],
            "created_at": "2022-03-15T14:58:23.000Z",
            "text": "@_AndroidAsh @VodafoneUK Postcode pls ?",
            "id": "1503747444256948225"
        },
        {
            "author_id": "1300413816493289473",
            "referenced_tweets": [
                {
                    "type": "replied_to",
                    "id": "1503738556480643073"
                }
            ],
            "created_at": "2022-03-15T14:54:05.000Z",
            "text": "@Andreasdona72 @VodafoneUK 👍 https://t.co/J6kOGuhhyO",
            "id": "1503746359920414725"
        },
        {
            "author_id": "1972497672",
            "created_at": "2022-03-15T14:23:04.000Z",
            "text": "In yet another UK 1st , @VodafoneUK &amp; @EricssonNetworkhave have successfully trialed fully automate slicing on a 5G Standalone network.⚡💡 \nhttps://t.co/jy6tAXvmzj",
            "id": "1503738556480643073"
        },
        {
            "author_id": "20740178",
            "referenced_tweets": [
                {
                    "type": "replied_to",
                    "id": "1503405743294328838"
                }
            ],
            "created_at": "2022-03-15T13:47:10.000Z",
            "text": "@Graham_hussey @GNetworkComms Change over to @VodafoneUK broadband buddy! - no issues and high speeds, and good customer service.",
            "id": "1503729521035513863"
        },
        {
            "author_id": "50081098",
            "referenced_tweets": [
                {
                    "type": "replied_to",
                    "id": "1503726582879375360"
                }
            ],
            "created_at": "2022-03-15T13:38:11.000Z",
            "text": "@VodafoneUK Connectivity issues. Not ringing despite volume on, missing calls, won’t connect to wifi or Bluetooth. I’ve done every trouble shoot I was told with no luck. The phone is 2 months old &amp; these issues for weeks now.",
            "id": "1503727259676512259"
        },
        {
            "author_id": "50081098",
            "referenced_tweets": [
                {
                    "type": "replied_to",
                    "id": "1503723794829123590"
                }
            ],
            "created_at": "2022-03-15T13:25:54.000Z",
            "text": "@VodafoneUK I haven’t sent it off yet as had to be on the phone over 3 days for an hour at a time to even get to this point. It still leaves me without a phone 😡",
            "id": "1503724169980170248"
        },
        {
            "author_id": "50081098",
            "created_at": "2022-03-15T13:16:25.000Z",
            "text": "@VodafoneUK I’m appalled yet again at your customer service &amp; ask myself why I’m a customer? A brand new phone, not working yet u won’t replace it &amp; I have to be left without a working phone for 7 days while I repair it! Disgraceful! I’m self employed &amp; my office is my phone 😡",
            "id": "1503721784541126658"
        },
        {
            "author_id": "33471782",
            "referenced_tweets": [
                {
                    "type": "quoted",
                    "id": "1502177502743064576"
                }
            ],
            "created_at": "2022-03-15T13:12:02.000Z",
            "text": "Mother's Day is approaching 💐 and all @VodafoneUK customers can grab a free card from @thortful with #VeryMeRewards through the My Vodafone app! https://t.co/rr9ZP9M6U1",
            "id": "1503720680986222600"
        },
        {
            "author_id": "37512310",
            "created_at": "2022-03-15T13:08:13.000Z",
            "text": "@VodafoneUK Can't wait to get my hands on it! #Xiaomi12Series\n#MasterEveryScene https://t.co/g465wgJLzP",
            "id": "1503719720998080514"
        },
        {
            "author_id": "466341559",
            "referenced_tweets": [
                {
                    "type": "replied_to",
                    "id": "1503689535275909121"
                }
            ],
            "created_at": "2022-03-15T12:59:14.000Z",
            "text": "@SoundXio Hi, thanks for reaching out. Please contact @VodafoneUK who will be able to assist you with your query.",
            "id": "1503717458158526465"
        },
        {
            "author_id": "1457620296",
            "created_at": "2022-03-15T12:00:31.000Z",
            "text": "Don’t miss @tealium, the most trusted customer data platform, at #FoM22 as they join forces with @VodafoneUK to discuss ‘How Vodafone transformed their marketing processes for success’.\n\nGrab your Festival Pass now 👉 https://t.co/OGUGLj8E0q https://t.co/YFpx611nQA",
            "id": "1503702680371437570"
        },
        {
            "author_id": "472726368",
            "created_at": "2022-03-15T11:25:50.000Z",
            "text": "@VodafoneUK what is going on with your broadband network. Keeps dropping out. Have had to restart router many times and still proving to be unreliable. Can’t get anything from your support",
            "id": "1503693955304669189"
        },
        {
            "author_id": "9124262",
            "referenced_tweets": [
                {
                    "type": "replied_to",
                    "id": "1503681765810057219"
                }
            ],
            "created_at": "2022-03-15T11:07:40.000Z",
            "text": "@scottbicheno @VodafoneUK That and the 'net UK neutrality regulation' part - the tweet was an absolute triumph! Though given the other tabs I had open that I could have mistakenly linked to, perhaps I should count my losses...",
            "id": "1503689380376027136"
        },
        {
            "author_id": "28638806",
            "referenced_tweets": [
                {
                    "type": "replied_to",
                    "id": "1503682933768470535"
                }
            ],
            "created_at": "2022-03-15T10:47:50.000Z",
            "text": "@VodafoneUK Thank you! I will do and will share some photos for sure 🥰🤞🏼",
            "id": "1503684391532441600"
        },
        {
            "author_id": "2344683315",
            "referenced_tweets": [
                {
                    "type": "replied_to",
                    "id": "1502645594212356098"
                }
            ],
            "created_at": "2022-03-15T10:47:37.000Z",
            "text": "@VodafoneUK I used to have a Samsung E700 flip phone of some kind! 🤣 https://t.co/KL42WeyuPs",
            "id": "1503684337019068421"
        },
        {
            "author_id": "2180432083",
            "referenced_tweets": [
                {
                    "type": "replied_to",
                    "id": "1498704627000233985"
                }
            ],
            "created_at": "2022-03-15T10:43:45.000Z",
            "text": "@VodafoneUK A walk through my local  forest certainly put a SPRING in my step #VodafoneTreats https://t.co/jwBlBcnuHs",
            "id": "1503683362543841281"
        },
        {
            "author_id": "1335239057929068544",
            "referenced_tweets": [
                {
                    "type": "replied_to",
                    "id": "1503680028034355209"
                }
            ],
            "created_at": "2022-03-15T10:30:52.000Z",
            "text": "@VodafoneUK Cheers",
            "id": "1503680120413949960"
        },
        {
            "author_id": "16031661",
            "created_at": "2022-03-15T10:30:26.000Z",
            "text": "Join @VodafoneUK broadband And we’ll each be rewarded with a £25 Amazon Gift Card #Voucher #code #vodafonebroadband https://t.co/Hpshds05jB",
            "id": "1503680012091801604"
        },
        {
            "author_id": "720580512419594242",
            "created_at": "2022-03-15T10:29:05.000Z",
            "text": "Meet Emma!👋\nShe's an Environment Manager, responsible for ensuring @vodafoneuk operates in the most sustainable way. Emma's helped to reduce waste &amp; carbon emissions as we continue our journey to net zero!\n\nRead more about how Emma is breaking the bias:\nhttps://t.co/DLpGt5iEZK https://t.co/ojQfopjbcX",
            "id": "1503679671023640576"
        },
        {
            "author_id": "9124262",
            "referenced_tweets": [
                {
                    "type": "replied_to",
                    "id": "1503676110046904321"
                }
            ],
            "created_at": "2022-03-15T10:26:35.000Z",
            "text": "@VodafoneUK And completely the wrong press release link there... Vodafone and Ericsson create UK’s first on-demand 5G network slice. https://t.co/cERB8nxs5x",
            "id": "1503679042234503169"
        },
        {
            "author_id": "1335239057929068544",
            "referenced_tweets": [
                {
                    "type": "replied_to",
                    "id": "1503677425976328196"
                }
            ],
            "created_at": "2022-03-15T10:21:15.000Z",
            "text": "@VodafoneUK She’s gonna be in touch after work 👍🏻\nThe bill should only be about £300 per month, it’s been going up each month and has now reached £1000. No chance it should be that high. Hopefully it’ll get sorted later.",
            "id": "1503677701470703620"
        },
        {
            "author_id": "1335239057929068544",
            "referenced_tweets": [
                {
                    "type": "replied_to",
                    "id": "1503632263338209284"
                }
            ],
            "created_at": "2022-03-15T10:18:42.000Z",
            "text": "@Valvaliantthor7 @VodafoneUK They’re absolutely terrible. Think I’m moving to EE when my contract runs out. Right now they’re trying to charge my mum £1000 a month (it should only be about £300) and they’ve cut my SIM off because she’s obviously not paying £1000… abysmal.",
            "id": "1503677058974728204"
        },
        {
            "author_id": "2248659376",
            "created_at": "2022-03-15T10:15:49.000Z",
            "text": "@VodafoneUK is this a joke? https://t.co/8Nk4IcPihC",
            "id": "1503676334014451713"
        },
        {
            "author_id": "9124262",
            "referenced_tweets": [
                {
                    "type": "replied_to",
                    "id": "1503676110046904321"
                }
            ],
            "created_at": "2022-03-15T10:15:28.000Z",
            "text": "@VodafoneUK Most of the operator submissions to Ofcom’s recent net neutrality review flag up slicing as an area of concern. There has been discussion about whether network slicing can be classified as a specialized service, but less on how that would work in practice. https://t.co/gJP5UWTq8o",
            "id": "1503676243857887233"
        },
        {
            "author_id": "1335239057929068544",
            "referenced_tweets": [
                {
                    "type": "replied_to",
                    "id": "1503667024765108224"
                }
            ],
            "created_at": "2022-03-15T10:15:23.000Z",
            "text": "@hannahdillonxo @VodafoneUK They’re trying to charge my mum £1000 a month, scammers",
            "id": "1503676222726979607"
        },
        {
            "author_id": "9124262",
            "referenced_tweets": [
                {
                    "type": "replied_to",
                    "id": "1503675985614585859"
                }
            ],
            "created_at": "2022-03-15T10:14:56.000Z",
            "text": "@VodafoneUK Nice teaser for this announcement too, completing on-demand automated 5G network slicing with Ericsson. Working towards end 2022 for customer proof-of-concepts. Concerns that net UK neutrality regulation cannot accommodate slicing or is at best ambiguous. https://t.co/TuZGUJN0T7",
            "id": "1503676110046904321"
        },
        {
            "author_id": "9124262",
            "created_at": "2022-03-15T10:14:26.000Z",
            "text": "Thanks to Andrea Dona and Ahmed El Sayed @VodafoneUK for a great briefing on UK network and IT evolution yesterday. Interesting to hear how a group culture is really starting to take hold and how the One Tech Team approach is offering agility and growth.",
            "id": "1503675985614585859"
        },
        {
            "author_id": "28638806",
            "created_at": "2022-03-15T10:08:41.000Z",
            "text": "It would be amazing if we won a #VeryMe @VodafoneUK holiday/trip. After three wedding postponements it would be great to have a honeymoon 🙏🏼  Keeping everything crossed!🤞🏼🤞🏼🤞🏼",
            "id": "1503674539565367300"
        },
        {
            "author_id": "1017330656332967936",
            "referenced_tweets": [
                {
                    "type": "replied_to",
                    "id": "1498704627000233985"
                }
            ],
            "created_at": "2022-03-15T10:04:17.000Z",
            "text": "@VodafoneUK #VodafoneTreats   adventure  time  ❤❤❤❤❤ https://t.co/kheVc6DM8I",
            "id": "1503673431627292676"
        },
        {
            "author_id": "350830442",
            "referenced_tweets": [
                {
                    "type": "replied_to",
                    "id": "1503478709554135045"
                }
            ],
            "created_at": "2022-03-15T09:11:31.000Z",
            "text": "@CampyMcShotgun @VodafoneUK Hi, we're sorry you are experiencing this. CityFibre do not provide or support internet services, for internet service-related queries, please call Vodafone’s customer support team on 08080 034 515 or dial 191 if you are a Vodafone mobile customer. Thanks.",
            "id": "1503660149705261063"
        },
        {
            "author_id": "350830442",
            "referenced_tweets": [
                {
                    "type": "replied_to",
                    "id": "1503472300754092036"
                }
            ],
            "created_at": "2022-03-15T09:10:18.000Z",
            "text": "@AndrewJB_E13 @VodafoneUK Hi Andrew, we're sorry you are experiencing this. CityFibre do not provide or support internet services, for internet service-related queries, please call Vodafone’s customer support team on 08080 034 515 or dial 191 if you are a Vodafone mobile customer. Thanks.",
            "id": "1503659846712840192"
        },
        {
            "author_id": "350830442",
            "referenced_tweets": [
                {
                    "type": "replied_to",
                    "id": "1503468732454219782"
                }
            ],
            "created_at": "2022-03-15T09:09:55.000Z",
            "text": "@_Cr4zy @VodafoneUK Hi Scott, we're sorry you are experiencing this. CityFibre do not provide or support internet services, for internet service-related queries, please call Vodafone’s customer support team on 08080 034 515 or dial 191 if you are a Vodafone mobile customer. Thanks.",
            "id": "1503659748293545990"
        },
        {
            "author_id": "1598200458",
            "referenced_tweets": [
                {
                    "type": "replied_to",
                    "id": "1503429596435390467"
                }
            ],
            "created_at": "2022-03-15T04:22:23.000Z",
            "text": "@dcharis_ @JFhilips @VodafoneGhana @VodafoneUK Hello @dcharis_, kindly share details on your challenge for assistance. Thank you. #HappyToHelp. Dickson. https://t.co/20pJV84EDy",
            "id": "1503587388496519170"
        },
        {
            "author_id": "153197904",
            "referenced_tweets": [
                {
                    "type": "replied_to",
                    "id": "1503511892270239746"
                }
            ],
            "created_at": "2022-03-14T23:33:41.000Z",
            "text": "@VodafoneUK Lights all lit solid, hasn't dropped connection but it's terrible performance. Couldn't get the broadband test tool to load on your site at all. Tried speed test and Google speed test both showing terrible speeds",
            "id": "1503514737253965830"
        },
        {
            "author_id": "5484",
            "referenced_tweets": [
                {
                    "type": "replied_to",
                    "id": "1503508472175992838"
                }
            ],
            "created_at": "2022-03-14T23:11:59.000Z",
            "text": "@ebbsyMK @VodafoneUK @Tony_KrXe @vodafone Same here in Swaffham, Norfolk. Awful tonight. Stopped me from working from home it was so bad!",
            "id": "1503509276123402252"
        },
        {
            "author_id": "4311068007",
            "referenced_tweets": [
                {
                    "type": "replied_to",
                    "id": "1499408640889040907"
                }
            ],
            "created_at": "2022-03-14T23:10:37.000Z",
            "text": "@VodafoneUK Link never works for me for some reason 😕",
            "id": "1503508931318108162"
        },
        {
            "author_id": "153197904",
            "referenced_tweets": [
                {
                    "type": "replied_to",
                    "id": "1503504485489987593"
                }
            ],
            "created_at": "2022-03-14T23:08:48.000Z",
            "text": "@VodafoneUK @Tony_KrXe Can you add me to that list too @Vodafone? Terrible here in Milton Keynes too, since around 8:30, on full fibre and barely pulling 9mb down and 1mb up",
            "id": "1503508472175992838"
        },
        {
            "author_id": "1357712992377397248",
            "referenced_tweets": [
                {
                    "type": "replied_to",
                    "id": "1503499438391709697"
                }
            ],
            "created_at": "2022-03-14T22:45:11.000Z",
            "text": "@VodafoneUK @musszzy So why do keep continuously breaking promises",
            "id": "1503502527890923521"
        },
        {
            "author_id": "105265772",
            "referenced_tweets": [
                {
                    "type": "replied_to",
                    "id": "1503475247265337344"
                }
            ],
            "created_at": "2022-03-14T22:25:48.000Z",
            "text": "@VodafoneUK I did that (like over an hour ago), so it would be great if you could have replied to it at least.",
            "id": "1503497650544517128"
        },
        {
            "author_id": "150823066",
            "created_at": "2022-03-14T22:21:07.000Z",
            "text": "V&amp;M Tawroginski Property Maintenance &amp; DIY! 🛠️👌🏠🚐 🙂 #windsor\nProperty maintenance. 🖌️🪜🧰🧭\n Large and Small Projects! 🚐🚐🚐🛠️ #handymanservices  #propertymaintenance #propertyinvestment #propertyservices ✅ @vodafoneuk ☎️ @renaultuk 🚐 #renaulttrafic @samsunguk 📱 #s21plus https://t.co/9NGgm6KFMQ",
            "id": "1503496473518002185"
        },
        {
            "author_id": "150823066",
            "created_at": "2022-03-14T22:18:47.000Z",
            "text": "V&amp;M Tawroginski Property Maintenance &amp; DIY! 🛠️👌🏠🚐 🙂 #windsor\nProperty maintenance. 🖌️🪜🧰🧭\n Large and Small Projects! 🚐🚐🚐🛠️ #handymanservices  #propertymaintenance #propertyinvestment #propertyservices ✅ @vodafoneuk ☎️ @renaultuk 🚐 #renaulttrafic @samsunguk 📱 #s21plus https://t.co/uXHrB5VQtB",
            "id": "1503495887070371841"
        },
        {
            "author_id": "20643213",
            "referenced_tweets": [
                {
                    "type": "replied_to",
                    "id": "1503482009691242500"
                }
            ],
            "created_at": "2022-03-14T22:18:22.000Z",
            "text": "@VodafoneUK  you don't want to reply to this tweet then it looks like I will be switching provider as soon as can",
            "id": "1503495780866445319"
        },
        {
            "author_id": "1357712992377397248",
            "referenced_tweets": [
                {
                    "type": "replied_to",
                    "id": "1503479157266788357"
                }
            ],
            "created_at": "2022-03-14T21:41:39.000Z",
            "text": "@PeteW36 @VodafoneUK I am having issues too looks like @VodafoneUK are having problems https://t.co/SA6LI1SKxv",
            "id": "1503486540391059465"
        },
        {
            "author_id": "442695768",
            "referenced_tweets": [
                {
                    "type": "replied_to",
                    "id": "1502645594212356098"
                }
            ],
            "created_at": "2022-03-14T21:41:08.000Z",
            "text": "@VodafoneUK This gem made me feel like I was ahead of time 😂 https://t.co/PwOjCsOOrn",
            "id": "1503486410707382286"
        },
        {
            "author_id": "442695768",
            "referenced_tweets": [
                {
                    "type": "replied_to",
                    "id": "1502648601763319815"
                }
            ],
            "created_at": "2022-03-14T21:40:08.000Z",
            "text": "@Burakiosaurus @VodafoneUK Omg I loved this phone!",
            "id": "1503486158919118850"
        },
        {
            "author_id": "1017330656332967936",
            "referenced_tweets": [
                {
                    "type": "replied_to",
                    "id": "1503480994665480195"
                }
            ],
            "created_at": "2022-03-14T21:37:17.000Z",
            "text": "@VodafoneUK @GrumpyManMK Can you reply to my private message",
            "id": "1503485442494275586"
        },
        {
            "author_id": "1017330656332967936",
            "referenced_tweets": [
                {
                    "type": "replied_to",
                    "id": "1503482620629458948"
                }
            ],
            "created_at": "2022-03-14T21:36:47.000Z",
            "text": "@VodafoneUK @PeteW36 Can you reply to my private message please..@VodafoneUK",
            "id": "1503485318338596867"
        },
        {
            "author_id": "4204665382",
            "referenced_tweets": [
                {
                    "type": "replied_to",
                    "id": "1503483364174614531"
                }
            ],
            "created_at": "2022-03-14T21:33:12.000Z",
            "text": "Your reply @VodafoneUK after you asked me to DM seriously wasting my time and #energy again https://t.co/YtYEy9QdhV",
            "id": "1503484416689160193"
        },
        {
            "author_id": "4204665382",
            "referenced_tweets": [
                {
                    "type": "quoted",
                    "id": "1503418890629656579"
                }
            ],
            "created_at": "2022-03-14T21:29:02.000Z",
            "text": "@VodafoneUK seriously you said DM +its a useless reply https://t.co/QBlFKPvcFD",
            "id": "1503483364174614531"
        },
        {
            "author_id": "141528263",
            "created_at": "2022-03-14T20:53:47.000Z",
            "text": "@VodafoneUK we're only getting 38% of our 950mb download speed tonight &amp; only 14% of the upload speed. Looking around the internet, there are clearly issues with your service tonight, why not just make an announcement to let us all know when you'll have the service fully restored",
            "id": "1503474495797006336"
        },
        {
            "author_id": "266833281",
            "referenced_tweets": [
                {
                    "type": "replied_to",
                    "id": "1502029639614672907"
                }
            ],
            "created_at": "2022-03-14T20:53:27.000Z",
            "text": "@VodafoneUK Mast out in the Se25 area? Appreciate a lot of people currently in one area but I use to get good signal in large crowds and still use my phone. Now hardly nothing",
            "id": "1503474410166050822"
        },
        {
            "author_id": "21339870",
            "referenced_tweets": [
                {
                    "type": "replied_to",
                    "id": "1503469808767148044"
                }
            ],
            "created_at": "2022-03-14T20:49:47.000Z",
            "text": "@VodafoneUK What it normally is, compared to what it currently is. https://t.co/1u4VWdJaZa",
            "id": "1503473488249692168"
        },
        {
            "author_id": "105265772",
            "referenced_tweets": [
                {
                    "type": "replied_to",
                    "id": "1503468732454219782"
                }
            ],
            "created_at": "2022-03-14T20:44:49.000Z",
            "text": "@VodafoneUK @CityFibre lmao what the hell is this awful internet 42% loss @VodafoneUK https://t.co/N0o7GpHGoi",
            "id": "1503472240121323525"
        },
        {
            "author_id": "21339870",
            "referenced_tweets": [
                {
                    "type": "replied_to",
                    "id": "1503469808767148044"
                }
            ],
            "created_at": "2022-03-14T20:43:32.000Z",
            "text": "@VodafoneUK What your app is showing for testing the connection and every other app I show is very different. Your app shows like there is no issue, every other app showing below 7mbps download now. By the looks of the comments, there seems to be an issue your end.",
            "id": "1503471916916609027"
        },
        {
            "author_id": "315833724",
            "referenced_tweets": [
                {
                    "type": "replied_to",
                    "id": "1503471261099466765"
                }
            ],
            "created_at": "2022-03-14T20:43:26.000Z",
            "text": "@OfficialMr_West @SamsungUK @VodafoneUK @LensDistortions @OneCentralSq Damn, that's 🔥",
            "id": "1503471889242538002"
        },
        {
            "author_id": "1017330656332967936",
            "created_at": "2022-03-14T20:36:32.000Z",
            "text": "@VodafoneUK  hi I've private messaged you",
            "id": "1503470153199140872"
        },
        {
            "author_id": "21339870",
            "referenced_tweets": [
                {
                    "type": "replied_to",
                    "id": "1503468735180546055"
                }
            ],
            "created_at": "2022-03-14T20:32:52.000Z",
            "text": "@VodafoneUK Just done another and it’s 2.6mbps, and now my sky go has stopped.",
            "id": "1503469232331411456"
        },
        {
            "author_id": "21339870",
            "referenced_tweets": [
                {
                    "type": "replied_to",
                    "id": "1503468735180546055"
                }
            ],
            "created_at": "2022-03-14T20:31:47.000Z",
            "text": "@VodafoneUK WiFi, normally when I do speed checks 73mbps download…. Currently getting 7.5mbps",
            "id": "1503468959391174670"
        },
        {
            "author_id": "105265772",
            "referenced_tweets": [
                {
                    "type": "replied_to",
                    "id": "1501606412228730884"
                }
            ],
            "created_at": "2022-03-14T20:30:53.000Z",
            "text": "@VodafoneUK @CityFibre Happening again? Get it together because this isnt even close to the 500/500 it should be, infact its well below the 250mbps guarentee you claim @VodafoneUK @CityFibre https://t.co/lHgwKaink8",
            "id": "1503468732454219782"
        },
        {
            "author_id": "21339870",
            "created_at": "2022-03-14T20:27:57.000Z",
            "text": "@VodafoneUK what’s going on with your Internet tonight? It’s so slow.",
            "id": "1503467994407653381"
        }
    ],
    "includes": {
        "users": [
            {
                "name": "Tim Morgan",
                "location": "Reading, England",
                "id": "6073992",
                "username": "timmorgan"
            },
            {
                "name": "🎀 𝒦𝒶𝓏 🎀",
                "location": "♥ 𝙷𝚊𝚖𝚙𝚜𝚑𝚒𝚛𝚎, 𝚄𝙺 ♥",
                "id": "2180432083",
                "username": "kazweedon"
            },
            {
                "name": "Lace and Love shoes",
                "location": "UK",
                "id": "2344683315",
                "username": "Laceandloveshoe"
            },
            {
                "name": "Richard",
                "location": "England, United Kingdom",
                "id": "989514860261203969",
                "username": "NameIsRichard"
            },
            {
                "name": "Jade Rice",
                "location": "uk",
                "id": "1370001108",
                "username": "mummyandmex2"
            },
            {
                "name": "Kathryn",
                "id": "4818769553",
                "username": "Kat_h81"
            },
            {
                "name": "🌟💕 Nic 💕🌟",
                "location": "North West, England",
                "id": "113683148",
                "username": "nikewikewa"
            },
            {
                "name": "Cherry Lloyd",
                "location": "England",
                "id": "3174149343",
                "username": "Misscherryguest"
            },
            {
                "name": "Craig's",
                "location": "Scotland, United Kingdom",
                "id": "70211590",
                "username": "craigy2"
            },
            {
                "name": "TheRealWinston",
                "location": "London, England",
                "id": "39656304",
                "username": "Winston110"
            },
            {
                "name": "Keen Bean",
                "location": "United Kingdom",
                "id": "2929157482",
                "username": "keenbean0129"
            },
            {
                "name": "Michael Lee",
                "location": "boro",
                "id": "98510809",
                "username": "micmacmonkey"
            },
            {
                "name": "Beryl Hockey",
                "id": "161251182",
                "username": "berylhockey"
            },
            {
                "name": "iMac",
                "location": "Uddingston",
                "id": "538439972",
                "username": "iainsymac"
            },
            {
                "name": "Kaye Willan 🏖🌞",
                "location": "Manchester, England",
                "id": "67076310",
                "username": "kayewillan"
            },
            {
                "name": "Zaaccc🦓",
                "id": "611904908",
                "username": "Zaaccc"
            },
            {
                "name": "Callum Pash",
                "location": "Glasgow, Scotland",
                "id": "2513623298",
                "username": "CallumPash"
            },
            {
                "name": "andrew 🍿",
                "id": "2721932467",
                "username": "andy_8784"
            },
            {
                "name": "🌺🌻Tina Deacon🌻🌺",
                "location": "kent England",
                "id": "246430346",
                "username": "tdeacon23"
            },
            {
                "name": "Nik Jones",
                "location": "Preston, England",
                "id": "1211297653",
                "username": "n_hop90"
            },
            {
                "name": "💃🏻 Katie Gingell 💃🏻",
                "location": "Bristol, England",
                "id": "22173832",
                "username": "KatieVGingell"
            },
            {
                "name": "Rachael 🍃",
                "location": "UK",
                "id": "1291090328",
                "username": "rachaelsit"
            },
            {
                "name": "Katie Corr",
                "location": "Liverpool, England, UK",
                "id": "1118152497196146690",
                "username": "KatieCorr54"
            },
            {
                "name": "Strats",
                "location": "i am here, where are you?",
                "id": "28402053",
                "username": "stratsislaw"
            },
            {
                "name": "Maria 💐💐💐💐💐💐",
                "location": "United Kingdom",
                "id": "2921846356",
                "username": "giggles1978MR"
            },
            {
                "name": "Gary Easton",
                "location": "Scotland, United Kingdom",
                "id": "37078513",
                "username": "GaryEaston"
            },
            {
                "name": "BellSam48",
                "location": "Washington, England",
                "id": "1080085442307997696",
                "username": "Sam48Bell"
            },
            {
                "name": "Julia Bayly",
                "location": "United Kingdom",
                "id": "1001379876098789376",
                "username": "JBayly3"
            },
            {
                "name": "JEMMA 💋 Adicto al café ☕️",
                "location": "God save the Queen 🇬🇧",
                "id": "23767944",
                "username": "JEMMAMC86"
            },
            {
                "name": "Stephen Smith",
                "id": "66641526",
                "username": "sps81"
            },
            {
                "name": "Rikesh Mistry 🙏 💙 😷 🌈",
                "location": "London & East Anglia",
                "id": "20740178",
                "username": "Rikesh_Mistry"
            },
            {
                "name": "❤️✨ Lucy Robinson ❤️✨",
                "location": "England, United Kingdom",
                "id": "310764695",
                "username": "lucyrobinson3"
            },
            {
                "name": "Andy Cono",
                "id": "3109826734",
                "username": "andycono"
            },
            {
                "name": "UFCJayDog",
                "location": "United Kingdom",
                "id": "1118969672454615041",
                "username": "JayDogUFC"
            },
            {
                "name": "BerwynLuxe.Com",
                "location": "UK",
                "id": "2196224862",
                "username": "SelmesLtd"
            },
            {
                "name": "Gareth Paul Fradgley",
                "location": "West Yorkshire, United Kingdom",
                "id": "100958232",
                "username": "gpfradgley"
            },
            {
                "name": "Lucas",
                "location": "Swindon,England",
                "id": "3414631307",
                "username": "LucasJTGleed"
            },
            {
                "name": "Mobile News Magazine",
                "location": "London",
                "id": "19937627",
                "username": "MobileNewsMag"
            },
            {
                "name": "🄰🅂🄷 🏴󠁧󠁢󠁥󠁮󠁧󠁿",
                "location": "🏴󠁧󠁢󠁥󠁮󠁧󠁿",
                "id": "1300413816493289473",
                "username": "_AndroidAsh"
            },
            {
                "name": "Andrea",
                "id": "1972497672",
                "username": "Andreasdona72"
            },
            {
                "name": "donna williams",
                "location": "Berkshire",
                "id": "50081098",
                "username": "ladyvaio"
            },
            {
                "name": "Affordable Mobiles",
                "location": "United Kingdom",
                "id": "33471782",
                "username": "AffordableMob"
            },
            {
                "name": "Richard Conway",
                "location": "Suffolk, England",
                "id": "37512310",
                "username": "wickdaman"
            },
            {
                "name": "Vodafone Group",
                "location": "London, UK",
                "id": "466341559",
                "username": "VodafoneGroup"
            },
            {
                "name": "Festival of Marketing",
                "location": "London",
                "id": "1457620296",
                "username": "FestofMarketing"
            },
            {
                "name": "Dave Bilimoria 💙",
                "location": "UK",
                "id": "472726368",
                "username": "dbilimoria64"
            },
            {
                "name": "Phil Kendall",
                "location": "Milton Keynes",
                "id": "9124262",
                "username": "philkendall_SA"
            },
            {
                "name": "Leah The Zebra 🎭🦓",
                "location": "Bristol, UK",
                "id": "28638806",
                "username": "Leah_The_Zebra"
            },
            {
                "name": "Josh",
                "id": "1335239057929068544",
                "username": "JoshSimpson02"
            },
            {
                "name": "cadere in occidente",
                "location": "Terms and Conditions Apply",
                "id": "16031661",
                "username": "cadere_in"
            },
            {
                "name": "Vodafone UK Careers",
                "location": "United Kingdom",
                "id": "720580512419594242",
                "username": "VodafoneUKLife"
            },
            {
                "name": "leah",
                "location": "NCL/END -she/her",
                "id": "2248659376",
                "username": "BransbyLeah"
            },
            {
                "name": "Mummy 🌟 of 🌟 7 🌟 Kids",
                "location": "North West, England ",
                "id": "1017330656332967936",
                "username": "Mummy_of_7_Kids"
            },
            {
                "name": "CityFibre",
                "location": "London, UK",
                "id": "350830442",
                "username": "CityFibre"
            },
            {
                "name": "VFGH Customer Care",
                "location": "Accra, Ghana",
                "id": "1598200458",
                "username": "Askvodafonegh"
            },
            {
                "name": "Tim Ebbs",
                "location": "UK, Milton Keynes",
                "id": "153197904",
                "username": "ebbsyMK"
            },
            {
                "name": "Arsenal Till I Cry",
                "location": "England",
                "id": "5484",
                "username": "Shough"
            },
            {
                "name": "Jason Ford",
                "id": "4311068007",
                "username": "jasonford1968"
            },
            {
                "name": "David",
                "id": "1357712992377397248",
                "username": "DaveScott6800"
            },
            {
                "name": "Scott",
                "location": "England, United Kingdom",
                "id": "105265772",
                "username": "_Cr4zy"
            },
            {
                "name": "Michael Tawroginski",
                "location": "United Kingdom 🇬🇧",
                "id": "150823066",
                "username": "Tawroginski"
            },
            {
                "name": "Nick Wightwick",
                "location": "Bournemouth, UK",
                "id": "20643213",
                "username": "xxSlicknickxx"
            },
            {
                "name": "Jessica 🖤",
                "location": "At least 2 metres away ",
                "id": "442695768",
                "username": "Jessica_Robyn_X"
            },
            {
                "name": "Dr Jenny Ceolta-Smith #OTs4Ukraine 🇺🇦💙💛",
                "id": "4204665382",
                "username": "JCeoltaSmith"
            },
            {
                "name": "Mat",
                "location": "Tweets are my own opinion only",
                "id": "141528263",
                "username": "RealMattBright"
            },
            {
                "name": "Kim McLean",
                "id": "266833281",
                "username": "Kimmymcwom"
            },
            {
                "name": "Paul.i.am",
                "location": "arreton, isle of wight",
                "id": "21339870",
                "username": "IamPaulGibson"
            },
            {
                "name": "Paul Rankin",
                "location": "Liverpool ",
                "id": "315833724",
                "username": "PaulRankinYT"
            }
        ],
        "tweets": [
            {
                "author_id": "20678384",
                "created_at": "2022-03-15T17:00:00.000Z",
                "text": "Want to #WIN a Very Big Spring Getaway worth up to 10k? 🏝️\n\nUse #DreamHoliday and our generator to tell us what you'll be doing on it.\n\nCheck out #VeryMeRewards in the My Vodafone app for the chance to win more prizes 🎁\n\nTerms apply (ends 31/03/2022)👇\n\nhttps://t.co/HpXCBf8v0Z https://t.co/NkxMV6hdDp",
                "id": "1503778049203924994"
            },
            {
                "author_id": "20678384",
                "referenced_tweets": [
                    {
                        "type": "replied_to",
                        "id": "1503774278927409154"
                    }
                ],
                "created_at": "2022-03-15T16:54:31.000Z",
                "text": "@sps81 Hi Stephen 🙂 We're unable to let you know of the location of masts due to the security of the mast in the area. We can however look at your signal in more detail. To do so, you can drop us a DM here. Select Get Started &gt; Asked to DM &gt; An agent will be with you. Liam https://t.co/zZC6gSR1Ak",
                "id": "1503776670930681857"
            },
            {
                "author_id": "1972497672",
                "referenced_tweets": [
                    {
                        "type": "replied_to",
                        "id": "1503746359920414725"
                    }
                ],
                "created_at": "2022-03-15T14:58:23.000Z",
                "text": "@_AndroidAsh @VodafoneUK Postcode pls ?",
                "id": "1503747444256948225"
            },
            {
                "author_id": "1300413816493289473",
                "referenced_tweets": [
                    {
                        "type": "replied_to",
                        "id": "1503738556480643073"
                    }
                ],
                "created_at": "2022-03-15T14:54:05.000Z",
                "text": "@Andreasdona72 @VodafoneUK 👍 https://t.co/J6kOGuhhyO",
                "id": "1503746359920414725"
            },
            {
                "author_id": "1972497672",
                "created_at": "2022-03-15T14:23:04.000Z",
                "text": "In yet another UK 1st , @VodafoneUK &amp; @EricssonNetworkhave have successfully trialed fully automate slicing on a 5G Standalone network.⚡💡 \nhttps://t.co/jy6tAXvmzj",
                "id": "1503738556480643073"
            },
            {
                "author_id": "116427251",
                "created_at": "2022-03-14T16:20:35.000Z",
                "text": "My tip of the day. Don’t ever ever go near @GNetworkComms, our internet is down 3 days and to say they don’t care is an understatement. Avoid like the plague.",
                "id": "1503405743294328838"
            },
            {
                "author_id": "20678384",
                "referenced_tweets": [
                    {
                        "type": "replied_to",
                        "id": "1503724169980170248"
                    }
                ],
                "created_at": "2022-03-15T13:35:29.000Z",
                "text": "@ladyvaio I'm sorry for any frustration caused by this. Can you tell me what problems you're facing with your device Donna? Ryan",
                "id": "1503726582879375360"
            },
            {
                "author_id": "20678384",
                "referenced_tweets": [
                    {
                        "type": "replied_to",
                        "id": "1503721784541126658"
                    }
                ],
                "created_at": "2022-03-15T13:24:25.000Z",
                "text": "@ladyvaio Hi Donna 👋 I'm sorry to hear that you've had issues with your new phone, I can only imagine how frustrating this must be 😞 If you've since sent the phone off for repair, our repair centre will work around the clock to get it fixed and retured to you ASAP. Ryan",
                "id": "1503723794829123590"
            },
            {
                "author_id": "20678384",
                "created_at": "2022-03-11T07:00:00.000Z",
                "text": "Mam, Mum, Mummy, Mother 👩\n\nWhatever you call her, get her a @thortful card this Mother's Day 💐\n\nHead over to #VeryMeRewards through the My Vodafone app and pay P&amp;P to claim yours 👇",
                "id": "1502177502743064576"
            },
            {
                "author_id": "1362524325283266561",
                "created_at": "2022-03-15T11:08:17.000Z",
                "text": "@VodafoneGroup no home phone again. Engineer due last week - didn't show. You lost my payment two months ago and have now reported a default. Can't talk on app or phone. Faceless and uncontactable spiders!!",
                "id": "1503689535275909121"
            },
            {
                "author_id": "137739897",
                "referenced_tweets": [
                    {
                        "type": "replied_to",
                        "id": "1503679042234503169"
                    }
                ],
                "created_at": "2022-03-15T10:37:24.000Z",
                "text": "@philkendall_SA @VodafoneUK That other one was handy too, though. Thanks.",
                "id": "1503681765810057219"
            },
            {
                "author_id": "20678384",
                "referenced_tweets": [
                    {
                        "type": "replied_to",
                        "id": "1503674539565367300"
                    }
                ],
                "created_at": "2022-03-15T10:42:03.000Z",
                "text": "@Leah_The_Zebra We'll keep everything crossed for you too! Good luck and please let us know if you win 😊 Kelly",
                "id": "1503682933768470535"
            },
            {
                "author_id": "20678384",
                "created_at": "2022-03-12T14:00:02.000Z",
                "text": "What phone do you think no one but YOU seems to remember?",
                "id": "1502645594212356098"
            },
            {
                "author_id": "20678384",
                "created_at": "2022-03-01T17:00:02.000Z",
                "text": "🌻 March PHONEtography challenge 🌻\n\nShare a photo from your phone of a spring adventure you’ve been on and tell us why it puts a spring in your step.\n\nWe could surprise you with #VodafoneTreats 🎁 or a brand new phone📱 https://t.co/tZ84MVXVlj",
                "id": "1498704627000233985"
            },
            {
                "author_id": "20678384",
                "referenced_tweets": [
                    {
                        "type": "replied_to",
                        "id": "1503677701470703620"
                    }
                ],
                "created_at": "2022-03-15T10:30:30.000Z",
                "text": "@JoshSimpson02 We know it's important to know exactly what's going on in regards to bills, once your Mum has dropped us a message after work we'll be able to investigate her account further. Thanks for reaching out to us today, Josh. If you need anything in the meantime, please let us know. Jay",
                "id": "1503680028034355209"
            },
            {
                "author_id": "9124262",
                "referenced_tweets": [
                    {
                        "type": "replied_to",
                        "id": "1503675985614585859"
                    }
                ],
                "created_at": "2022-03-15T10:14:56.000Z",
                "text": "@VodafoneUK Nice teaser for this announcement too, completing on-demand automated 5G network slicing with Ericsson. Working towards end 2022 for customer proof-of-concepts. Concerns that net UK neutrality regulation cannot accommodate slicing or is at best ambiguous. https://t.co/TuZGUJN0T7",
                "id": "1503676110046904321"
            },
            {
                "author_id": "20678384",
                "referenced_tweets": [
                    {
                        "type": "replied_to",
                        "id": "1503676222726979607"
                    }
                ],
                "created_at": "2022-03-15T10:20:09.000Z",
                "text": "@JoshSimpson02 Hi there Josh 👋 Please ask your Mum to drop us a DM via her personal social media account and we'll be able to take a closer look into things on our side. She'll also be able to see a full bill breakdown via her MyVodafone App or Online Account 👍 Jay",
                "id": "1503677425976328196"
            },
            {
                "author_id": "1411360251807518723",
                "created_at": "2022-03-15T07:20:42.000Z",
                "text": "@VodafoneUK I should have stayed with o2 because at least I got a signal and my handset actually worked unlike Vodafone who don't care about it's customers who have no 4g no signal having to rely on WiFi worst customer care ever absolutely rubbish",
                "id": "1503632263338209284"
            },
            {
                "author_id": "293183125",
                "created_at": "2022-03-15T09:38:50.000Z",
                "text": "I love how @VodafoneUK tell you one thing and do another. “Your bill will be lower.” Notification today reads “your next bill will be higher..” make your mind up!",
                "id": "1503667024765108224"
            },
            {
                "author_id": "9124262",
                "created_at": "2022-03-15T10:14:26.000Z",
                "text": "Thanks to Andrea Dona and Ahmed El Sayed @VodafoneUK for a great briefing on UK network and IT evolution yesterday. Interesting to hear how a group culture is really starting to take hold and how the One Tech Team approach is offering agility and growth.",
                "id": "1503675985614585859"
            },
            {
                "author_id": "1471798547477635076",
                "created_at": "2022-03-14T21:10:32.000Z",
                "text": "It appears @VodafoneUK and @CityFibre\nis having major broadband network issues tonight. Could we get a SitRep on what's going on? My upload speed (on my 900mb package) is 1mb.",
                "id": "1503478709554135045"
            },
            {
                "author_id": "155212500",
                "created_at": "2022-03-14T20:45:04.000Z",
                "text": "@VodafoneUK my very stable @CityFibre 200 connection is not working at the moment, usually 200+ up and down https://t.co/AgkUdC87n3",
                "id": "1503472300754092036"
            },
            {
                "author_id": "105265772",
                "referenced_tweets": [
                    {
                        "type": "replied_to",
                        "id": "1501606412228730884"
                    }
                ],
                "created_at": "2022-03-14T20:30:53.000Z",
                "text": "@VodafoneUK @CityFibre Happening again? Get it together because this isnt even close to the 500/500 it should be, infact its well below the 250mbps guarentee you claim @VodafoneUK @CityFibre https://t.co/lHgwKaink8",
                "id": "1503468732454219782"
            },
            {
                "author_id": "909578646322589697",
                "referenced_tweets": [
                    {
                        "type": "replied_to",
                        "id": "1503421199329763330"
                    }
                ],
                "created_at": "2022-03-14T17:55:22.000Z",
                "text": "@JFhilips @VodafoneGhana @VodafoneUK \n\nWhatever wrong we did, we are truly sorry.",
                "id": "1503429596435390467"
            },
            {
                "author_id": "20678384",
                "referenced_tweets": [
                    {
                        "type": "replied_to",
                        "id": "1503508472175992838"
                    }
                ],
                "created_at": "2022-03-14T23:22:23.000Z",
                "text": "@ebbsyMK Hi Tim. I know this must be frustrating. What colour are the lights on your router at the moment? Are they flashing/solid? Al",
                "id": "1503511892270239746"
            },
            {
                "author_id": "153197904",
                "referenced_tweets": [
                    {
                        "type": "replied_to",
                        "id": "1503504485489987593"
                    }
                ],
                "created_at": "2022-03-14T23:08:48.000Z",
                "text": "@VodafoneUK @Tony_KrXe Can you add me to that list too @Vodafone? Terrible here in Milton Keynes too, since around 8:30, on full fibre and barely pulling 9mb down and 1mb up",
                "id": "1503508472175992838"
            },
            {
                "author_id": "20678384",
                "created_at": "2022-03-03T15:37:32.000Z",
                "text": "Powerful iPhone 13 Pro Max only £56pm* and £49 upfront with 100GB and get Watch Series 7 with 50% off smartwatch connectivity.",
                "id": "1499408640889040907"
            },
            {
                "author_id": "20678384",
                "referenced_tweets": [
                    {
                        "type": "replied_to",
                        "id": "1503497564842299397"
                    }
                ],
                "created_at": "2022-03-14T22:52:57.000Z",
                "text": "@Tony_KrXe Hey Tony, can you DM me your full name and address so I can take a look into this for you? Callum 🙂",
                "id": "1503504485489987593"
            },
            {
                "author_id": "20678384",
                "referenced_tweets": [
                    {
                        "type": "replied_to",
                        "id": "1503489101818998799"
                    }
                ],
                "created_at": "2022-03-14T22:32:54.000Z",
                "text": "@musszzy I'm really sorry you haven't received a call back David - we take our promises seriously so I'm sorry we've let you down here. We'd need to speak to the account holder to go through security and check the account, shall we chat in DM's to organise this? \n\nJames",
                "id": "1503499438391709697"
            },
            {
                "author_id": "20678384",
                "referenced_tweets": [
                    {
                        "type": "replied_to",
                        "id": "1503472240121323525"
                    }
                ],
                "created_at": "2022-03-14T20:56:46.000Z",
                "text": "@_Cr4zy Hey Scott, sorry to see you're having issues with your broadband. Can you drop me a DM with your full name and postcode so I can take a look into this for you. Callum https://t.co/zZC6gSR1Ak",
                "id": "1503475247265337344"
            },
            {
                "author_id": "20643213",
                "created_at": "2022-03-14T21:23:39.000Z",
                "text": "@VodafoneUK There seems to be an issue with broadband tonight along with your call centres and web chat I tried calling and chatting no one available !!!",
                "id": "1503482009691242500"
            },
            {
                "author_id": "1090729370556223489",
                "referenced_tweets": [
                    {
                        "type": "replied_to",
                        "id": "1503477726321258499"
                    }
                ],
                "created_at": "2022-03-14T21:12:19.000Z",
                "text": "@VodafoneUK I never closed that fault ticket and this appears to be the exact same issue again with speeds dropping in the evening when they have been fine during the day.  For ref: speeds are usually 64mb download/18mb upload constantly on wired or wifi connected devices",
                "id": "1503479157266788357"
            },
            {
                "author_id": "62872472",
                "referenced_tweets": [
                    {
                        "type": "replied_to",
                        "id": "1502645594212356098"
                    }
                ],
                "created_at": "2022-03-12T14:11:59.000Z",
                "text": "@VodafoneUK Wave messaging Nokia https://t.co/kHOPpjpob7",
                "id": "1502648601763319815"
            },
            {
                "author_id": "20678384",
                "referenced_tweets": [
                    {
                        "type": "replied_to",
                        "id": "1503479885968379908"
                    }
                ],
                "created_at": "2022-03-14T21:19:37.000Z",
                "text": "@GrumpyManMK Hi Peter 👋 If you're experiencing issues with your internet, please drop us a DM with your full name and mobile/account number so we can take a look. Nisa https://t.co/zZC6gSR1Ak",
                "id": "1503480994665480195"
            },
            {
                "author_id": "20678384",
                "referenced_tweets": [
                    {
                        "type": "replied_to",
                        "id": "1503479157266788357"
                    }
                ],
                "created_at": "2022-03-14T21:26:04.000Z",
                "text": "@PeteW36 No worries Peter, without running test on your line it could be a few things which are impacting your service so please pop me that DM with your full name and account number so I can take a look 🔎 Please make sure to select 'Get Started' &gt; 'Asked to DM' from the options.\n\nJames https://t.co/zZC6gSR1Ak",
                "id": "1503482620629458948"
            },
            {
                "author_id": "4204665382",
                "referenced_tweets": [
                    {
                        "type": "quoted",
                        "id": "1503418890629656579"
                    }
                ],
                "created_at": "2022-03-14T21:29:02.000Z",
                "text": "@VodafoneUK seriously you said DM +its a useless reply https://t.co/QBlFKPvcFD",
                "id": "1503483364174614531"
            },
            {
                "author_id": "4204665382",
                "created_at": "2022-03-14T17:12:50.000Z",
                "text": "@VodafoneUK \nDo you think it’s acceptable for a disabled person to be on the phone for 2 hours plus + still not have an issue resolved ? It’s not.  I was refused a call back until the last minute.. and ignored when I asked for the hold music to be silenced. #EnergyImpairment https://t.co/MrCCtfJr6R",
                "id": "1503418890629656579"
            },
            {
                "author_id": "20678384",
                "referenced_tweets": [
                    {
                        "type": "replied_to",
                        "id": "1502028230399827974"
                    }
                ],
                "created_at": "2022-03-10T21:12:27.000Z",
                "text": "@Kimmymcwom I'll take a further look into for you, can you drop me a DM with your full postcode please? Select 'Get Started' then 'Asked to DM' when put through to our BOT 🤖 Simon https://t.co/zZC6gSR1Ak",
                "id": "1502029639614672907"
            },
            {
                "author_id": "20678384",
                "referenced_tweets": [
                    {
                        "type": "replied_to",
                        "id": "1503469232331411456"
                    }
                ],
                "created_at": "2022-03-14T20:35:10.000Z",
                "text": "@IamPaulGibson If you  can pop over a DM showing the sync speed on the app I can go through some troublehsooting steps with you 😀 Al",
                "id": "1503469808767148044"
            },
            {
                "author_id": "24270908",
                "created_at": "2022-03-14T20:40:56.000Z",
                "text": "Sunlit corridor...\n\nUltra Wide perspective of one I posted earlier today with a hint of Lens Distortions. \n\n📸 #GalaxyS22Ultra \n📷 #expertraw \n✏️ #snapseed \n📱 #withGalaxy https://t.co/tV9oxaEh3M",
                "id": "1503471261099466765"
            },
            {
                "author_id": "20678384",
                "referenced_tweets": [
                    {
                        "type": "replied_to",
                        "id": "1503467994407653381"
                    }
                ],
                "created_at": "2022-03-14T20:30:54.000Z",
                "text": "@IamPaulGibson Hi Paul. No one likes a slow speed. Is this happening over a wired or wi-fi connection? Al",
                "id": "1503468735180546055"
            },
            {
                "author_id": "105265772",
                "created_at": "2022-03-09T17:10:41.000Z",
                "text": "@VodafoneUK @CityFibre Would you guys like to talk to each other and figure out what you have done to internet in peterborough? 7:30ish this morning ping increase, packetloss &amp; speeds awful. This is supposed to be 500/500 and was working fine for a year until today. Not cool. https://t.co/K0ztZ4dAim",
                "id": "1501606412228730884"
            }
        ]
    },
    "meta": {
        "oldest_id": "1503467994407653381",
        "newest_id": "1503805313530613760",
        "previous_token": "77qpymm88g5h9vqklurc05ez0jsmxwbw5kho9ekfdht0w",
        "result_count": 100,
        "next_token": "7140dibdnow9c7btw420jpvfcybogokrwc5dql06g0375"
    }
}