{
    "data": [
        {
            "id": "1504826934592634881",
            "referenced_tweets": [
                {
                    "type": "replied_to",
                    "id": "1504824747506511872"
                }
            ],
            "created_at": "2022-03-18T14:27:54.000Z",
            "author_id": "85365820",
            "text": "@EE Done"
        },
        {
            "id": "1504826254352125957",
            "referenced_tweets": [
                {
                    "type": "replied_to",
                    "id": "1504824510771511324"
                }
            ],
            "created_at": "2022-03-18T14:25:12.000Z",
            "author_id": "1332597356",
            "text": "@pipebrush @EE I haven't heard nothing off them at all. Did you get a message or anything before hand?"
        },
        {
            "id": "1504826245640503313",
            "created_at": "2022-03-18T14:25:09.000Z",
            "author_id": "589238182",
            "text": "@ee I am mad as hell at you. I have been a customer since when you where Orange. You let me down. I spent £624 on a watch and between you and DPD you can’t even get it delivered. Think I’ll give O2 a call."
        },
        {
            "id": "1504824588617850884",
            "referenced_tweets": [
                {
                    "type": "replied_to",
                    "id": "1504786335353212928"
                }
            ],
            "created_at": "2022-03-18T14:18:34.000Z",
            "author_id": "18798177",
            "text": "@EE We do have a line, nobody can find where it ends up after it disappears into the wall by my front door"
        },
        {
            "id": "1504824510771511324",
            "referenced_tweets": [
                {
                    "type": "replied_to",
                    "id": "1502728838983344134"
                }
            ],
            "created_at": "2022-03-18T14:18:16.000Z",
            "author_id": "30301647",
            "text": "@EE @ItsLewisMorg Lots getting delivered today including mine 😊"
        },
        {
            "id": "1504824490534051842",
            "referenced_tweets": [
                {
                    "type": "replied_to",
                    "id": "1501221383099101194"
                }
            ],
            "created_at": "2022-03-18T14:18:11.000Z",
            "author_id": "49801271",
            "text": "@EE Tried to order this as an upgrade this morning but your atrocious website failed. Also taking the piss by charging me (a 5yr+ customer) more for my loyalty. Shambles"
        },
        {
            "id": "1504824431390212102",
            "created_at": "2022-03-18T14:17:57.000Z",
            "author_id": "21338619",
            "text": "@EE I’ve been getting this for months. I even called to report the issue. Still happening. https://t.co/oaIxFd6vxd"
        },
        {
            "id": "1504824381364707331",
            "referenced_tweets": [
                {
                    "type": "replied_to",
                    "id": "1503827915963871233"
                }
            ],
            "created_at": "2022-03-18T14:17:45.000Z",
            "author_id": "30301647",
            "text": "@L_J_Gren @EE Yep lots of people getting them delivered today including myself 😀"
        },
        {
            "id": "1504823939721314309",
            "referenced_tweets": [
                {
                    "type": "replied_to",
                    "id": "1504823240375640065"
                }
            ],
            "created_at": "2022-03-18T14:16:00.000Z",
            "author_id": "53629586",
            "text": "@EE Done!"
        },
        {
            "id": "1504823193302757376",
            "referenced_tweets": [
                {
                    "type": "replied_to",
                    "id": "1504822731614965767"
                }
            ],
            "created_at": "2022-03-18T14:13:02.000Z",
            "author_id": "1488377001769508865",
            "text": "@BounceNewsNg @ItsEliOyefeso @CryptobuddyInfo @EE"
        },
        {
            "id": "1504822544502767625",
            "referenced_tweets": [
                {
                    "type": "replied_to",
                    "id": "1504822052502581248"
                }
            ],
            "created_at": "2022-03-18T14:10:27.000Z",
            "author_id": "53629586",
            "text": "@EE Hi Peter. It's an additional line"
        },
        {
            "id": "1504820526597885961",
            "created_at": "2022-03-18T14:02:26.000Z",
            "author_id": "85365820",
            "text": "@EE I have travel data pass and roam further; and i am in Australia, but I can only get SOS on my service? The same happened in America a couple of months ago?"
        },
        {
            "id": "1504819562633736197",
            "created_at": "2022-03-18T13:58:36.000Z",
            "author_id": "53629586",
            "text": "@EE, afternoon! I ordered a sim only deal on Monday via phone. Was told it would be in post next day but alas, it hasn't arrived. Any help and information would be appreciated"
        },
        {
            "id": "1504818821856702472",
            "referenced_tweets": [
                {
                    "type": "replied_to",
                    "id": "1504784122035777555"
                }
            ],
            "created_at": "2022-03-18T13:55:39.000Z",
            "author_id": "1337862046088638464",
            "text": "@EE You too ! :)"
        },
        {
            "id": "1504816428364537893",
            "created_at": "2022-03-18T13:46:09.000Z",
            "author_id": "351797545",
            "text": "@EE Hi, we're switching from standard to fibre broadband with activation date of 22 March. Order email states to set equipment up when received however box states to only set up once received confirmation text/email. Which is correct? Thanks"
        },
        {
            "id": "1504814638151704615",
            "created_at": "2022-03-18T13:39:02.000Z",
            "author_id": "966978129263841280",
            "text": "@EE and @bt_uk unveil new sports &amp; performing arts experiences ➡️ https://t.co/yEiLoNie1Y https://t.co/L3nBzo43JR"
        },
        {
            "id": "1504814282948681757",
            "referenced_tweets": [
                {
                    "type": "replied_to",
                    "id": "1504811756278923267"
                }
            ],
            "created_at": "2022-03-18T13:37:37.000Z",
            "author_id": "28801431",
            "text": "@EE Thanks! 😎"
        },
        {
            "id": "1504813915062128644",
            "referenced_tweets": [
                {
                    "type": "replied_to",
                    "id": "1504744323077877762"
                }
            ],
            "created_at": "2022-03-18T13:36:10.000Z",
            "author_id": "3367359833",
            "text": "@EE Wife got home to find all is well. Thanks for your assistance today."
        },
        {
            "id": "1504812399114784770",
            "referenced_tweets": [
                {
                    "type": "replied_to",
                    "id": "1504806764847538183"
                }
            ],
            "created_at": "2022-03-18T13:30:08.000Z",
            "author_id": "321368549",
            "text": "@Leon_Lowen @EE Kevin Bacon doesn't come cheap"
        },
        {
            "id": "1504807023988416515",
            "referenced_tweets": [
                {
                    "type": "replied_to",
                    "id": "1504724382014398490"
                }
            ],
            "created_at": "2022-03-18T13:08:47.000Z",
            "author_id": "557958204",
            "text": "@EE Hi there is no number from the text.  It just says Grosvenor"
        },
        {
            "id": "1504806270649384966",
            "referenced_tweets": [
                {
                    "type": "replied_to",
                    "id": "1504805767517544453"
                }
            ],
            "created_at": "2022-03-18T13:05:47.000Z",
            "author_id": "105171470",
            "text": "@EE Except it isn’t, I have BT sport ultimate as my smart benefit and it doesn’t appear in my add on options"
        },
        {
            "id": "1504805366814720003",
            "created_at": "2022-03-18T13:02:12.000Z",
            "author_id": "28801431",
            "text": "Hi @EE I got a call from this number claiming to be you - 01462 341325 saying they had information on offers available to me. Is it legitimate? Thanks."
        },
        {
            "id": "1504804355379286017",
            "referenced_tweets": [
                {
                    "type": "replied_to",
                    "id": "1504803238016655383"
                }
            ],
            "created_at": "2022-03-18T12:58:10.000Z",
            "author_id": "303249347",
            "text": "@EE The postcode is the postcode for Greenwich Park, it’s an enormous Royal park covering 183 acres which I am unlikely to be living in unless my personal circumstances take a massive downhill dive."
        },
        {
            "id": "1504804101753909250",
            "referenced_tweets": [
                {
                    "type": "replied_to",
                    "id": "1504803300759285763"
                }
            ],
            "created_at": "2022-03-18T12:57:10.000Z",
            "author_id": "2769521630",
            "text": "@68Langers @OPPOMobileUK @EE Hey Andrew. I would wait until you receive the new SIM card first so that you're not dealing without your mobile number! -Lauren"
        },
        {
            "id": "1504803300759285763",
            "referenced_tweets": [
                {
                    "type": "replied_to",
                    "id": "1504794656873324550"
                }
            ],
            "created_at": "2022-03-18T12:53:59.000Z",
            "author_id": "111343722",
            "text": "@iD_Mobile_UK @OPPOMobileUK @EE Looking forward to it Tom. Is there a way to submit my PAC in advance or not until I have the new SIM?"
        },
        {
            "id": "1504802930263834626",
            "created_at": "2022-03-18T12:52:31.000Z",
            "author_id": "201429867",
            "text": "@EE put up a temporary mast so we see no loss of service then https://t.co/9fKNBnWJL5"
        },
        {
            "id": "1504800597102497797",
            "referenced_tweets": [
                {
                    "type": "replied_to",
                    "id": "1504798476609150982"
                }
            ],
            "created_at": "2022-03-18T12:43:14.000Z",
            "author_id": "105171470",
            "text": "@EE Yes I do"
        },
        {
            "id": "1504800470140964865",
            "referenced_tweets": [
                {
                    "type": "replied_to",
                    "id": "1504443063250440196"
                }
            ],
            "created_at": "2022-03-18T12:42:44.000Z",
            "author_id": "1309886484808454144",
            "text": "@EE @beatport @Rudimental @ariellefree @itsjuniorsimba Anyone having issues with the network??? I hope you aren't trying to land a plane. I'm having no service!?"
        },
        {
            "id": "1504796943888879623",
            "referenced_tweets": [
                {
                    "type": "replied_to",
                    "id": "1488246944757698561"
                }
            ],
            "created_at": "2022-03-18T12:28:43.000Z",
            "author_id": "1470731757112770565",
            "text": "@EE How about remotely feeding some CHILDREN you freaks\n\nWho gives a shit if you can shave someone on a mountain\n\nYou media graduates get more &amp; more detached from meaningful reality - you self-obsessed narcissistic twats"
        },
        {
            "id": "1504796146082136065",
            "referenced_tweets": [
                {
                    "type": "quoted",
                    "id": "1504741778791882754"
                }
            ],
            "created_at": "2022-03-18T12:25:33.000Z",
            "author_id": "1504794735751630853",
            "text": "Great project @KKRiders @EE @asvpxrocky https://t.co/yWzfeXZjuo"
        },
        {
            "id": "1504796047280947204",
            "referenced_tweets": [
                {
                    "type": "replied_to",
                    "id": "1504795914048843781"
                }
            ],
            "created_at": "2022-03-18T12:25:10.000Z",
            "author_id": "434425807",
            "text": "@EE I’ve had one before but no for years - no longer connected"
        },
        {
            "id": "1504795526809718788",
            "created_at": "2022-03-18T12:23:05.000Z",
            "author_id": "135928507",
            "text": "I’m Gona kill @EE charging me extra roaming fee for no reason"
        },
        {
            "id": "1504794656873324550",
            "referenced_tweets": [
                {
                    "type": "replied_to",
                    "id": "1504794058924961792"
                }
            ],
            "created_at": "2022-03-18T12:19:38.000Z",
            "author_id": "2769521630",
            "text": "@OPPOMobileUK @68Langers @EE Don't forget the excellent choice of network. \n\nHappy to have you onboard, Andrew!\n\n- Tom"
        },
        {
            "id": "1504794058924961792",
            "referenced_tweets": [
                {
                    "type": "replied_to",
                    "id": "1504528453525192706"
                }
            ],
            "created_at": "2022-03-18T12:17:16.000Z",
            "author_id": "1052958783532601345",
            "text": "@68Langers @iD_Mobile_UK @EE Excellent choice of device and colour Andrew, only 6 more days until release date! 🤩🥳"
        },
        {
            "id": "1504793949000671235",
            "referenced_tweets": [
                {
                    "type": "replied_to",
                    "id": "1504783210303139855"
                }
            ],
            "created_at": "2022-03-18T12:16:49.000Z",
            "author_id": "2654065847",
            "text": "@MarcAllera @EE @crazymike1988 :-) famous Mike"
        },
        {
            "id": "1504793576047267841",
            "referenced_tweets": [
                {
                    "type": "replied_to",
                    "id": "1504792025413132291"
                }
            ],
            "created_at": "2022-03-18T12:15:20.000Z",
            "author_id": "303249347",
            "text": "@EE iPhone 12 Pro Max"
        },
        {
            "id": "1504793192717336576",
            "referenced_tweets": [
                {
                    "type": "replied_to",
                    "id": "1504791112396984323"
                }
            ],
            "created_at": "2022-03-18T12:13:49.000Z",
            "author_id": "434425807",
            "text": "@EE Have done"
        },
        {
            "id": "1504792758753673220",
            "referenced_tweets": [
                {
                    "type": "replied_to",
                    "id": "1504791646562623500"
                }
            ],
            "created_at": "2022-03-18T12:12:06.000Z",
            "author_id": "105171470",
            "text": "@EE Thanks for clearing that up, how do I do the add on? As I just seem to go round in circles on the website https://t.co/W8cNkArD73"
        },
        {
            "id": "1504791184039944201",
            "created_at": "2022-03-18T12:05:50.000Z",
            "author_id": "1383928988440010758",
            "text": "@EE I'm unable to top up my phone. Is there ongoing issue?"
        },
        {
            "id": "1504790977571139585",
            "created_at": "2022-03-18T12:05:01.000Z",
            "author_id": "105171470",
            "text": "@EE I have the @btsport smart benefit - how come I can't always use it on my laptop as advertised? #notworking"
        },
        {
            "id": "1504790780426264577",
            "created_at": "2022-03-18T12:04:14.000Z",
            "author_id": "254968680",
            "text": "@EE Your app isn't working correctly as it won't show what extra charges I'm being billed for. Screen is blank. £3 a min to call the States is ridiculous by the way! https://t.co/1RaEEtgECP"
        },
        {
            "id": "1504790565455605776",
            "created_at": "2022-03-18T12:03:23.000Z",
            "author_id": "74494561",
            "text": "Local “free” WiFi *much* slower than @EE on #4G. Looking forward to #5G coming to #Harrogate town centre!\n@Speedtest https://t.co/VxDZAt79J6"
        },
        {
            "id": "1504789787827449872",
            "referenced_tweets": [
                {
                    "type": "replied_to",
                    "id": "1504788019638906929"
                }
            ],
            "created_at": "2022-03-18T12:00:17.000Z",
            "author_id": "303249347",
            "text": "@EE In a few short sentences. I am not getting a decent signal. It drops from 5G through 4G to 3G then E and loses connection when I’m on the phone. There is no mobile data when I’m on the phone. I’m currently piggybacking Wi-Fi ATM"
        },
        {
            "id": "1504789447971385372",
            "created_at": "2022-03-18T11:58:56.000Z",
            "author_id": "3046055421",
            "text": "@EE recently got a new phone on insurance as accidentally damaged step daughters and we’ve been sent a iPhone 11 not 12? Can someone assist please asap ? Thanks"
        },
        {
            "id": "1504788284827971639",
            "created_at": "2022-03-18T11:54:19.000Z",
            "author_id": "243610497",
            "text": "@EE can I have an update on my order please?"
        },
        {
            "id": "1504787178576134145",
            "referenced_tweets": [
                {
                    "type": "replied_to",
                    "id": "1504786625011884033"
                }
            ],
            "created_at": "2022-03-18T11:49:55.000Z",
            "author_id": "303249347",
            "text": "@EE It’s Greenwich Park, not sure if there’s a postcode for the whole park as not a lot of people live in it. However postcode for car park at Blackheath end is SE10 8QY"
        },
        {
            "id": "1504787075916251138",
            "referenced_tweets": [
                {
                    "type": "replied_to",
                    "id": "1504786746923495438"
                }
            ],
            "created_at": "2022-03-18T11:49:31.000Z",
            "author_id": "434425807",
            "text": "@EE Hi jo, when I press set up for myself it’s saying this plan isn’t supported when I put it my Apple ID?!"
        },
        {
            "id": "1504787017921699840",
            "created_at": "2022-03-18T11:49:17.000Z",
            "author_id": "1083092736243367936",
            "text": "don't know why I bother anymore with @EE , getting internet on my iPhone lately has been awful....contract is almost up so I guess its time for a new phone and supplier"
        },
        {
            "id": "1504785550020128796",
            "created_at": "2022-03-18T11:43:27.000Z",
            "author_id": "91400345",
            "text": "Great timing from @EE on my timeline! https://t.co/hSOEz7ECqM"
        },
        {
            "id": "1504784494896820227",
            "created_at": "2022-03-18T11:39:15.000Z",
            "author_id": "434425807",
            "text": "@EE I’ve just got a new Apple Watch but it’s come with a different number - and can’t connect to current phone any idea why?! Thank you :)"
        },
        {
            "id": "1504783893383294985",
            "referenced_tweets": [
                {
                    "type": "replied_to",
                    "id": "1504769135695347714"
                }
            ],
            "created_at": "2022-03-18T11:36:52.000Z",
            "author_id": "120457256",
            "text": "@EE Hi Chris its not just me its everyone since you put the price up by nearly 10%. Just imagine the kudos if EE said we have decided to cancel the increase this year as everyone has higher bills.."
        },
        {
            "id": "1504783210303139855",
            "referenced_tweets": [
                {
                    "type": "replied_to",
                    "id": "1504782584215216129"
                }
            ],
            "created_at": "2022-03-18T11:34:09.000Z",
            "author_id": "769134102796697600",
            "text": "We’ve also partnered with Samsung to help customers with hearing impairments get the most out of @EE and the new Samsung S22 range, too.\n\nWhen our in-store QR code is scanned it links to videos about the new Samsung series with sign language interpreter Simon and closed captions. https://t.co/VOC0WxHLeJ"
        },
        {
            "id": "1504783094397739009",
            "referenced_tweets": [
                {
                    "type": "replied_to",
                    "id": "1504782919688204317"
                }
            ],
            "created_at": "2022-03-18T11:33:41.000Z",
            "author_id": "1337862046088638464",
            "text": "@EE I’m doing good :) have an amazing day"
        },
        {
            "id": "1504782580540968960",
            "created_at": "2022-03-18T11:31:39.000Z",
            "author_id": "769134102796697600",
            "text": "Communication's so important. Small things have a big impact.\n\nIt might be the end of #SignLanguageWeek, but we're partnering with @SamsungUK to encourage our @EE store teams to learn some BSL basics with a series of videos like this – so customers with hearing loss feel at ease. https://t.co/SzrVK5uzlO"
        },
        {
            "id": "1504781947117187087",
            "referenced_tweets": [
                {
                    "type": "replied_to",
                    "id": "1504714218402193409"
                }
            ],
            "created_at": "2022-03-18T11:29:08.000Z",
            "author_id": "1337862046088638464",
            "text": "@EE Good morning ! How are you today ee?"
        },
        {
            "id": "1504780078135324698",
            "referenced_tweets": [
                {
                    "type": "replied_to",
                    "id": "1504779665780752386"
                }
            ],
            "created_at": "2022-03-18T11:21:42.000Z",
            "author_id": "1165966277082529793",
            "text": "@EE I already done the deal, they should of done that without me having to ask really."
        },
        {
            "id": "1504780044195016731",
            "referenced_tweets": [
                {
                    "type": "replied_to",
                    "id": "1504779830633672706"
                }
            ],
            "created_at": "2022-03-18T11:21:34.000Z",
            "author_id": "901576372006604800",
            "text": "@EE Returns team number is “very busy”."
        },
        {
            "id": "1504779830931476481",
            "referenced_tweets": [
                {
                    "type": "replied_to",
                    "id": "1504779087080009754"
                }
            ],
            "created_at": "2022-03-18T11:20:43.000Z",
            "author_id": "1165966277082529793",
            "text": "@EE Really disappointed to see how much more EE was charging me after being with them for so long- (before they were EE) compared to other companies as a new customer."
        },
        {
            "id": "1504779830633672706",
            "referenced_tweets": [
                {
                    "type": "replied_to",
                    "id": "1504714218402193409"
                }
            ],
            "created_at": "2022-03-18T11:20:43.000Z",
            "author_id": "901576372006604800",
            "text": "@EE Hi, just received my iPhone 13 pro max with seal on the box broken. There was no protective bubble wrap at all. Called 150 and got fobbed off. What is supposed to happen? Not happy"
        },
        {
            "id": "1504779429062586368",
            "referenced_tweets": [
                {
                    "type": "replied_to",
                    "id": "1504778878853787649"
                }
            ],
            "created_at": "2022-03-18T11:19:07.000Z",
            "author_id": "578847558",
            "text": "@EE I have D'Med you per your request!!"
        },
        {
            "id": "1504779087080009754",
            "referenced_tweets": [
                {
                    "type": "replied_to",
                    "id": "1504732658479378432"
                }
            ],
            "created_at": "2022-03-18T11:17:46.000Z",
            "author_id": "1165966277082529793",
            "text": "@EE Thanks for responding,appreciated,Im ok,I have a poorly pup so not much sleep but getting there,hows urself?I ended up looking about &amp; found a deal with 3,unlimited Everything on Samsung Z3 Flip,24mnth with insurance but less than EE,so ive moved.(20+yr with EE)Have a lovely day."
        },
        {
            "id": "1504778908830515202",
            "created_at": "2022-03-18T11:17:03.000Z",
            "author_id": "780468324861894662",
            "text": "Each of our Year 5 pupils planted a tree in the school grounds yesterday!  Thank you to @WoodlandTrust for supplying the trees and volunteers from our local @EE office in Merthyr for supporting the children! https://t.co/jKXRrLtqOm"
        },
        {
            "id": "1504778671835566081",
            "referenced_tweets": [
                {
                    "type": "replied_to",
                    "id": "1504714218402193409"
                }
            ],
            "created_at": "2022-03-18T11:16:07.000Z",
            "author_id": "50554480",
            "text": "@EE is there an outage in Birmingham at the moment?"
        },
        {
            "id": "1504777881544712196",
            "referenced_tweets": [
                {
                    "type": "replied_to",
                    "id": "1504776918079578114"
                }
            ],
            "created_at": "2022-03-18T11:12:59.000Z",
            "author_id": "69805646",
            "text": "@EE The EE Community has quite a few similar cases so not just me"
        },
        {
            "id": "1504776918079578114",
            "referenced_tweets": [
                {
                    "type": "replied_to",
                    "id": "1504774888787259394"
                }
            ],
            "created_at": "2022-03-18T11:09:09.000Z",
            "author_id": "69805646",
            "text": "@EE I'll leave it now, the discount was above a number of phones as an upgrade option, not a new line. I don't expect to need proof and didn't imagine it. Why do I have 4 EE lines, I ask myself!"
        },
        {
            "id": "1504776578441654272",
            "created_at": "2022-03-18T11:07:48.000Z",
            "author_id": "578847558",
            "text": "@EE My DD has been taken and it appears that I've been charged £6.95 delivery due to completing the upgrade over the phone, I only called because the #MYEE System wouldn't allow it. charging me for your system errors seems very unfair!!"
        },
        {
            "id": "1504776426037424128",
            "referenced_tweets": [
                {
                    "type": "replied_to",
                    "id": "1504714218402193409"
                }
            ],
            "created_at": "2022-03-18T11:07:12.000Z",
            "author_id": "78574078",
            "text": "@EE Can someone DM me on here asap #complaint"
        },
        {
            "id": "1504775283181826061",
            "created_at": "2022-03-18T11:02:39.000Z",
            "author_id": "309010204",
            "text": "@EE love being mislead by ee"
        },
        {
            "id": "1504774350418976771",
            "referenced_tweets": [
                {
                    "type": "replied_to",
                    "id": "1504774003537240067"
                }
            ],
            "created_at": "2022-03-18T10:58:57.000Z",
            "author_id": "27238477",
            "text": "@EE No problem. Thanks for confirming"
        },
        {
            "id": "1504774103840051202",
            "referenced_tweets": [
                {
                    "type": "replied_to",
                    "id": "1504773609088237571"
                }
            ],
            "created_at": "2022-03-18T10:57:58.000Z",
            "author_id": "69805646",
            "text": "@EE No, I didn't expect to be needing proof.  I was upgrading my current line and adding a new phone to that"
        },
        {
            "id": "1504774006586683408",
            "referenced_tweets": [
                {
                    "type": "replied_to",
                    "id": "1504768057704697857"
                }
            ],
            "created_at": "2022-03-18T10:57:35.000Z",
            "author_id": "29154734",
            "text": "@H_chapman17 @EE https://t.co/d2J1tlKiJi"
        },
        {
            "id": "1504773202572197889",
            "created_at": "2022-03-18T10:54:23.000Z",
            "author_id": "27238477",
            "text": "@EE does Student Beans discount code work on Good As New upgrades?"
        },
        {
            "id": "1504772952579006467",
            "created_at": "2022-03-18T10:53:23.000Z",
            "author_id": "18798177",
            "text": "@EE hello, we're getting your broadband installed next Friday and I just need to sanity check that OpenReach are aware that we don't have a BT socket to plug the router in to. We had two visits from them when trying to get Plusnet set up a few weeks ago and they didn't manage it."
        },
        {
            "id": "1504772661557219330",
            "created_at": "2022-03-18T10:52:14.000Z",
            "author_id": "83811706",
            "text": "@EE spoke with you yesterday about signal issues - now I have no signal &amp; WiFi calling isn’t working… no way to contact yourselves to resolve the issue…"
        },
        {
            "id": "1504772478152945676",
            "referenced_tweets": [
                {
                    "type": "replied_to",
                    "id": "1504771324488654848"
                }
            ],
            "created_at": "2022-03-18T10:51:30.000Z",
            "author_id": "69805646",
            "text": "@EE I guess I'll not upgrade and purchase another way"
        },
        {
            "id": "1504771324488654848",
            "referenced_tweets": [
                {
                    "type": "replied_to",
                    "id": "1504770790818000908"
                }
            ],
            "created_at": "2022-03-18T10:46:55.000Z",
            "author_id": "69805646",
            "text": "@EE Online, it was just available"
        },
        {
            "id": "1504770475213402120",
            "created_at": "2022-03-18T10:43:33.000Z",
            "author_id": "916491",
            "text": "@EE  where's this months update for the pixel 6 pro please?"
        },
        {
            "id": "1504770071671025681",
            "created_at": "2022-03-18T10:41:57.000Z",
            "author_id": "69805646",
            "text": "@EE Yesterday I was offered a 10% loyalty discount on an update which I was considering.  Today, however, I am not offered the same discount.  I presume I'm getting that because I'm a long term customer with 4 mobile numbers.  Can you tell me why it's gone please?"
        },
        {
            "id": "1504769725653528593",
            "referenced_tweets": [
                {
                    "type": "replied_to",
                    "id": "1504762352855625744"
                }
            ],
            "created_at": "2022-03-18T10:40:34.000Z",
            "author_id": "24918393",
            "text": "@joshsherwin12 @EE @beatport @Rudimental @itsjuniorsimba Thank you!!"
        },
        {
            "id": "1504768805867827206",
            "created_at": "2022-03-18T10:36:55.000Z",
            "author_id": "24038326",
            "text": "trying to transfer my number to @EE and the website isn't even loading?? so now i'll have no working phone for god knows how long"
        },
        {
            "id": "1504768057704697857",
            "created_at": "2022-03-18T10:33:56.000Z",
            "author_id": "36966219",
            "text": "Finally arrived @EE https://t.co/9UAwSYncJg"
        },
        {
            "id": "1504767212015562753",
            "referenced_tweets": [
                {
                    "type": "replied_to",
                    "id": "1504732021213564928"
                }
            ],
            "created_at": "2022-03-18T10:30:35.000Z",
            "author_id": "248599588",
            "text": "@EE Done :)"
        },
        {
            "id": "1504766996193452033",
            "referenced_tweets": [
                {
                    "type": "replied_to",
                    "id": "1504764575920578562"
                }
            ],
            "created_at": "2022-03-18T10:29:43.000Z",
            "author_id": "57560430",
            "text": "@EE It's OK Casey, I'm being flippant."
        },
        {
            "id": "1504766633918799873",
            "created_at": "2022-03-18T10:28:17.000Z",
            "author_id": "970966964658155520",
            "text": "Residents in #BTR developments continue to rate their overall experience more highly than tenants in #BTS.\nDownload the @Homeviews_com  2022 National #BuildtoRent Report to find out more: https://t.co/3fMdqcarIT. @Yardi @AGofC_  @SAYProperty  @EE.\n#HomeViews #ResidentReviews https://t.co/q3JgBXbuFy"
        },
        {
            "id": "1504762992667340801",
            "created_at": "2022-03-18T10:13:49.000Z",
            "author_id": "1066358226",
            "text": "@EE Thanks Dua for excellent service with a smile yesterday at Solihull, Touchwood store.    Dealt understandingly with the needs of elderly customers.    Thank you!"
        },
        {
            "id": "1504762352855625744",
            "referenced_tweets": [
                {
                    "type": "replied_to",
                    "id": "1504443063250440196"
                }
            ],
            "created_at": "2022-03-18T10:11:16.000Z",
            "author_id": "559396058",
            "text": "@EE @beatport @Rudimental @ariellefree @itsjuniorsimba Class set @ariellefree"
        },
        {
            "id": "1504760660462391327",
            "referenced_tweets": [
                {
                    "type": "replied_to",
                    "id": "1504714218402193409"
                }
            ],
            "created_at": "2022-03-18T10:04:33.000Z",
            "author_id": "754721953806770180",
            "text": "@EE Internet is down and I do not have the number associated with it. Can I speak to a human about this please?"
        },
        {
            "id": "1504759098449055788",
            "referenced_tweets": [
                {
                    "type": "replied_to",
                    "id": "1504714218402193409"
                }
            ],
            "created_at": "2022-03-18T09:58:20.000Z",
            "author_id": "779346441928138753",
            "text": "@EE I messaged EE days ago now, multiple times, and still haven't had a response from you."
        },
        {
            "id": "1504758676875366405",
            "referenced_tweets": [
                {
                    "type": "replied_to",
                    "id": "1504738452742582274"
                }
            ],
            "created_at": "2022-03-18T09:56:40.000Z",
            "author_id": "20657457",
            "text": "@EE"
        },
        {
            "id": "1504758167145701377",
            "created_at": "2022-03-18T09:54:38.000Z",
            "author_id": "1908884682",
            "text": "@EE great service from Nicole at Sunderland call centre this morning. Rang about contract coming to an end. Offered a great deal. Signed back up 👍🏻quick and easy."
        },
        {
            "id": "1504757062399676418",
            "created_at": "2022-03-18T09:50:15.000Z",
            "author_id": "52213895",
            "text": "Fuming at going to @EE Croydon 2 days in a row and their opening times being wrong each time. Wondering why I’ve switched at this point."
        },
        {
            "id": "1504756796149407745",
            "created_at": "2022-03-18T09:49:11.000Z",
            "author_id": "1031610013385728000",
            "text": "@EE absolutely sick of your piss poor customer service.\nI've been paying over £300 a month for phones and have done for years and years, yet you lie and take the piss."
        },
        {
            "id": "1504755391032447004",
            "referenced_tweets": [
                {
                    "type": "replied_to",
                    "id": "1504751440811732998"
                }
            ],
            "created_at": "2022-03-18T09:43:36.000Z",
            "author_id": "366501169",
            "text": "@EE Gemma.  I didn’t catch the other lady’s name."
        },
        {
            "id": "1504754744753012738",
            "referenced_tweets": [
                {
                    "type": "replied_to",
                    "id": "1504714218402193409"
                }
            ],
            "created_at": "2022-03-18T09:41:02.000Z",
            "author_id": "63440888",
            "text": "@EE I ordered an upgrade phone on Tuesday and had emails to say the order was confirmed and ‘on the way.’ Since Tuesday, I’ve heard nothing from EE or DPD. I’ve ordered it to be delivered to store. Are you able to give me an update?"
        },
        {
            "id": "1504754228316852239",
            "created_at": "2022-03-18T09:38:59.000Z",
            "author_id": "878335784486555648",
            "text": "Thank you @EE for providing such a reliable and fast service. It has proved invaluable after I foolishly tried to switch to @CommunityFibre"
        },
        {
            "id": "1504753971059216389",
            "created_at": "2022-03-18T09:37:58.000Z",
            "author_id": "180068246",
            "text": "@EE I ordered a screen protector with my new phone but the screen protector arrived smashed. I’ve tried emailing, no response, I’ve tried webchat who asked me to call and I’ve tried calling but there are no options for what I need. I’d just like a new one sending out please!!"
        },
        {
            "id": "1504753026736836624",
            "referenced_tweets": [
                {
                    "type": "replied_to",
                    "id": "1504714218402193409"
                }
            ],
            "created_at": "2022-03-18T09:34:13.000Z",
            "author_id": "1250165337536049153",
            "text": "@EE If I would be explained that I have to pay 15 pounds extra to watch bt sports on large screen I wouldn't buy Smart Benefit SIM only contract."
        },
        {
            "id": "1504750828908949504",
            "created_at": "2022-03-18T09:25:29.000Z",
            "author_id": "366501169",
            "text": "@EE Great service in your Horsham store. Very helpful and patient with a couple of older gentlemen. 👍"
        },
        {
            "id": "1504750012709982214",
            "created_at": "2022-03-18T09:22:14.000Z",
            "author_id": "1504738483960786946",
            "text": "@EE I am less than a mile outside of Lincoln city centre and my signal is atrocious, why"
        },
        {
            "id": "1504749805209374724",
            "created_at": "2022-03-18T09:21:25.000Z",
            "author_id": "29986711",
            "text": "@ee shocking how something your fault we have to pay, it’s not happening"
        }
    ],
    "includes": {
        "users": [
            {
                "name": "-",
                "id": "85365820",
                "username": "mattchandler95"
            },
            {
                "name": "🏳️‍🌈 Lewis Michael Morgan 🏳️‍🌈",
                "location": "Republic of Wales",
                "id": "1332597356",
                "username": "ItsLewisMorg"
            },
            {
                "name": "Rob Clarke",
                "location": "london",
                "id": "589238182",
                "username": "RobClarke20"
            },
            {
                "name": "KJL",
                "location": "Hove, England",
                "id": "18798177",
                "username": "kerryjeanlister"
            },
            {
                "name": "Ⓢⓚⓘⓟⓟⓨ🇺🇦",
                "id": "30301647",
                "username": "pipebrush"
            },
            {
                "name": "Richard Gibbs",
                "location": "ÜT: 53.186685,-1.19783",
                "id": "49801271",
                "username": "richardjgibbs"
            },
            {
                "name": "LeonaLionheart ☠️",
                "location": "Scotland, United Kingdom",
                "id": "21338619",
                "username": "LeonaLionheart7"
            },
            {
                "name": "Stephen Richards",
                "location": "Weymouth, England",
                "id": "53629586",
                "username": "steverichgeog"
            },
            {
                "name": "givemeyourtokens456",
                "id": "1488377001769508865",
                "username": "herefornfts1547"
            },
            {
                "name": "Evie",
                "location": "she/her",
                "id": "1337862046088638464",
                "username": "SpaceEvie"
            },
            {
                "name": "Lynn Macfarlane",
                "location": "Scotland",
                "id": "351797545",
                "username": "LynnMac28"
            },
            {
                "name": "UK5G",
                "location": "Nationwide",
                "id": "966978129263841280",
                "username": "UK_5G"
            },
            {
                "name": "Sam Wise 💙🏳️‍🌈",
                "location": "North East, England",
                "id": "28801431",
                "username": "SamWiseLGBT"
            },
            {
                "name": "Steve",
                "location": "London, Innit?",
                "id": "3367359833",
                "username": "221Sociopath"
            },
            {
                "name": "David Singer",
                "location": "London, England",
                "id": "321368549",
                "username": "DRSings"
            },
            {
                "name": "Miss A",
                "location": "home",
                "id": "557958204",
                "username": "AnfieldRdYNWA"
            },
            {
                "name": "Michael Nattrass",
                "location": "Aberdeen",
                "id": "105171470",
                "username": "nattrass16"
            },
            {
                "name": "Paula Griffin 🏳️‍⚧️ 💙💖🤍💖💙",
                "location": "South London",
                "id": "303249347",
                "username": "Paula_Griffin65"
            },
            {
                "name": "iD Mobile",
                "location": "London, England",
                "id": "2769521630",
                "username": "iD_Mobile_UK"
            },
            {
                "name": "Andrew 🌻🇺🇦💙 🇪🇺",
                "location": "Lapland",
                "id": "111343722",
                "username": "68Langers"
            },
            {
                "name": "Ryan",
                "id": "201429867",
                "username": "Ryanhatestories"
            },
            {
                "name": "John",
                "location": "London",
                "id": "1309886484808454144",
                "username": "John34182444"
            },
            {
                "name": "TheatreOfPolitics",
                "id": "1470731757112770565",
                "username": "Theatre_Politic"
            },
            {
                "name": "Usha",
                "id": "1504794735751630853",
                "username": "Usha69729436"
            },
            {
                "name": "josh tasker",
                "id": "434425807",
                "username": "joshua_tasker"
            },
            {
                "name": "TB",
                "id": "135928507",
                "username": "tahminabegumm"
            },
            {
                "name": "OPPO UK",
                "location": "United Kingdom",
                "id": "1052958783532601345",
                "username": "OPPOMobileUK"
            },
            {
                "name": "Potterovski",
                "location": "Hull, England",
                "id": "2654065847",
                "username": "Potterovski"
            },
            {
                "name": "jay",
                "location": "London, England",
                "id": "1383928988440010758",
                "username": "Jason_kjay"
            },
            {
                "name": "The Real Eon Lemon",
                "location": "UK & US",
                "id": "254968680",
                "username": "Eonlemon"
            },
            {
                "name": "David Silkstone",
                "location": "Harrogate, North Yorkshire. UK",
                "id": "74494561",
                "username": "davidsilkstone"
            },
            {
                "name": "Kelly Richardson",
                "location": "Worsley, England",
                "id": "3046055421",
                "username": "kellyrich1909"
            },
            {
                "name": "Matt Pepper",
                "location": "Norwich",
                "id": "243610497",
                "username": "mattpepper1985"
            },
            {
                "name": "lincsbirder2019",
                "location": "south linconshire",
                "id": "1083092736243367936",
                "username": "lincsbirder2019"
            },
            {
                "name": "Nick Jackson",
                "id": "91400345",
                "username": "nickdjackson"
            },
            {
                "name": "martyn",
                "location": "United Kingdom",
                "id": "120457256",
                "username": "mng321"
            },
            {
                "name": "Marc Allera",
                "location": "London, England",
                "id": "769134102796697600",
                "username": "MarcAllera"
            },
            {
                "name": "Smallz_Z",
                "location": "UK",
                "id": "1165966277082529793",
                "username": "KintmLu"
            },
            {
                "name": "Interest Edparty",
                "id": "901576372006604800",
                "username": "Interestedpty"
            },
            {
                "name": "James 🇬🇧 🇺🇦",
                "location": "Here and There",
                "id": "578847558",
                "username": "ItsJamesPowers"
            },
            {
                "name": "Twynyrodyn C School",
                "location": "Merthyr Tydfil, Wales",
                "id": "780468324861894662",
                "username": "Twynyrodyn1"
            },
            {
                "name": "Luke Poynter",
                "id": "50554480",
                "username": "Lukey_Poynter"
            },
            {
                "name": "Paul Swift",
                "location": "Bransgore",
                "id": "69805646",
                "username": "paulswift36"
            },
            {
                "name": "HAYLEY NEWTON",
                "location": "LONDON AND ESSEX ",
                "id": "78574078",
                "username": "HEALERH"
            },
            {
                "name": "rob",
                "id": "309010204",
                "username": "mickmiller27"
            },
            {
                "name": "Stewart McConnell",
                "location": "Glasgow",
                "id": "27238477",
                "username": "xXRandomTaskXx"
            },
            {
                "name": "Austin Pillay 🇿🇦",
                "location": "Pietermaritzburg, South Africa",
                "id": "29154734",
                "username": "Austin4evaLEEDS"
            },
            {
                "name": "Megan Athersmith",
                "location": "London",
                "id": "83811706",
                "username": "megathersmith"
            },
            {
                "name": "mark rushworth",
                "location": "uk",
                "id": "916491",
                "username": "trooperbill"
            },
            {
                "name": "Arielle Free",
                "location": "LONDON/GLASGOW",
                "id": "24918393",
                "username": "ariellefree"
            },
            {
                "name": "hannah",
                "location": "semi by the sea",
                "id": "24038326",
                "username": "hatthewrhys"
            },
            {
                "name": "Harry",
                "location": "Grantham, England",
                "id": "36966219",
                "username": "H_chapman17"
            },
            {
                "name": "Khan",
                "location": "my house, England",
                "id": "248599588",
                "username": "KhanCatOfficial"
            },
            {
                "name": "John Illingworth",
                "location": "Elloughton-cum-Brough",
                "id": "57560430",
                "username": "ersatz1967"
            },
            {
                "name": "HomeViews",
                "id": "970966964658155520",
                "username": "Homeviews_com"
            },
            {
                "name": "janice smith",
                "id": "1066358226",
                "username": "sm1ffs"
            },
            {
                "name": "Josh Sherwin 💙",
                "location": "North yorkshire",
                "id": "559396058",
                "username": "joshsherwin12"
            },
            {
                "name": "Breadgoods",
                "id": "754721953806770180",
                "username": "Breadgoods"
            },
            {
                "name": "⫷Yεhτı⫸🇬🇧🇪🇺🇺🇦",
                "id": "779346441928138753",
                "username": "Yehti97"
            },
            {
                "name": "Nou Campy FTW!",
                "location": "Dundee",
                "id": "20657457",
                "username": "NouCampyFTW"
            },
            {
                "name": "Mark Feva",
                "location": "North East England ",
                "id": "1908884682",
                "username": "fevano1"
            },
            {
                "name": "Sundeep Verdi",
                "location": "UK",
                "id": "52213895",
                "username": "itsundeep"
            },
            {
                "name": "Darren appleby",
                "location": "Oxford, England",
                "id": "1031610013385728000",
                "username": "Darrenappleby13"
            },
            {
                "name": "James Wallace",
                "location": "Horsham, West Sussex, UK",
                "id": "366501169",
                "username": "jamesarwallace"
            },
            {
                "name": "David Williams",
                "location": "London, England",
                "id": "63440888",
                "username": "davidw_books"
            },
            {
                "name": "Christopher Trimby",
                "id": "878335784486555648",
                "username": "cmtrimby"
            },
            {
                "name": "Lauren",
                "location": "England, United Kingdom",
                "id": "180068246",
                "username": "laurenpugh64"
            },
            {
                "name": "Marcin Budzewski",
                "id": "1250165337536049153",
                "username": "MBudzewski"
            },
            {
                "name": "Beth",
                "id": "1504738483960786946",
                "username": "Beth84310727"
            },
            {
                "name": "zoe",
                "location": "Newcastle upon Tyne, UK",
                "id": "29986711",
                "username": "ozewoze"
            }
        ],
        "tweets": [
            {
                "id": "1504824747506511872",
                "referenced_tweets": [
                    {
                        "type": "replied_to",
                        "id": "1504820526597885961"
                    }
                ],
                "created_at": "2022-03-18T14:19:12.000Z",
                "author_id": "7117212",
                "text": "@mattchandler95 Hi Matt, I hope you're well and enjoying Australia. \n\nI'm sorry you're having trouble with roaming, could you please pop over a DM? -Jo"
            },
            {
                "id": "1504824510771511324",
                "referenced_tweets": [
                    {
                        "type": "replied_to",
                        "id": "1502728838983344134"
                    }
                ],
                "created_at": "2022-03-18T14:18:16.000Z",
                "author_id": "30301647",
                "text": "@EE @ItsLewisMorg Lots getting delivered today including mine 😊"
            },
            {
                "id": "1504786335353212928",
                "referenced_tweets": [
                    {
                        "type": "replied_to",
                        "id": "1504772952579006467"
                    }
                ],
                "created_at": "2022-03-18T11:46:34.000Z",
                "author_id": "7117212",
                "text": "@kerryjeanlister Hi Kerry, if you don't currently have a line then the team will know that you need one installed, including a socket, as you won't have anything to take over, so this shouldn't be an issue. -Rach"
            },
            {
                "id": "1502728838983344134",
                "referenced_tweets": [
                    {
                        "type": "replied_to",
                        "id": "1502596079900139521"
                    }
                ],
                "created_at": "2022-03-12T19:30:49.000Z",
                "author_id": "7117212",
                "text": "@ItsLewisMorg Hi Lewis, how are you? \n\nWe will contact you between days 15-30 after receiving the phone to let you know about the delivery of the Smart Tag and Charger. Have you had the phone for over 30 days? -Emma"
            },
            {
                "id": "1501221383099101194",
                "created_at": "2022-03-08T15:40:43.000Z",
                "author_id": "7117212",
                "text": "Pre-order the epic new OPPO Find X5 Pro 5G today and get a free gift pack worth £373 on the UK’s best network. Hurry, offer ends 23rd March. Annual price changes and terms apply."
            },
            {
                "id": "1503827915963871233",
                "referenced_tweets": [
                    {
                        "type": "replied_to",
                        "id": "1498602347622191108"
                    }
                ],
                "created_at": "2022-03-15T20:18:09.000Z",
                "author_id": "1444472982",
                "text": "@EE It's been 3 weeks since I received the phone but heard nothing about the charger and smart tag?"
            },
            {
                "id": "1504823240375640065",
                "referenced_tweets": [
                    {
                        "type": "replied_to",
                        "id": "1504822544502767625"
                    }
                ],
                "created_at": "2022-03-18T14:13:13.000Z",
                "author_id": "7117212",
                "text": "@steverichgeog Thanks Stephen, so I can take a closer look into this for you, could you please pop me over a DM with your EE mobile number? - Peter"
            },
            {
                "id": "1504822731614965767",
                "created_at": "2022-03-18T14:11:12.000Z",
                "author_id": "793440425344430080",
                "text": "10 minute $ape speed giveaway \n\n- retweet &amp; like \n- follow me + @ItsEliOyefeso \n- tag 2 frens \n\nwont be tons but I’ll pick winner in 10 mins , good luck https://t.co/1WDMAhVJkf"
            },
            {
                "id": "1504822052502581248",
                "referenced_tweets": [
                    {
                        "type": "replied_to",
                        "id": "1504819562633736197"
                    }
                ],
                "created_at": "2022-03-18T14:08:30.000Z",
                "author_id": "7117212",
                "text": "@steverichgeog Hey there Stephen, it's fantastic to hear that you've recently gone for a new SIM with us, and I'd love to see if we can help get you an update on what's happening with your delivery. \n\nJust to be sure first of all, was this a brand new contract, or an additional line? - Peter"
            },
            {
                "id": "1504784122035777555",
                "referenced_tweets": [
                    {
                        "type": "replied_to",
                        "id": "1504783094397739009"
                    }
                ],
                "created_at": "2022-03-18T11:37:46.000Z",
                "author_id": "7117212",
                "text": "@SpaceEvie Thanks Evie, you too. And I hope you have a lovely weekend 😊 -Bob"
            },
            {
                "id": "1504811756278923267",
                "referenced_tweets": [
                    {
                        "type": "replied_to",
                        "id": "1504805366814720003"
                    }
                ],
                "created_at": "2022-03-18T13:27:35.000Z",
                "author_id": "7117212",
                "text": "@SamWiseLGBT Hi Sam, hope you're well.\n\nThis is a legitimate number its one of our partner called Step Change, so nothing to worry about. -Dale"
            },
            {
                "id": "1504744323077877762",
                "referenced_tweets": [
                    {
                        "type": "replied_to",
                        "id": "1504741535417618443"
                    }
                ],
                "created_at": "2022-03-18T08:59:38.000Z",
                "author_id": "7117212",
                "text": "@221Sociopath The team are available on 150 from an EE phone or 08000798586 from any other phone until 9pm this evening and 8am to 8pm over the weekend (3/3) -Michael D"
            },
            {
                "id": "1504724382014398490",
                "referenced_tweets": [
                    {
                        "type": "replied_to",
                        "id": "1504560609416855554"
                    }
                ],
                "created_at": "2022-03-18T07:40:23.000Z",
                "author_id": "7117212",
                "text": "@AnfieldRdYNWA Hi. Sorry for your wait, we're a little busier than normal but I’m here to help.\n\nLet me have a look for you. What number has the text come from? -Michael D"
            },
            {
                "id": "1504805767517544453",
                "referenced_tweets": [
                    {
                        "type": "replied_to",
                        "id": "1504800597102497797"
                    }
                ],
                "created_at": "2022-03-18T13:03:47.000Z",
                "author_id": "7117212",
                "text": "@nattrass16 Great. If you log in, then head to the Plans &amp; Add-on section, then Get Add-ons and finally choose BT Sport. the Large Screen access is there 🙂 - David C"
            },
            {
                "id": "1504803238016655383",
                "referenced_tweets": [
                    {
                        "type": "replied_to",
                        "id": "1504793576047267841"
                    }
                ],
                "created_at": "2022-03-18T12:53:44.000Z",
                "author_id": "7117212",
                "text": "@Paula_Griffin65 Also, your postcode has been posted publicly, for security you may want to remove this and send it over via DM. 2/2 - Rachel https://t.co/m14c5xhQi0"
            },
            {
                "id": "1504803300759285763",
                "referenced_tweets": [
                    {
                        "type": "replied_to",
                        "id": "1504794656873324550"
                    }
                ],
                "created_at": "2022-03-18T12:53:59.000Z",
                "author_id": "111343722",
                "text": "@iD_Mobile_UK @OPPOMobileUK @EE Looking forward to it Tom. Is there a way to submit my PAC in advance or not until I have the new SIM?"
            },
            {
                "id": "1504794656873324550",
                "referenced_tweets": [
                    {
                        "type": "replied_to",
                        "id": "1504794058924961792"
                    }
                ],
                "created_at": "2022-03-18T12:19:38.000Z",
                "author_id": "2769521630",
                "text": "@OPPOMobileUK @68Langers @EE Don't forget the excellent choice of network. \n\nHappy to have you onboard, Andrew!\n\n- Tom"
            },
            {
                "id": "1504798476609150982",
                "referenced_tweets": [
                    {
                        "type": "replied_to",
                        "id": "1504792758753673220"
                    }
                ],
                "created_at": "2022-03-18T12:34:49.000Z",
                "author_id": "7117212",
                "text": "@nattrass16 Have you got the My EE app, Michael? - David C"
            },
            {
                "id": "1504443063250440196",
                "created_at": "2022-03-17T13:02:32.000Z",
                "author_id": "7117212",
                "text": "EE x @BEATPORT present PARALLEL 5G. Watch the live stream tonight from 7pm at Millennium Square, Leeds or here!\n\n@Rudimental @ariellefree @itsjuniorsimba &amp; Manami https://t.co/BcEobb44nT"
            },
            {
                "id": "1488246944757698561",
                "created_at": "2022-01-31T20:24:56.000Z",
                "author_id": "7117212",
                "text": "A robotic barber on a remote mountain with Tom Ellis’s beautiful neck on the line. So unbelievable you guys didn’t think we had done this for real…"
            },
            {
                "id": "1504741778791882754",
                "created_at": "2022-03-18T08:49:31.000Z",
                "author_id": "1494213807060799488",
                "text": "🔥Airdrop: #SAU Coin\n\n🔗Join the Airdrop :https://t.co/Sk2H5iMhkV\n\n🎁 Reward: 100,000 $SAU\n🎁 Referral: 10,000 $SAU\n🏆 Winners: 5,000 Lucky\n📅 End: April 30, 2022\n\n🌐 Website: https://t.co/0om74jGIvl\n\n#Airdrop #airdrop365 #SAU https://t.co/ImCtQclSMB"
            },
            {
                "id": "1504795914048843781",
                "referenced_tweets": [
                    {
                        "type": "replied_to",
                        "id": "1504793192717336576"
                    }
                ],
                "created_at": "2022-03-18T12:24:38.000Z",
                "author_id": "7117212",
                "text": "@joshua_tasker Could I please check, do you already have an Apple Watch or is this the first one you've had? -Jo"
            },
            {
                "id": "1504794058924961792",
                "referenced_tweets": [
                    {
                        "type": "replied_to",
                        "id": "1504528453525192706"
                    }
                ],
                "created_at": "2022-03-18T12:17:16.000Z",
                "author_id": "1052958783532601345",
                "text": "@68Langers @iD_Mobile_UK @EE Excellent choice of device and colour Andrew, only 6 more days until release date! 🤩🥳"
            },
            {
                "id": "1504528453525192706",
                "referenced_tweets": [
                    {
                        "type": "replied_to",
                        "id": "1502131050931433473"
                    }
                ],
                "created_at": "2022-03-17T18:41:50.000Z",
                "author_id": "111343722",
                "text": "@OPPOMobileUK Pre-ordered the Pro in white with @iD_Mobile_UK and can't wait. Was with @EE for 25 years (when it was Mercury) but they are no longer keen to keep loyal customers and wouldn't budge on their high price. Instead the guy just slagged off other networks. Bye EE. Your loss, my gain"
            },
            {
                "id": "1504783210303139855",
                "referenced_tweets": [
                    {
                        "type": "replied_to",
                        "id": "1504782584215216129"
                    }
                ],
                "created_at": "2022-03-18T11:34:09.000Z",
                "author_id": "769134102796697600",
                "text": "We’ve also partnered with Samsung to help customers with hearing impairments get the most out of @EE and the new Samsung S22 range, too.\n\nWhen our in-store QR code is scanned it links to videos about the new Samsung series with sign language interpreter Simon and closed captions. https://t.co/VOC0WxHLeJ"
            },
            {
                "id": "1504792025413132291",
                "referenced_tweets": [
                    {
                        "type": "replied_to",
                        "id": "1504789787827449872"
                    }
                ],
                "created_at": "2022-03-18T12:09:11.000Z",
                "author_id": "7117212",
                "text": "@Paula_Griffin65 Okay. Looking at the coverage it is on a 5G coverage border so it may not work with the 5G. What phone do you use? -Kelsey"
            },
            {
                "id": "1504791112396984323",
                "referenced_tweets": [
                    {
                        "type": "replied_to",
                        "id": "1504787075916251138"
                    }
                ],
                "created_at": "2022-03-18T12:05:33.000Z",
                "author_id": "7117212",
                "text": "@joshua_tasker Hi Josh, could you please pop over a DM? -Jo"
            },
            {
                "id": "1504791646562623500",
                "referenced_tweets": [
                    {
                        "type": "replied_to",
                        "id": "1504790977571139585"
                    }
                ],
                "created_at": "2022-03-18T12:07:40.000Z",
                "author_id": "7117212",
                "text": "@nattrass16 Hi, Michael. How are you?\n\nThe BT Sport Smart Benefit will only work on devices that have an EE SIM card in them. If you would like to use it on a laptop or TV, then you will need to purchase the Large Screen add-on 🙂 - David C"
            },
            {
                "id": "1504788019638906929",
                "referenced_tweets": [
                    {
                        "type": "replied_to",
                        "id": "1504787178576134145"
                    }
                ],
                "created_at": "2022-03-18T11:53:16.000Z",
                "author_id": "7117212",
                "text": "@Paula_Griffin65 Thank you. I have just had a look here https://t.co/DchQ2auYTB and you should be getting excellent coverage. Can you pop me a DM with a bit more detail about what's happening, please? -Kelsey https://t.co/m14c5xhQi0"
            },
            {
                "id": "1504786625011884033",
                "referenced_tweets": [
                    {
                        "type": "replied_to",
                        "id": "1504783215671791617"
                    }
                ],
                "created_at": "2022-03-18T11:47:43.000Z",
                "author_id": "7117212",
                "text": "@Paula_Griffin65 Hiya Paula :) How are you? I can certainly have a look at this for you as I know being connected is very important. Are you able to pop me a DM with the postcode, please? -Kelsey https://t.co/m14c5xhQi0"
            },
            {
                "id": "1504786746923495438",
                "referenced_tweets": [
                    {
                        "type": "replied_to",
                        "id": "1504784494896820227"
                    }
                ],
                "created_at": "2022-03-18T11:48:12.000Z",
                "author_id": "7117212",
                "text": "@joshua_tasker Hi Josh, I hope you're well and having a nice day. \n\nIt's great to hear you've got a new watch, could I please check, is your old watch still paired to your phone? -Jo"
            },
            {
                "id": "1504769135695347714",
                "referenced_tweets": [
                    {
                        "type": "replied_to",
                        "id": "1504744163165757441"
                    }
                ],
                "created_at": "2022-03-18T10:38:13.000Z",
                "author_id": "7117212",
                "text": "@mng321 Hi Martin 👋 I'm really sorry to hear you're having trouble paying your bill, I'd love to see if there's anything that we can do for you to help out. Can you send me over a private message so I can take some detail please? -Chris S https://t.co/m14c5xhQi0"
            },
            {
                "id": "1504782584215216129",
                "referenced_tweets": [
                    {
                        "type": "replied_to",
                        "id": "1504782580540968960"
                    }
                ],
                "created_at": "2022-03-18T11:31:40.000Z",
                "author_id": "769134102796697600",
                "text": "We're on a mission to treat our customers how they would want to be treated.\n\nUsually, first thing we might do is grab pen and paper. That's okay. But there's more we can do to make people with hearing impairments more feel safer, more comfortable, and their experience better."
            },
            {
                "id": "1504782919688204317",
                "referenced_tweets": [
                    {
                        "type": "replied_to",
                        "id": "1504781947117187087"
                    }
                ],
                "created_at": "2022-03-18T11:33:00.000Z",
                "author_id": "7117212",
                "text": "@SpaceEvie Morning Evie! We're all good here, how are you? -Bob"
            },
            {
                "id": "1504714218402193409",
                "created_at": "2022-03-18T07:00:00.000Z",
                "author_id": "7117212",
                "text": "Good morning and happy Friday! Let us know if you need any help today. We’re here until 11pm."
            },
            {
                "id": "1504779665780752386",
                "referenced_tweets": [
                    {
                        "type": "replied_to",
                        "id": "1504779087080009754"
                    }
                ],
                "created_at": "2022-03-18T11:20:04.000Z",
                "author_id": "7117212",
                "text": "@KintmLu Aww I hope your puppy is better soon. I'm good thank you :) Oh no, that is such a shame. Could the upgrades team not look at matching the deal for you? -Kelsey"
            },
            {
                "id": "1504779830633672706",
                "referenced_tweets": [
                    {
                        "type": "replied_to",
                        "id": "1504714218402193409"
                    }
                ],
                "created_at": "2022-03-18T11:20:43.000Z",
                "author_id": "901576372006604800",
                "text": "@EE Hi, just received my iPhone 13 pro max with seal on the box broken. There was no protective bubble wrap at all. Called 150 and got fobbed off. What is supposed to happen? Not happy"
            },
            {
                "id": "1504779087080009754",
                "referenced_tweets": [
                    {
                        "type": "replied_to",
                        "id": "1504732658479378432"
                    }
                ],
                "created_at": "2022-03-18T11:17:46.000Z",
                "author_id": "1165966277082529793",
                "text": "@EE Thanks for responding,appreciated,Im ok,I have a poorly pup so not much sleep but getting there,hows urself?I ended up looking about &amp; found a deal with 3,unlimited Everything on Samsung Z3 Flip,24mnth with insurance but less than EE,so ive moved.(20+yr with EE)Have a lovely day."
            },
            {
                "id": "1504778878853787649",
                "referenced_tweets": [
                    {
                        "type": "replied_to",
                        "id": "1504776578441654272"
                    }
                ],
                "created_at": "2022-03-18T11:16:56.000Z",
                "author_id": "7117212",
                "text": "@ItsJamesPowers Hey James, \n\nI'm really sorry that you've been left feeling so disappointed by the service when you've been upgrading, I can absolutely appreciate that any unexpected charges are always an unwelcome surprise! I'd like to have a look into this, could you DM me? - Jess https://t.co/m14c5xhQi0"
            },
            {
                "id": "1504732658479378432",
                "referenced_tweets": [
                    {
                        "type": "replied_to",
                        "id": "1504592513545420807"
                    }
                ],
                "created_at": "2022-03-18T08:13:17.000Z",
                "author_id": "7117212",
                "text": "@KintmLu Hiya :) How are you? Great to see you're looking at upgrading. I love getting a new phone. What one are you looking to get?\nI can have a little look at it. Can you pop me a DM with a screen shot of what you're seeing, please? -Kelsey https://t.co/m14c5xhQi0"
            },
            {
                "id": "1504776918079578114",
                "referenced_tweets": [
                    {
                        "type": "replied_to",
                        "id": "1504774888787259394"
                    }
                ],
                "created_at": "2022-03-18T11:09:09.000Z",
                "author_id": "69805646",
                "text": "@EE I'll leave it now, the discount was above a number of phones as an upgrade option, not a new line. I don't expect to need proof and didn't imagine it. Why do I have 4 EE lines, I ask myself!"
            },
            {
                "id": "1504774888787259394",
                "referenced_tweets": [
                    {
                        "type": "replied_to",
                        "id": "1504774103840051202"
                    }
                ],
                "created_at": "2022-03-18T11:01:05.000Z",
                "author_id": "7117212",
                "text": "@paulswift36 Menu &gt; Upgrade &gt; Contact us (bottom left) &gt; Message us, or give our upgrades team a call on 150 from your EE phone or 08000798586 from any other phone. (2/2) -Michael D"
            },
            {
                "id": "1504774003537240067",
                "referenced_tweets": [
                    {
                        "type": "replied_to",
                        "id": "1504773202572197889"
                    }
                ],
                "created_at": "2022-03-18T10:57:34.000Z",
                "author_id": "7117212",
                "text": "@xXRandomTaskXx Hi, Stewart. I hope you are well today. I am sorry, the two are not able to be used together. - Sarahjane"
            },
            {
                "id": "1504773609088237571",
                "referenced_tweets": [
                    {
                        "type": "replied_to",
                        "id": "1504771324488654848"
                    }
                ],
                "created_at": "2022-03-18T10:56:00.000Z",
                "author_id": "7117212",
                "text": "@paulswift36 Did you get a screenshot of the discount at all? The only one that would usually be applied online would be if you were adding an additional line, where the new phone would get a 10% discount. -Michael D"
            },
            {
                "id": "1504768057704697857",
                "created_at": "2022-03-18T10:33:56.000Z",
                "author_id": "36966219",
                "text": "Finally arrived @EE https://t.co/9UAwSYncJg"
            },
            {
                "id": "1504771324488654848",
                "referenced_tweets": [
                    {
                        "type": "replied_to",
                        "id": "1504770790818000908"
                    }
                ],
                "created_at": "2022-03-18T10:46:55.000Z",
                "author_id": "69805646",
                "text": "@EE Online, it was just available"
            },
            {
                "id": "1504770790818000908",
                "referenced_tweets": [
                    {
                        "type": "replied_to",
                        "id": "1504770071671025681"
                    }
                ],
                "created_at": "2022-03-18T10:44:48.000Z",
                "author_id": "7117212",
                "text": "@paulswift36 Hi Paul. It is great to hear you are looking to upgrade. \n\nI'm not able to see your upgrade offers here, but any offers are always subject to change. Did you speak to someone over the phone initially or was it online? -Michael D"
            },
            {
                "id": "1504762352855625744",
                "referenced_tweets": [
                    {
                        "type": "replied_to",
                        "id": "1504443063250440196"
                    }
                ],
                "created_at": "2022-03-18T10:11:16.000Z",
                "author_id": "559396058",
                "text": "@EE @beatport @Rudimental @ariellefree @itsjuniorsimba Class set @ariellefree"
            },
            {
                "id": "1504732021213564928",
                "referenced_tweets": [
                    {
                        "type": "replied_to",
                        "id": "1504583842652426241"
                    }
                ],
                "created_at": "2022-03-18T08:10:45.000Z",
                "author_id": "7117212",
                "text": "@KhanCatOfficial Hiya Khan :) How are you? I always want you to be getting the best connection as I know it's important. I can certainly take a look at this and find out what's going on. Can you pop me a DM with your postcode and mobile number, please? -Kelsey https://t.co/m14c5xhQi0"
            },
            {
                "id": "1504764575920578562",
                "referenced_tweets": [
                    {
                        "type": "replied_to",
                        "id": "1504744338684850176"
                    }
                ],
                "created_at": "2022-03-18T10:20:06.000Z",
                "author_id": "7117212",
                "text": "@ersatz1967 It is more in relation to communicating with the networks whilst abroad which is why it can take a little time. It is not always that this happens however. Is there anything I can check out for you? - Casey"
            },
            {
                "id": "1504738452742582274",
                "created_at": "2022-03-18T08:36:18.000Z",
                "author_id": "20657457",
                "text": "@O2 @TMobileHelp @VodafoneUK @ThreeUK if I purchase a mobile phone today will the price go up next. Month due to. Rpi?"
            },
            {
                "id": "1504751440811732998",
                "referenced_tweets": [
                    {
                        "type": "replied_to",
                        "id": "1504750828908949504"
                    }
                ],
                "created_at": "2022-03-18T09:27:55.000Z",
                "author_id": "7117212",
                "text": "@jamesarwallace Hey James. Thanks for taking the time to share this fantastic feedback with us.\n\nDid you manage to catch their names at all? -Michael D"
            }
        ]
    },
    "errors": [
        {
            "value": "1504806764847538183",
            "detail": "Could not find tweet with referenced_tweets.id: [1504806764847538183].",
            "title": "Not Found Error",
            "resource_type": "tweet",
            "parameter": "referenced_tweets.id",
            "resource_id": "1504806764847538183",
            "type": "https://api.twitter.com/2/problems/resource-not-found"
        }
    ],
    "meta": {
        "oldest_id": "1504749805209374724",
        "newest_id": "1504826934592634881",
        "previous_token": "77qpymm88g5h9vqklurc07jp8x7wzzvmml9jbg1hubsq9",
        "result_count": 100,
        "next_token": "7140dibdnow9c7btw420js11sjl9i8qxpj0ljmbqqpa9g"
    }
}