{
    "data": [
        {
            "id": "1504860601155260441",
            "referenced_tweets": [
                {
                    "type": "replied_to",
                    "id": "1504860187856887814"
                }
            ],
            "created_at": "2022-03-18T16:41:40.000Z",
            "author_id": "15223684",
            "text": "@EE Same number. I was an EE PAYG customer 2008-2011, then ported my number to O2, and ported it back a few weeks ago."
        },
        {
            "id": "1504860395693039618",
            "created_at": "2022-03-18T16:40:51.000Z",
            "author_id": "1345087938",
            "text": "@EE hi, I bought the data add on for £8.35 per month?? Why am I now being charged £20 on my bill???? https://t.co/v2W41uxl8r"
        },
        {
            "id": "1504860224913555456",
            "referenced_tweets": [
                {
                    "type": "replied_to",
                    "id": "1504860051718250496"
                }
            ],
            "created_at": "2022-03-18T16:40:11.000Z",
            "author_id": "15223684",
            "text": "@EE Ok thanks."
        },
        {
            "id": "1504857865357561862",
            "created_at": "2022-03-18T16:30:48.000Z",
            "author_id": "49000397",
            "text": "Hi @EE . Can I someone to call me please as one of my devices is in Ireland not working.  Thanks."
        },
        {
            "id": "1504857596909522965",
            "created_at": "2022-03-18T16:29:44.000Z",
            "author_id": "139642367",
            "text": "@EE Amazed that after at least 2 weeks your app / website still won’t allow log-on https://t.co/Q062PXPJbV"
        },
        {
            "id": "1504856945458663425",
            "referenced_tweets": [
                {
                    "type": "replied_to",
                    "id": "1504851420058685452"
                }
            ],
            "created_at": "2022-03-18T16:27:09.000Z",
            "author_id": "1492106166595428353",
            "text": "@EE Thank you very much! Have a good weekend!"
        },
        {
            "id": "1504856321623040003",
            "referenced_tweets": [
                {
                    "type": "replied_to",
                    "id": "1504830156258648076"
                }
            ],
            "created_at": "2022-03-18T16:24:40.000Z",
            "author_id": "15223684",
            "text": "@EE It's all the spam HMRC calls. All from 07531 prefix numbers,  so I answer it thinking it's someone's mobile."
        },
        {
            "id": "1504856024993439745",
            "created_at": "2022-03-18T16:23:29.000Z",
            "author_id": "92400689",
            "text": "Is the @EE network down in East Hampshire?"
        },
        {
            "id": "1504854967290580993",
            "created_at": "2022-03-18T16:19:17.000Z",
            "author_id": "78790123",
            "text": "@EE My prepaid SIM is having an auth error when trying to connect to the EE WiFi-Auto SSID in the underground. Have to activate in the store before use?"
        },
        {
            "id": "1504853652745424902",
            "referenced_tweets": [
                {
                    "type": "replied_to",
                    "id": "1504844742231744513"
                }
            ],
            "created_at": "2022-03-18T16:14:04.000Z",
            "author_id": "248681330",
            "text": "@Insy812 @EE @Etsy Must ask others how they find service locally"
        },
        {
            "id": "1504850175411593221",
            "referenced_tweets": [
                {
                    "type": "replied_to",
                    "id": "1504785132145815573"
                }
            ],
            "created_at": "2022-03-18T16:00:15.000Z",
            "author_id": "1016744626747772931",
            "text": "@EE That’s a laugh, cause most customers are still waiting for there s22 😂😂 me included 😬"
        },
        {
            "id": "1504848326302306311",
            "referenced_tweets": [
                {
                    "type": "replied_to",
                    "id": "1504831868981714946"
                }
            ],
            "created_at": "2022-03-18T15:52:54.000Z",
            "author_id": "1016744626747772931",
            "text": "@EE Yeah I know it’s just annoying having these texts and even more seeing people and hearing that there’s have now been delivered"
        },
        {
            "id": "1504847563526131713",
            "referenced_tweets": [
                {
                    "type": "quoted",
                    "id": "1504064691747835905"
                }
            ],
            "created_at": "2022-03-18T15:49:52.000Z",
            "author_id": "1296359634",
            "text": "#LongLiveYourTech \n@EE 's Great Grandfather https://t.co/IzbMDp3WPP https://t.co/nEI0wAB351"
        },
        {
            "id": "1504846908115795973",
            "referenced_tweets": [
                {
                    "type": "replied_to",
                    "id": "1504846607749103641"
                }
            ],
            "created_at": "2022-03-18T15:47:16.000Z",
            "author_id": "1492106166595428353",
            "text": "@EE Yeah all good now thank you, went into the Southend branch to ask the question. Apparently my antenna broke, but luckily was due an upgrade anyway so they gave me a new phone which is only £3 more per month from a iPhone 11 to 13. Thank you, appreciate it!!"
        },
        {
            "id": "1504846723901964316",
            "created_at": "2022-03-18T15:46:32.000Z",
            "author_id": "957270390153383938",
            "text": "@EE dreadful service. Made be pay £10 and still can't send WhatsApp or messenger"
        },
        {
            "id": "1504845324183027729",
            "referenced_tweets": [
                {
                    "type": "replied_to",
                    "id": "1504843568518733829"
                }
            ],
            "created_at": "2022-03-18T15:40:58.000Z",
            "author_id": "793840820",
            "text": "@EE 🤦‍♂️"
        },
        {
            "id": "1504845003608178695",
            "referenced_tweets": [
                {
                    "type": "replied_to",
                    "id": "1504835572464078858"
                }
            ],
            "created_at": "2022-03-18T15:39:42.000Z",
            "author_id": "581732608",
            "text": "@EE No thank you. Don't trust the process no more. Already gone through the complaints section and now I have to go to The Ombudsmen Service."
        },
        {
            "id": "1504843589028823049",
            "created_at": "2022-03-18T15:34:04.000Z",
            "author_id": "2985894351",
            "text": "Fuck @EE by being allowed to put your contract up £11 a month not long after you sign it. Absolute piss take, don’t care if you landed a plane from some whoppers living room on your Wi-Fi 😡"
        },
        {
            "id": "1504843188086915121",
            "created_at": "2022-03-18T15:32:29.000Z",
            "author_id": "1214933654557863938",
            "text": "Well I won't be bothering with getting anything else from @EE.\n\nWalk out of a shop with a new phone and figured I'd give a watch a go... wish I hadn't bothered... more hassle than it's worth... who wants to pay to put this much work in for it. Shit process. Shit service. Cba man."
        },
        {
            "id": "1504842139850653730",
            "referenced_tweets": [
                {
                    "type": "replied_to",
                    "id": "1504427390738608131"
                }
            ],
            "created_at": "2022-03-18T15:28:19.000Z",
            "author_id": "715604335149846528",
            "text": "@EE Won’t be the last one either"
        },
        {
            "id": "1504841714594365448",
            "referenced_tweets": [
                {
                    "type": "replied_to",
                    "id": "1504835296961216512"
                }
            ],
            "created_at": "2022-03-18T15:26:38.000Z",
            "author_id": "793840820",
            "text": "@EE I can see the update it's still not here or dispatched I doubt you can tell me any different than yesterday."
        },
        {
            "id": "1504840431267459072",
            "created_at": "2022-03-18T15:21:32.000Z",
            "author_id": "3123480994",
            "text": "@EE Good afternoon, I hope you're well? I was just wondering if it is possible to do a trade-in deal and use my student discount on the same package as well? I am looking at the new S22+ and have a S20 to trade in but wanted to check before placing an order"
        },
        {
            "id": "1504839195285766148",
            "referenced_tweets": [
                {
                    "type": "replied_to",
                    "id": "1504788445440491520"
                }
            ],
            "created_at": "2022-03-18T15:16:37.000Z",
            "author_id": "1446098291641528326",
            "text": "@DrHoenderkamp @BorisJohnson @RishiSunak @EE have increased my phone bill by nearly 10% as well. Seriously considering emigrating"
        },
        {
            "id": "1504837502460379148",
            "created_at": "2022-03-18T15:09:53.000Z",
            "author_id": "248681330",
            "text": "My @EE broadband is so useless I have to use 4g to do my @Etsy listings"
        },
        {
            "id": "1504837465969934344",
            "created_at": "2022-03-18T15:09:45.000Z",
            "author_id": "1504836021703303168",
            "text": "Total nightmare with EE. Tried to upgrade and have had nothing but one f**k up after another and when I have contacted them to sort it I got absolutely no help what so ever. Think it might be time to go with another network which is a shame after being with EE for years @EE"
        },
        {
            "id": "1504836989207592979",
            "created_at": "2022-03-18T15:07:51.000Z",
            "author_id": "14281753",
            "text": "@EE Hi. My SIM only is now out of contract and I wish to close the account. How do I do this? Thanks"
        },
        {
            "id": "1504836666598457344",
            "created_at": "2022-03-18T15:06:34.000Z",
            "author_id": "1319047826",
            "text": "Definitely not upgrading with @EE with their prices 👀👀"
        },
        {
            "id": "1504834134102917132",
            "referenced_tweets": [
                {
                    "type": "replied_to",
                    "id": "1504833007139573764"
                }
            ],
            "created_at": "2022-03-18T14:56:30.000Z",
            "author_id": "351797545",
            "text": "@EE Thanks Rachel, will sort it out after work once we get the text.\nAppreciate you getting back to be. Lynn"
        },
        {
            "id": "1504834070764736520",
            "referenced_tweets": [
                {
                    "type": "replied_to",
                    "id": "1503050312545972228"
                }
            ],
            "created_at": "2022-03-18T14:56:15.000Z",
            "author_id": "16670330",
            "text": "@EE Hello, just spoke to two excellent humans. Worth navigating the hideous automated answer service to get to them, please make it easier 🙏"
        },
        {
            "id": "1504833388871565313",
            "created_at": "2022-03-18T14:53:33.000Z",
            "author_id": "1337161830926577676",
            "text": "@EE Why the hell my wifi so slow? Literally trying to download a Unity package, and it's downloading at 1,5 KB/s -.- I am literally using the 5GhZ -.-"
        },
        {
            "id": "1504832825035472907",
            "referenced_tweets": [
                {
                    "type": "replied_to",
                    "id": "1504832639747899418"
                }
            ],
            "created_at": "2022-03-18T14:51:18.000Z",
            "author_id": "199004644",
            "text": "@EE Ok will do thanks."
        },
        {
            "id": "1504832810431004675",
            "referenced_tweets": [
                {
                    "type": "replied_to",
                    "id": "1504714218402193409"
                }
            ],
            "created_at": "2022-03-18T14:51:15.000Z",
            "author_id": "793840820",
            "text": "@EE Another day another no S22 ultra at my door."
        },
        {
            "id": "1504831960228769796",
            "created_at": "2022-03-18T14:47:52.000Z",
            "author_id": "199004644",
            "text": "@EE Hi just a quick question I have an old iPhone 10 that I got through you and have since got the iPhone 12. If I wanted to unblock the old iPhone to be able to use on other networks is that something you can do?"
        },
        {
            "id": "1504830125057081344",
            "created_at": "2022-03-18T14:40:34.000Z",
            "author_id": "1016744626747772931",
            "text": "@EE you have texted me 4 times now! Telling me to pair my Samsung watch, problem there is, I haven’t received my s22 yet as I’m still waiting! So any chance you could just get it delivered or just stop rubbing it in that I can’t use my watch yet 😤"
        },
        {
            "id": "1504829218961637408",
            "created_at": "2022-03-18T14:36:58.000Z",
            "author_id": "15223684",
            "text": "@EE I switched my phone back to EE 3 weeks ago. Now I'm getting nonstop spam calls from other EE numbers. Can you do anything about this?"
        },
        {
            "id": "1504829151429251072",
            "created_at": "2022-03-18T14:36:42.000Z",
            "author_id": "1471195798209712135",
            "text": "@EE how wonderful EE is, taken money from my account, no phone arrived, called just sent around in circles, not being able to talk to anyone. There is another account due for renewal the way you have treated us, lied to us, there is fat chance of that rather use more code."
        },
        {
            "id": "1504827600161619979",
            "created_at": "2022-03-18T14:30:32.000Z",
            "author_id": "88288435",
            "text": "@EE hello! What is the current wait time for the S22. I ordered Wednesday 16th and I have until 31st March to send off my old phone for trade in. Is it going to be cutting it fine to meet that deadline?"
        },
        {
            "id": "1504827528623628292",
            "created_at": "2022-03-18T14:30:15.000Z",
            "author_id": "382638889",
            "text": "@EE @EEHelpdesk I do not understand why one of your managers won't tell me the address they've sent a parcel to. I'm absolutely fuming about this and all my concerns are feeling ignored. It's all feeling so incredibly unprofessional and suspicious https://t.co/fozaSNwV0k"
        },
        {
            "id": "1504826934592634881",
            "referenced_tweets": [
                {
                    "type": "replied_to",
                    "id": "1504824747506511872"
                }
            ],
            "created_at": "2022-03-18T14:27:54.000Z",
            "author_id": "85365820",
            "text": "@EE Done"
        },
        {
            "id": "1504826254352125957",
            "referenced_tweets": [
                {
                    "type": "replied_to",
                    "id": "1504824510771511324"
                }
            ],
            "created_at": "2022-03-18T14:25:12.000Z",
            "author_id": "1332597356",
            "text": "@pipebrush @EE I haven't heard nothing off them at all. Did you get a message or anything before hand?"
        },
        {
            "id": "1504826245640503313",
            "created_at": "2022-03-18T14:25:09.000Z",
            "author_id": "589238182",
            "text": "@ee I am mad as hell at you. I have been a customer since when you where Orange. You let me down. I spent £624 on a watch and between you and DPD you can’t even get it delivered. Think I’ll give O2 a call."
        },
        {
            "id": "1504824588617850884",
            "referenced_tweets": [
                {
                    "type": "replied_to",
                    "id": "1504786335353212928"
                }
            ],
            "created_at": "2022-03-18T14:18:34.000Z",
            "author_id": "18798177",
            "text": "@EE We do have a line, nobody can find where it ends up after it disappears into the wall by my front door"
        },
        {
            "id": "1504824510771511324",
            "referenced_tweets": [
                {
                    "type": "replied_to",
                    "id": "1502728838983344134"
                }
            ],
            "created_at": "2022-03-18T14:18:16.000Z",
            "author_id": "30301647",
            "text": "@EE @ItsLewisMorg Lots getting delivered today including mine 😊"
        },
        {
            "id": "1504824490534051842",
            "referenced_tweets": [
                {
                    "type": "replied_to",
                    "id": "1501221383099101194"
                }
            ],
            "created_at": "2022-03-18T14:18:11.000Z",
            "author_id": "49801271",
            "text": "@EE Tried to order this as an upgrade this morning but your atrocious website failed. Also taking the piss by charging me (a 5yr+ customer) more for my loyalty. Shambles"
        },
        {
            "id": "1504824431390212102",
            "created_at": "2022-03-18T14:17:57.000Z",
            "author_id": "21338619",
            "text": "@EE I’ve been getting this for months. I even called to report the issue. Still happening. https://t.co/oaIxFd6vxd"
        },
        {
            "id": "1504824381364707331",
            "referenced_tweets": [
                {
                    "type": "replied_to",
                    "id": "1503827915963871233"
                }
            ],
            "created_at": "2022-03-18T14:17:45.000Z",
            "author_id": "30301647",
            "text": "@L_J_Gren @EE Yep lots of people getting them delivered today including myself 😀"
        },
        {
            "id": "1504823939721314309",
            "referenced_tweets": [
                {
                    "type": "replied_to",
                    "id": "1504823240375640065"
                }
            ],
            "created_at": "2022-03-18T14:16:00.000Z",
            "author_id": "53629586",
            "text": "@EE Done!"
        },
        {
            "id": "1504823193302757376",
            "referenced_tweets": [
                {
                    "type": "replied_to",
                    "id": "1504822731614965767"
                }
            ],
            "created_at": "2022-03-18T14:13:02.000Z",
            "author_id": "1488377001769508865",
            "text": "@BounceNewsNg @ItsEliOyefeso @CryptobuddyInfo @EE"
        },
        {
            "id": "1504822544502767625",
            "referenced_tweets": [
                {
                    "type": "replied_to",
                    "id": "1504822052502581248"
                }
            ],
            "created_at": "2022-03-18T14:10:27.000Z",
            "author_id": "53629586",
            "text": "@EE Hi Peter. It's an additional line"
        },
        {
            "id": "1504820526597885961",
            "created_at": "2022-03-18T14:02:26.000Z",
            "author_id": "85365820",
            "text": "@EE I have travel data pass and roam further; and i am in Australia, but I can only get SOS on my service? The same happened in America a couple of months ago?"
        },
        {
            "id": "1504819562633736197",
            "created_at": "2022-03-18T13:58:36.000Z",
            "author_id": "53629586",
            "text": "@EE, afternoon! I ordered a sim only deal on Monday via phone. Was told it would be in post next day but alas, it hasn't arrived. Any help and information would be appreciated"
        },
        {
            "id": "1504818821856702472",
            "referenced_tweets": [
                {
                    "type": "replied_to",
                    "id": "1504784122035777555"
                }
            ],
            "created_at": "2022-03-18T13:55:39.000Z",
            "author_id": "1337862046088638464",
            "text": "@EE You too ! :)"
        },
        {
            "id": "1504816428364537893",
            "created_at": "2022-03-18T13:46:09.000Z",
            "author_id": "351797545",
            "text": "@EE Hi, we're switching from standard to fibre broadband with activation date of 22 March. Order email states to set equipment up when received however box states to only set up once received confirmation text/email. Which is correct? Thanks"
        },
        {
            "id": "1504814638151704615",
            "created_at": "2022-03-18T13:39:02.000Z",
            "author_id": "966978129263841280",
            "text": "@EE and @bt_uk unveil new sports &amp; performing arts experiences ➡️ https://t.co/yEiLoNie1Y https://t.co/L3nBzo43JR"
        },
        {
            "id": "1504814282948681757",
            "referenced_tweets": [
                {
                    "type": "replied_to",
                    "id": "1504811756278923267"
                }
            ],
            "created_at": "2022-03-18T13:37:37.000Z",
            "author_id": "28801431",
            "text": "@EE Thanks! 😎"
        },
        {
            "id": "1504813915062128644",
            "referenced_tweets": [
                {
                    "type": "replied_to",
                    "id": "1504744323077877762"
                }
            ],
            "created_at": "2022-03-18T13:36:10.000Z",
            "author_id": "3367359833",
            "text": "@EE Wife got home to find all is well. Thanks for your assistance today."
        },
        {
            "id": "1504812399114784770",
            "referenced_tweets": [
                {
                    "type": "replied_to",
                    "id": "1504806764847538183"
                }
            ],
            "created_at": "2022-03-18T13:30:08.000Z",
            "author_id": "321368549",
            "text": "@Leon_Lowen @EE Kevin Bacon doesn't come cheap"
        },
        {
            "id": "1504807023988416515",
            "referenced_tweets": [
                {
                    "type": "replied_to",
                    "id": "1504724382014398490"
                }
            ],
            "created_at": "2022-03-18T13:08:47.000Z",
            "author_id": "557958204",
            "text": "@EE Hi there is no number from the text.  It just says Grosvenor"
        },
        {
            "id": "1504806270649384966",
            "referenced_tweets": [
                {
                    "type": "replied_to",
                    "id": "1504805767517544453"
                }
            ],
            "created_at": "2022-03-18T13:05:47.000Z",
            "author_id": "105171470",
            "text": "@EE Except it isn’t, I have BT sport ultimate as my smart benefit and it doesn’t appear in my add on options"
        },
        {
            "id": "1504805366814720003",
            "created_at": "2022-03-18T13:02:12.000Z",
            "author_id": "28801431",
            "text": "Hi @EE I got a call from this number claiming to be you - 01462 341325 saying they had information on offers available to me. Is it legitimate? Thanks."
        },
        {
            "id": "1504804355379286017",
            "referenced_tweets": [
                {
                    "type": "replied_to",
                    "id": "1504803238016655383"
                }
            ],
            "created_at": "2022-03-18T12:58:10.000Z",
            "author_id": "303249347",
            "text": "@EE The postcode is the postcode for Greenwich Park, it’s an enormous Royal park covering 183 acres which I am unlikely to be living in unless my personal circumstances take a massive downhill dive."
        },
        {
            "id": "1504804101753909250",
            "referenced_tweets": [
                {
                    "type": "replied_to",
                    "id": "1504803300759285763"
                }
            ],
            "created_at": "2022-03-18T12:57:10.000Z",
            "author_id": "2769521630",
            "text": "@68Langers @OPPOMobileUK @EE Hey Andrew. I would wait until you receive the new SIM card first so that you're not dealing without your mobile number! -Lauren"
        },
        {
            "id": "1504803300759285763",
            "referenced_tweets": [
                {
                    "type": "replied_to",
                    "id": "1504794656873324550"
                }
            ],
            "created_at": "2022-03-18T12:53:59.000Z",
            "author_id": "111343722",
            "text": "@iD_Mobile_UK @OPPOMobileUK @EE Looking forward to it Tom. Is there a way to submit my PAC in advance or not until I have the new SIM?"
        },
        {
            "id": "1504802930263834626",
            "created_at": "2022-03-18T12:52:31.000Z",
            "author_id": "201429867",
            "text": "@EE put up a temporary mast so we see no loss of service then https://t.co/9fKNBnWJL5"
        },
        {
            "id": "1504800597102497797",
            "referenced_tweets": [
                {
                    "type": "replied_to",
                    "id": "1504798476609150982"
                }
            ],
            "created_at": "2022-03-18T12:43:14.000Z",
            "author_id": "105171470",
            "text": "@EE Yes I do"
        },
        {
            "id": "1504800470140964865",
            "referenced_tweets": [
                {
                    "type": "replied_to",
                    "id": "1504443063250440196"
                }
            ],
            "created_at": "2022-03-18T12:42:44.000Z",
            "author_id": "1309886484808454144",
            "text": "@EE @beatport @Rudimental @ariellefree @itsjuniorsimba Anyone having issues with the network??? I hope you aren't trying to land a plane. I'm having no service!?"
        },
        {
            "id": "1504796943888879623",
            "referenced_tweets": [
                {
                    "type": "replied_to",
                    "id": "1488246944757698561"
                }
            ],
            "created_at": "2022-03-18T12:28:43.000Z",
            "author_id": "1470731757112770565",
            "text": "@EE How about remotely feeding some CHILDREN you freaks\n\nWho gives a shit if you can shave someone on a mountain\n\nYou media graduates get more &amp; more detached from meaningful reality - you self-obsessed narcissistic twats"
        },
        {
            "id": "1504796146082136065",
            "referenced_tweets": [
                {
                    "type": "quoted",
                    "id": "1504741778791882754"
                }
            ],
            "created_at": "2022-03-18T12:25:33.000Z",
            "author_id": "1504794735751630853",
            "text": "Great project @KKRiders @EE @asvpxrocky https://t.co/yWzfeXZjuo"
        },
        {
            "id": "1504796047280947204",
            "referenced_tweets": [
                {
                    "type": "replied_to",
                    "id": "1504795914048843781"
                }
            ],
            "created_at": "2022-03-18T12:25:10.000Z",
            "author_id": "434425807",
            "text": "@EE I’ve had one before but no for years - no longer connected"
        },
        {
            "id": "1504795526809718788",
            "created_at": "2022-03-18T12:23:05.000Z",
            "author_id": "135928507",
            "text": "I’m Gona kill @EE charging me extra roaming fee for no reason"
        },
        {
            "id": "1504794656873324550",
            "referenced_tweets": [
                {
                    "type": "replied_to",
                    "id": "1504794058924961792"
                }
            ],
            "created_at": "2022-03-18T12:19:38.000Z",
            "author_id": "2769521630",
            "text": "@OPPOMobileUK @68Langers @EE Don't forget the excellent choice of network. \n\nHappy to have you onboard, Andrew!\n\n- Tom"
        },
        {
            "id": "1504794058924961792",
            "referenced_tweets": [
                {
                    "type": "replied_to",
                    "id": "1504528453525192706"
                }
            ],
            "created_at": "2022-03-18T12:17:16.000Z",
            "author_id": "1052958783532601345",
            "text": "@68Langers @iD_Mobile_UK @EE Excellent choice of device and colour Andrew, only 6 more days until release date! 🤩🥳"
        },
        {
            "id": "1504793949000671235",
            "referenced_tweets": [
                {
                    "type": "replied_to",
                    "id": "1504783210303139855"
                }
            ],
            "created_at": "2022-03-18T12:16:49.000Z",
            "author_id": "2654065847",
            "text": "@MarcAllera @EE @crazymike1988 :-) famous Mike"
        },
        {
            "id": "1504793576047267841",
            "referenced_tweets": [
                {
                    "type": "replied_to",
                    "id": "1504792025413132291"
                }
            ],
            "created_at": "2022-03-18T12:15:20.000Z",
            "author_id": "303249347",
            "text": "@EE iPhone 12 Pro Max"
        },
        {
            "id": "1504793192717336576",
            "referenced_tweets": [
                {
                    "type": "replied_to",
                    "id": "1504791112396984323"
                }
            ],
            "created_at": "2022-03-18T12:13:49.000Z",
            "author_id": "434425807",
            "text": "@EE Have done"
        },
        {
            "id": "1504792758753673220",
            "referenced_tweets": [
                {
                    "type": "replied_to",
                    "id": "1504791646562623500"
                }
            ],
            "created_at": "2022-03-18T12:12:06.000Z",
            "author_id": "105171470",
            "text": "@EE Thanks for clearing that up, how do I do the add on? As I just seem to go round in circles on the website https://t.co/W8cNkArD73"
        },
        {
            "id": "1504791184039944201",
            "created_at": "2022-03-18T12:05:50.000Z",
            "author_id": "1383928988440010758",
            "text": "@EE I'm unable to top up my phone. Is there ongoing issue?"
        },
        {
            "id": "1504790977571139585",
            "created_at": "2022-03-18T12:05:01.000Z",
            "author_id": "105171470",
            "text": "@EE I have the @btsport smart benefit - how come I can't always use it on my laptop as advertised? #notworking"
        },
        {
            "id": "1504790780426264577",
            "created_at": "2022-03-18T12:04:14.000Z",
            "author_id": "254968680",
            "text": "@EE Your app isn't working correctly as it won't show what extra charges I'm being billed for. Screen is blank. £3 a min to call the States is ridiculous by the way! https://t.co/1RaEEtgECP"
        },
        {
            "id": "1504790565455605776",
            "created_at": "2022-03-18T12:03:23.000Z",
            "author_id": "74494561",
            "text": "Local “free” WiFi *much* slower than @EE on #4G. Looking forward to #5G coming to #Harrogate town centre!\n@Speedtest https://t.co/VxDZAt79J6"
        },
        {
            "id": "1504789787827449872",
            "referenced_tweets": [
                {
                    "type": "replied_to",
                    "id": "1504788019638906929"
                }
            ],
            "created_at": "2022-03-18T12:00:17.000Z",
            "author_id": "303249347",
            "text": "@EE In a few short sentences. I am not getting a decent signal. It drops from 5G through 4G to 3G then E and loses connection when I’m on the phone. There is no mobile data when I’m on the phone. I’m currently piggybacking Wi-Fi ATM"
        },
        {
            "id": "1504789447971385372",
            "created_at": "2022-03-18T11:58:56.000Z",
            "author_id": "3046055421",
            "text": "@EE recently got a new phone on insurance as accidentally damaged step daughters and we’ve been sent a iPhone 11 not 12? Can someone assist please asap ? Thanks"
        },
        {
            "id": "1504788284827971639",
            "created_at": "2022-03-18T11:54:19.000Z",
            "author_id": "243610497",
            "text": "@EE can I have an update on my order please?"
        },
        {
            "id": "1504787178576134145",
            "referenced_tweets": [
                {
                    "type": "replied_to",
                    "id": "1504786625011884033"
                }
            ],
            "created_at": "2022-03-18T11:49:55.000Z",
            "author_id": "303249347",
            "text": "@EE It’s Greenwich Park, not sure if there’s a postcode for the whole park as not a lot of people live in it. However postcode for car park at Blackheath end is SE10 8QY"
        },
        {
            "id": "1504787075916251138",
            "referenced_tweets": [
                {
                    "type": "replied_to",
                    "id": "1504786746923495438"
                }
            ],
            "created_at": "2022-03-18T11:49:31.000Z",
            "author_id": "434425807",
            "text": "@EE Hi jo, when I press set up for myself it’s saying this plan isn’t supported when I put it my Apple ID?!"
        },
        {
            "id": "1504787017921699840",
            "created_at": "2022-03-18T11:49:17.000Z",
            "author_id": "1083092736243367936",
            "text": "don't know why I bother anymore with @EE , getting internet on my iPhone lately has been awful....contract is almost up so I guess its time for a new phone and supplier"
        },
        {
            "id": "1504785550020128796",
            "created_at": "2022-03-18T11:43:27.000Z",
            "author_id": "91400345",
            "text": "Great timing from @EE on my timeline! https://t.co/hSOEz7ECqM"
        },
        {
            "id": "1504784494896820227",
            "created_at": "2022-03-18T11:39:15.000Z",
            "author_id": "434425807",
            "text": "@EE I’ve just got a new Apple Watch but it’s come with a different number - and can’t connect to current phone any idea why?! Thank you :)"
        },
        {
            "id": "1504783893383294985",
            "referenced_tweets": [
                {
                    "type": "replied_to",
                    "id": "1504769135695347714"
                }
            ],
            "created_at": "2022-03-18T11:36:52.000Z",
            "author_id": "120457256",
            "text": "@EE Hi Chris its not just me its everyone since you put the price up by nearly 10%. Just imagine the kudos if EE said we have decided to cancel the increase this year as everyone has higher bills.."
        },
        {
            "id": "1504783210303139855",
            "referenced_tweets": [
                {
                    "type": "replied_to",
                    "id": "1504782584215216129"
                }
            ],
            "created_at": "2022-03-18T11:34:09.000Z",
            "author_id": "769134102796697600",
            "text": "We’ve also partnered with Samsung to help customers with hearing impairments get the most out of @EE and the new Samsung S22 range, too.\n\nWhen our in-store QR code is scanned it links to videos about the new Samsung series with sign language interpreter Simon and closed captions. https://t.co/VOC0WxHLeJ"
        },
        {
            "id": "1504783094397739009",
            "referenced_tweets": [
                {
                    "type": "replied_to",
                    "id": "1504782919688204317"
                }
            ],
            "created_at": "2022-03-18T11:33:41.000Z",
            "author_id": "1337862046088638464",
            "text": "@EE I’m doing good :) have an amazing day"
        },
        {
            "id": "1504782580540968960",
            "created_at": "2022-03-18T11:31:39.000Z",
            "author_id": "769134102796697600",
            "text": "Communication's so important. Small things have a big impact.\n\nIt might be the end of #SignLanguageWeek, but we're partnering with @SamsungUK to encourage our @EE store teams to learn some BSL basics with a series of videos like this – so customers with hearing loss feel at ease. https://t.co/SzrVK5uzlO"
        },
        {
            "id": "1504781947117187087",
            "referenced_tweets": [
                {
                    "type": "replied_to",
                    "id": "1504714218402193409"
                }
            ],
            "created_at": "2022-03-18T11:29:08.000Z",
            "author_id": "1337862046088638464",
            "text": "@EE Good morning ! How are you today ee?"
        },
        {
            "id": "1504780078135324698",
            "referenced_tweets": [
                {
                    "type": "replied_to",
                    "id": "1504779665780752386"
                }
            ],
            "created_at": "2022-03-18T11:21:42.000Z",
            "author_id": "1165966277082529793",
            "text": "@EE I already done the deal, they should of done that without me having to ask really."
        },
        {
            "id": "1504780044195016731",
            "referenced_tweets": [
                {
                    "type": "replied_to",
                    "id": "1504779830633672706"
                }
            ],
            "created_at": "2022-03-18T11:21:34.000Z",
            "author_id": "901576372006604800",
            "text": "@EE Returns team number is “very busy”."
        },
        {
            "id": "1504779830931476481",
            "referenced_tweets": [
                {
                    "type": "replied_to",
                    "id": "1504779087080009754"
                }
            ],
            "created_at": "2022-03-18T11:20:43.000Z",
            "author_id": "1165966277082529793",
            "text": "@EE Really disappointed to see how much more EE was charging me after being with them for so long- (before they were EE) compared to other companies as a new customer."
        },
        {
            "id": "1504779830633672706",
            "referenced_tweets": [
                {
                    "type": "replied_to",
                    "id": "1504714218402193409"
                }
            ],
            "created_at": "2022-03-18T11:20:43.000Z",
            "author_id": "901576372006604800",
            "text": "@EE Hi, just received my iPhone 13 pro max with seal on the box broken. There was no protective bubble wrap at all. Called 150 and got fobbed off. What is supposed to happen? Not happy"
        },
        {
            "id": "1504779429062586368",
            "referenced_tweets": [
                {
                    "type": "replied_to",
                    "id": "1504778878853787649"
                }
            ],
            "created_at": "2022-03-18T11:19:07.000Z",
            "author_id": "578847558",
            "text": "@EE I have D'Med you per your request!!"
        },
        {
            "id": "1504779087080009754",
            "referenced_tweets": [
                {
                    "type": "replied_to",
                    "id": "1504732658479378432"
                }
            ],
            "created_at": "2022-03-18T11:17:46.000Z",
            "author_id": "1165966277082529793",
            "text": "@EE Thanks for responding,appreciated,Im ok,I have a poorly pup so not much sleep but getting there,hows urself?I ended up looking about &amp; found a deal with 3,unlimited Everything on Samsung Z3 Flip,24mnth with insurance but less than EE,so ive moved.(20+yr with EE)Have a lovely day."
        },
        {
            "id": "1504778908830515202",
            "created_at": "2022-03-18T11:17:03.000Z",
            "author_id": "780468324861894662",
            "text": "Each of our Year 5 pupils planted a tree in the school grounds yesterday!  Thank you to @WoodlandTrust for supplying the trees and volunteers from our local @EE office in Merthyr for supporting the children! https://t.co/jKXRrLtqOm"
        }
    ],
    "includes": {
        "users": [
            {
                "name": "Rebecca J Lockley 😷 | 👻🕯🖖🏻 🇪🇺",
                "location": "Lincoln, UK",
                "id": "15223684",
                "username": "annaonthemoon"
            },
            {
                "name": "shan",
                "location": "East Midlands, England",
                "id": "1345087938",
                "username": "batqueenTW"
            },
            {
                "name": "DT Al Liverpool",
                "location": "England",
                "id": "49000397",
                "username": "DTAl1928"
            },
            {
                "name": "Zxz",
                "location": "England",
                "id": "139642367",
                "username": "ZxzSkyBlue"
            },
            {
                "name": "BettingTips24/7",
                "location": "England, United Kingdom",
                "id": "1492106166595428353",
                "username": "HorseRacing779"
            },
            {
                "name": "Darren Gregory",
                "location": "Liphook, Hampshire",
                "id": "92400689",
                "username": "gredawarha"
            },
            {
                "name": "Android Fung",
                "location": "London, England",
                "id": "78790123",
                "username": "androidfung"
            },
            {
                "name": "Suzanne",
                "location": " Enniskillen",
                "id": "248681330",
                "username": "bakedinbelfast"
            },
            {
                "name": "Michael Armstrong",
                "location": "United Kingdom",
                "id": "1016744626747772931",
                "username": "Michael57690152"
            },
            {
                "name": "Dave Røberts🎗️☘️🔴⚪🟢⚪",
                "location": "North London",
                "id": "1296359634",
                "username": "DaveRoberts777"
            },
            {
                "name": "John Lewis",
                "location": "Llanhilleth ",
                "id": "957270390153383938",
                "username": "tredtoponty"
            },
            {
                "name": "Dan G 🤟",
                "id": "793840820",
                "username": "Punkdude1981"
            },
            {
                "name": "Liam",
                "id": "581732608",
                "username": "Liam_Kiernan89"
            },
            {
                "name": "Ads",
                "id": "2985894351",
                "username": "Adam_W48"
            },
            {
                "name": "Scott Pryde",
                "id": "1214933654557863938",
                "username": "ScottPryde3"
            },
            {
                "name": "Simon K, Radio presenter, Goalkeeper Enthusiast",
                "location": "Cobham, South East",
                "id": "715604335149846528",
                "username": "SKontheradio"
            },
            {
                "name": "Zak Chevin",
                "location": "Leicester, England",
                "id": "3123480994",
                "username": "zjc1993"
            },
            {
                "name": "Simon Hargood",
                "id": "1446098291641528326",
                "username": "SimonHargood1"
            },
            {
                "name": "Tasha Tate",
                "id": "1504836021703303168",
                "username": "tashtate88"
            },
            {
                "name": "Tom",
                "location": "United Kingdom",
                "id": "14281753",
                "username": "UKTomm"
            },
            {
                "name": "Chels'",
                "location": "Southampton, England",
                "id": "1319047826",
                "username": "ChelseaOwton19"
            },
            {
                "name": "Lynn Macfarlane",
                "location": "Scotland",
                "id": "351797545",
                "username": "LynnMac28"
            },
            {
                "name": "Alison",
                "location": "London",
                "id": "16670330",
                "username": "AlisonRamblings"
            },
            {
                "name": "Sakuu_Asmr",
                "id": "1337161830926577676",
                "username": "OwoSakuraa"
            },
            {
                "name": "Ashraf Wallace",
                "location": "Bradford",
                "id": "199004644",
                "username": "AshrafWallace"
            },
            {
                "name": "Fallingstartime",
                "location": "Scotland, United Kingdom",
                "id": "1471195798209712135",
                "username": "fallingstartime"
            },
            {
                "name": "Helen Jacobs",
                "location": "Manchester",
                "id": "88288435",
                "username": "waiteywoo"
            },
            {
                "name": "Black Lives Matter!",
                "location": "Glasgow, Scotland",
                "id": "382638889",
                "username": "JasonPaulPark"
            },
            {
                "name": "-",
                "id": "85365820",
                "username": "mattchandler95"
            },
            {
                "name": "🏳️‍🌈 Lewis Michael Morgan 🏳️‍🌈",
                "location": "Republic of Wales",
                "id": "1332597356",
                "username": "ItsLewisMorg"
            },
            {
                "name": "Rob Clarke",
                "location": "london",
                "id": "589238182",
                "username": "RobClarke20"
            },
            {
                "name": "KJL",
                "location": "Hove, England",
                "id": "18798177",
                "username": "kerryjeanlister"
            },
            {
                "name": "Ⓢⓚⓘⓟⓟⓨ🇺🇦",
                "id": "30301647",
                "username": "pipebrush"
            },
            {
                "name": "Richard Gibbs",
                "location": "ÜT: 53.186685,-1.19783",
                "id": "49801271",
                "username": "richardjgibbs"
            },
            {
                "name": "LeonaLionheart ☠️",
                "location": "Scotland, United Kingdom",
                "id": "21338619",
                "username": "LeonaLionheart7"
            },
            {
                "name": "Stephen Richards",
                "location": "Weymouth, England",
                "id": "53629586",
                "username": "steverichgeog"
            },
            {
                "name": "givemeyourtokens456",
                "id": "1488377001769508865",
                "username": "herefornfts1547"
            },
            {
                "name": "Evie",
                "location": "she/her",
                "id": "1337862046088638464",
                "username": "SpaceEvie"
            },
            {
                "name": "UK5G",
                "location": "Nationwide",
                "id": "966978129263841280",
                "username": "UK_5G"
            },
            {
                "name": "Sam Wise 💙🏳️‍🌈",
                "location": "North East, England",
                "id": "28801431",
                "username": "SamWiseLGBT"
            },
            {
                "name": "Steve",
                "location": "London, Innit?",
                "id": "3367359833",
                "username": "221Sociopath"
            },
            {
                "name": "David Singer",
                "location": "London, England",
                "id": "321368549",
                "username": "DRSings"
            },
            {
                "name": "Miss A",
                "location": "home",
                "id": "557958204",
                "username": "AnfieldRdYNWA"
            },
            {
                "name": "Michael Nattrass",
                "location": "Aberdeen",
                "id": "105171470",
                "username": "nattrass16"
            },
            {
                "name": "Paula Griffin 🏳️‍⚧️ 💙💖🤍💖💙",
                "location": "South London",
                "id": "303249347",
                "username": "Paula_Griffin65"
            },
            {
                "name": "iD Mobile",
                "location": "London, England",
                "id": "2769521630",
                "username": "iD_Mobile_UK"
            },
            {
                "name": "Andrew 🌻🇺🇦💙 🇪🇺",
                "location": "Lapland",
                "id": "111343722",
                "username": "68Langers"
            },
            {
                "name": "Ryan",
                "id": "201429867",
                "username": "Ryanhatestories"
            },
            {
                "name": "John",
                "location": "London",
                "id": "1309886484808454144",
                "username": "John34182444"
            },
            {
                "name": "TheatreOfPolitics",
                "id": "1470731757112770565",
                "username": "Theatre_Politic"
            },
            {
                "name": "Usha",
                "id": "1504794735751630853",
                "username": "Usha69729436"
            },
            {
                "name": "josh tasker",
                "id": "434425807",
                "username": "joshua_tasker"
            },
            {
                "name": "TB",
                "id": "135928507",
                "username": "tahminabegumm"
            },
            {
                "name": "OPPO UK",
                "location": "United Kingdom",
                "id": "1052958783532601345",
                "username": "OPPOMobileUK"
            },
            {
                "name": "Potterovski",
                "location": "Hull, England",
                "id": "2654065847",
                "username": "Potterovski"
            },
            {
                "name": "jay",
                "location": "London, England",
                "id": "1383928988440010758",
                "username": "Jason_kjay"
            },
            {
                "name": "The Real Eon Lemon",
                "location": "UK & US",
                "id": "254968680",
                "username": "Eonlemon"
            },
            {
                "name": "David Silkstone",
                "location": "Harrogate, North Yorkshire. UK",
                "id": "74494561",
                "username": "davidsilkstone"
            },
            {
                "name": "Kelly Richardson",
                "location": "Worsley, England",
                "id": "3046055421",
                "username": "kellyrich1909"
            },
            {
                "name": "Matt Pepper",
                "location": "Norwich",
                "id": "243610497",
                "username": "mattpepper1985"
            },
            {
                "name": "lincsbirder2019",
                "location": "south linconshire",
                "id": "1083092736243367936",
                "username": "lincsbirder2019"
            },
            {
                "name": "Nick Jackson",
                "id": "91400345",
                "username": "nickdjackson"
            },
            {
                "name": "martyn",
                "location": "United Kingdom",
                "id": "120457256",
                "username": "mng321"
            },
            {
                "name": "Marc Allera",
                "location": "London, England",
                "id": "769134102796697600",
                "username": "MarcAllera"
            },
            {
                "name": "Smallz_Z",
                "location": "UK",
                "id": "1165966277082529793",
                "username": "KintmLu"
            },
            {
                "name": "Interest Edparty",
                "id": "901576372006604800",
                "username": "Interestedpty"
            },
            {
                "name": "James 🇬🇧 🇺🇦",
                "location": "Here and There",
                "id": "578847558",
                "username": "ItsJamesPowers"
            },
            {
                "name": "Twynyrodyn C School",
                "location": "Merthyr Tydfil, Wales",
                "id": "780468324861894662",
                "username": "Twynyrodyn1"
            }
        ],
        "tweets": [
            {
                "id": "1504860187856887814",
                "referenced_tweets": [
                    {
                        "type": "replied_to",
                        "id": "1504856321623040003"
                    }
                ],
                "created_at": "2022-03-18T16:40:02.000Z",
                "author_id": "7117212",
                "text": "@annaonthemoon Did you keep hold of your existing number when you moved back to us or did you start fresh with a new number? -Bob"
            },
            {
                "id": "1504860051718250496",
                "referenced_tweets": [
                    {
                        "type": "replied_to",
                        "id": "1504856321623040003"
                    }
                ],
                "created_at": "2022-03-18T16:39:29.000Z",
                "author_id": "7117212",
                "text": "@annaonthemoon Ahh okay, so it sounds like someone spoofing a number by the sounds of things there. If you do get calls like that, it's a good idea to text CALL to 7726 they will text you back asking for the number that the call came from which helps to tackle these scam calls. -Bob"
            },
            {
                "id": "1504851420058685452",
                "referenced_tweets": [
                    {
                        "type": "replied_to",
                        "id": "1504846908115795973"
                    }
                ],
                "created_at": "2022-03-18T16:05:11.000Z",
                "author_id": "7117212",
                "text": "@HorseRacing779 Ah great stuff and the new iPhone 13's are lovely aren't they. That's not bad either just £3 a month more :). Enjoy the weekend If we can help with anything else at all just give us a shout :) -Mark"
            },
            {
                "id": "1504830156258648076",
                "referenced_tweets": [
                    {
                        "type": "replied_to",
                        "id": "1504829218961637408"
                    }
                ],
                "created_at": "2022-03-18T14:40:42.000Z",
                "author_id": "7117212",
                "text": "@annaonthemoon Hey Rebecca, I hope you're well. \n\nI know getting a load of unwanted calls can be a real pain. Have you answered any of the calls to see if there is anyone on the other end? -Bob"
            },
            {
                "id": "1504785132145815573",
                "referenced_tweets": [
                    {
                        "type": "replied_to",
                        "id": "1504785066815279120"
                    }
                ],
                "created_at": "2022-03-18T11:41:47.000Z",
                "author_id": "7117212",
                "text": "And we’ve partnered with Samsung to help customers with hearing impairments get the most out of EE and the new Samsung S22 range, too.\n\nWhen our in-store QR code is scanned, it links to videos about the new Samsung series with sign language interpreter Simon, and closed captions. https://t.co/xggCSlaJJV"
            },
            {
                "id": "1504831868981714946",
                "referenced_tweets": [
                    {
                        "type": "replied_to",
                        "id": "1504830125057081344"
                    }
                ],
                "created_at": "2022-03-18T14:47:30.000Z",
                "author_id": "7117212",
                "text": "@Michael57690152 Hi Michael, \n\nI'm sorry to hear that you're still waiting to receive your new phone. I know that you'll want to get this as soon as possible to start using it and the watch. As soon as the phone is available, it will be dispatched and on it's way to you. -Russ"
            },
            {
                "id": "1504064691747835905",
                "created_at": "2022-03-16T11:59:01.000Z",
                "author_id": "170277278",
                "text": "It's cash for trash month! But wait, it's not trash to us. We'll give you £5 when you recycle any old tech in stores.💰\n\nTo celebrate the launch, we're giving away a £500 Currys Voucher!🤩\n\nSimply retweet this post &amp; send us a photo of an old piece of tech, with #LongLiveYourTech https://t.co/eavFn6uUay"
            },
            {
                "id": "1504846607749103641",
                "referenced_tweets": [
                    {
                        "type": "replied_to",
                        "id": "1503814260715134995"
                    }
                ],
                "created_at": "2022-03-18T15:46:04.000Z",
                "author_id": "7117212",
                "text": "@HorseRacing779 I hope you don't mind me popping you another message Luke and was just to see if all was ok or can we still help? :) -Mark"
            },
            {
                "id": "1504843568518733829",
                "referenced_tweets": [
                    {
                        "type": "replied_to",
                        "id": "1504841714594365448"
                    }
                ],
                "created_at": "2022-03-18T15:34:00.000Z",
                "author_id": "7117212",
                "text": "@Punkdude1981 Ah right, I am pleased you have that to check. Sorry, you are right, I will not have any further information than that. We will get it to you as quickly as we can. - Sarahjane"
            },
            {
                "id": "1504427390738608131",
                "created_at": "2022-03-17T12:00:15.000Z",
                "author_id": "7117212",
                "text": "iPhone 13 Pro with the best Pro camera system ever on iPhone. Now in Alpine Green on the UK’s best 5G network. Plus get Apple Music, Apple TV+ and Apple Arcade included in your plan for 24 months. And save £96 when you trade-in your iPhone. Annual price changes and terms apply"
            },
            {
                "id": "1504835296961216512",
                "referenced_tweets": [
                    {
                        "type": "replied_to",
                        "id": "1504832810431004675"
                    }
                ],
                "created_at": "2022-03-18T15:01:07.000Z",
                "author_id": "7117212",
                "text": "@Punkdude1981 Hi, Dan. I hope you are well today. I know you will be eager to get your new phone. If you pop me a DM with your full name and number I can see if there are any updates for you. - Sarahjane"
            },
            {
                "id": "1504788445440491520",
                "created_at": "2022-03-18T11:54:57.000Z",
                "author_id": "1411219694",
                "text": "Just had my direct debit from my energy provider increased from £137/month to £260/month… how are people expected to live? .@BorisJohnson .@RishiSunak"
            },
            {
                "id": "1504833007139573764",
                "referenced_tweets": [
                    {
                        "type": "replied_to",
                        "id": "1504816428364537893"
                    }
                ],
                "created_at": "2022-03-18T14:52:02.000Z",
                "author_id": "7117212",
                "text": "@LynnMac28 Hi Lynn, I hope you're well. 👋\n\nI would personally wait until you get another text from the team. It's just due to some changes that would need to go through. - Rachel"
            },
            {
                "id": "1503050312545972228",
                "referenced_tweets": [
                    {
                        "type": "replied_to",
                        "id": "1503048778395361285"
                    }
                ],
                "created_at": "2022-03-13T16:48:14.000Z",
                "author_id": "7117212",
                "text": "@AlisonRamblings I am sorry to hear that this has happened, as this isn't something that should be happening, though I will get this fed back. Have you been able to speak with the team now? -Rach"
            },
            {
                "id": "1504832639747899418",
                "referenced_tweets": [
                    {
                        "type": "replied_to",
                        "id": "1504831960228769796"
                    }
                ],
                "created_at": "2022-03-18T14:50:34.000Z",
                "author_id": "7117212",
                "text": "@AshrafWallace Hi Ashraf, hope you are well and having a fabulous Friday. \n\nIf you can drop me a DM with the IMEI number of your handset I would love to run through how to unlock your handset online. -Neil https://t.co/m14c5xhQi0"
            },
            {
                "id": "1504714218402193409",
                "created_at": "2022-03-18T07:00:00.000Z",
                "author_id": "7117212",
                "text": "Good morning and happy Friday! Let us know if you need any help today. We’re here until 11pm."
            },
            {
                "id": "1504824747506511872",
                "referenced_tweets": [
                    {
                        "type": "replied_to",
                        "id": "1504820526597885961"
                    }
                ],
                "created_at": "2022-03-18T14:19:12.000Z",
                "author_id": "7117212",
                "text": "@mattchandler95 Hi Matt, I hope you're well and enjoying Australia. \n\nI'm sorry you're having trouble with roaming, could you please pop over a DM? -Jo"
            },
            {
                "id": "1504824510771511324",
                "referenced_tweets": [
                    {
                        "type": "replied_to",
                        "id": "1502728838983344134"
                    }
                ],
                "created_at": "2022-03-18T14:18:16.000Z",
                "author_id": "30301647",
                "text": "@EE @ItsLewisMorg Lots getting delivered today including mine 😊"
            },
            {
                "id": "1504786335353212928",
                "referenced_tweets": [
                    {
                        "type": "replied_to",
                        "id": "1504772952579006467"
                    }
                ],
                "created_at": "2022-03-18T11:46:34.000Z",
                "author_id": "7117212",
                "text": "@kerryjeanlister Hi Kerry, if you don't currently have a line then the team will know that you need one installed, including a socket, as you won't have anything to take over, so this shouldn't be an issue. -Rach"
            },
            {
                "id": "1502728838983344134",
                "referenced_tweets": [
                    {
                        "type": "replied_to",
                        "id": "1502596079900139521"
                    }
                ],
                "created_at": "2022-03-12T19:30:49.000Z",
                "author_id": "7117212",
                "text": "@ItsLewisMorg Hi Lewis, how are you? \n\nWe will contact you between days 15-30 after receiving the phone to let you know about the delivery of the Smart Tag and Charger. Have you had the phone for over 30 days? -Emma"
            },
            {
                "id": "1501221383099101194",
                "created_at": "2022-03-08T15:40:43.000Z",
                "author_id": "7117212",
                "text": "Pre-order the epic new OPPO Find X5 Pro 5G today and get a free gift pack worth £373 on the UK’s best network. Hurry, offer ends 23rd March. Annual price changes and terms apply."
            },
            {
                "id": "1503827915963871233",
                "referenced_tweets": [
                    {
                        "type": "replied_to",
                        "id": "1498602347622191108"
                    }
                ],
                "created_at": "2022-03-15T20:18:09.000Z",
                "author_id": "1444472982",
                "text": "@EE It's been 3 weeks since I received the phone but heard nothing about the charger and smart tag?"
            },
            {
                "id": "1504823240375640065",
                "referenced_tweets": [
                    {
                        "type": "replied_to",
                        "id": "1504822544502767625"
                    }
                ],
                "created_at": "2022-03-18T14:13:13.000Z",
                "author_id": "7117212",
                "text": "@steverichgeog Thanks Stephen, so I can take a closer look into this for you, could you please pop me over a DM with your EE mobile number? - Peter"
            },
            {
                "id": "1504822731614965767",
                "created_at": "2022-03-18T14:11:12.000Z",
                "author_id": "793440425344430080",
                "text": "10 minute $ape speed giveaway \n\n- retweet &amp; like \n- follow me + @ItsEliOyefeso \n- tag 2 frens \n\nwont be tons but I’ll pick winner in 10 mins , good luck https://t.co/1WDMAhVJkf"
            },
            {
                "id": "1504822052502581248",
                "referenced_tweets": [
                    {
                        "type": "replied_to",
                        "id": "1504819562633736197"
                    }
                ],
                "created_at": "2022-03-18T14:08:30.000Z",
                "author_id": "7117212",
                "text": "@steverichgeog Hey there Stephen, it's fantastic to hear that you've recently gone for a new SIM with us, and I'd love to see if we can help get you an update on what's happening with your delivery. \n\nJust to be sure first of all, was this a brand new contract, or an additional line? - Peter"
            },
            {
                "id": "1504784122035777555",
                "referenced_tweets": [
                    {
                        "type": "replied_to",
                        "id": "1504783094397739009"
                    }
                ],
                "created_at": "2022-03-18T11:37:46.000Z",
                "author_id": "7117212",
                "text": "@SpaceEvie Thanks Evie, you too. And I hope you have a lovely weekend 😊 -Bob"
            },
            {
                "id": "1504811756278923267",
                "referenced_tweets": [
                    {
                        "type": "replied_to",
                        "id": "1504805366814720003"
                    }
                ],
                "created_at": "2022-03-18T13:27:35.000Z",
                "author_id": "7117212",
                "text": "@SamWiseLGBT Hi Sam, hope you're well.\n\nThis is a legitimate number its one of our partner called Step Change, so nothing to worry about. -Dale"
            },
            {
                "id": "1504744323077877762",
                "referenced_tweets": [
                    {
                        "type": "replied_to",
                        "id": "1504741535417618443"
                    }
                ],
                "created_at": "2022-03-18T08:59:38.000Z",
                "author_id": "7117212",
                "text": "@221Sociopath The team are available on 150 from an EE phone or 08000798586 from any other phone until 9pm this evening and 8am to 8pm over the weekend (3/3) -Michael D"
            },
            {
                "id": "1504724382014398490",
                "referenced_tweets": [
                    {
                        "type": "replied_to",
                        "id": "1504560609416855554"
                    }
                ],
                "created_at": "2022-03-18T07:40:23.000Z",
                "author_id": "7117212",
                "text": "@AnfieldRdYNWA Hi. Sorry for your wait, we're a little busier than normal but I’m here to help.\n\nLet me have a look for you. What number has the text come from? -Michael D"
            },
            {
                "id": "1504805767517544453",
                "referenced_tweets": [
                    {
                        "type": "replied_to",
                        "id": "1504800597102497797"
                    }
                ],
                "created_at": "2022-03-18T13:03:47.000Z",
                "author_id": "7117212",
                "text": "@nattrass16 Great. If you log in, then head to the Plans &amp; Add-on section, then Get Add-ons and finally choose BT Sport. the Large Screen access is there 🙂 - David C"
            },
            {
                "id": "1504803238016655383",
                "referenced_tweets": [
                    {
                        "type": "replied_to",
                        "id": "1504793576047267841"
                    }
                ],
                "created_at": "2022-03-18T12:53:44.000Z",
                "author_id": "7117212",
                "text": "@Paula_Griffin65 Also, your postcode has been posted publicly, for security you may want to remove this and send it over via DM. 2/2 - Rachel https://t.co/m14c5xhQi0"
            },
            {
                "id": "1504803300759285763",
                "referenced_tweets": [
                    {
                        "type": "replied_to",
                        "id": "1504794656873324550"
                    }
                ],
                "created_at": "2022-03-18T12:53:59.000Z",
                "author_id": "111343722",
                "text": "@iD_Mobile_UK @OPPOMobileUK @EE Looking forward to it Tom. Is there a way to submit my PAC in advance or not until I have the new SIM?"
            },
            {
                "id": "1504794656873324550",
                "referenced_tweets": [
                    {
                        "type": "replied_to",
                        "id": "1504794058924961792"
                    }
                ],
                "created_at": "2022-03-18T12:19:38.000Z",
                "author_id": "2769521630",
                "text": "@OPPOMobileUK @68Langers @EE Don't forget the excellent choice of network. \n\nHappy to have you onboard, Andrew!\n\n- Tom"
            },
            {
                "id": "1504798476609150982",
                "referenced_tweets": [
                    {
                        "type": "replied_to",
                        "id": "1504792758753673220"
                    }
                ],
                "created_at": "2022-03-18T12:34:49.000Z",
                "author_id": "7117212",
                "text": "@nattrass16 Have you got the My EE app, Michael? - David C"
            },
            {
                "id": "1504443063250440196",
                "created_at": "2022-03-17T13:02:32.000Z",
                "author_id": "7117212",
                "text": "EE x @BEATPORT present PARALLEL 5G. Watch the live stream tonight from 7pm at Millennium Square, Leeds or here!\n\n@Rudimental @ariellefree @itsjuniorsimba &amp; Manami https://t.co/BcEobb44nT"
            },
            {
                "id": "1488246944757698561",
                "created_at": "2022-01-31T20:24:56.000Z",
                "author_id": "7117212",
                "text": "A robotic barber on a remote mountain with Tom Ellis’s beautiful neck on the line. So unbelievable you guys didn’t think we had done this for real…"
            },
            {
                "id": "1504741778791882754",
                "created_at": "2022-03-18T08:49:31.000Z",
                "author_id": "1494213807060799488",
                "text": "🔥Airdrop: #SAU Coin\n\n🔗Join the Airdrop :https://t.co/Sk2H5iMhkV\n\n🎁 Reward: 100,000 $SAU\n🎁 Referral: 10,000 $SAU\n🏆 Winners: 5,000 Lucky\n📅 End: April 30, 2022\n\n🌐 Website: https://t.co/0om74jGIvl\n\n#Airdrop #airdrop365 #SAU https://t.co/ImCtQclSMB"
            },
            {
                "id": "1504795914048843781",
                "referenced_tweets": [
                    {
                        "type": "replied_to",
                        "id": "1504793192717336576"
                    }
                ],
                "created_at": "2022-03-18T12:24:38.000Z",
                "author_id": "7117212",
                "text": "@joshua_tasker Could I please check, do you already have an Apple Watch or is this the first one you've had? -Jo"
            },
            {
                "id": "1504794058924961792",
                "referenced_tweets": [
                    {
                        "type": "replied_to",
                        "id": "1504528453525192706"
                    }
                ],
                "created_at": "2022-03-18T12:17:16.000Z",
                "author_id": "1052958783532601345",
                "text": "@68Langers @iD_Mobile_UK @EE Excellent choice of device and colour Andrew, only 6 more days until release date! 🤩🥳"
            },
            {
                "id": "1504528453525192706",
                "referenced_tweets": [
                    {
                        "type": "replied_to",
                        "id": "1502131050931433473"
                    }
                ],
                "created_at": "2022-03-17T18:41:50.000Z",
                "author_id": "111343722",
                "text": "@OPPOMobileUK Pre-ordered the Pro in white with @iD_Mobile_UK and can't wait. Was with @EE for 25 years (when it was Mercury) but they are no longer keen to keep loyal customers and wouldn't budge on their high price. Instead the guy just slagged off other networks. Bye EE. Your loss, my gain"
            },
            {
                "id": "1504783210303139855",
                "referenced_tweets": [
                    {
                        "type": "replied_to",
                        "id": "1504782584215216129"
                    }
                ],
                "created_at": "2022-03-18T11:34:09.000Z",
                "author_id": "769134102796697600",
                "text": "We’ve also partnered with Samsung to help customers with hearing impairments get the most out of @EE and the new Samsung S22 range, too.\n\nWhen our in-store QR code is scanned it links to videos about the new Samsung series with sign language interpreter Simon and closed captions. https://t.co/VOC0WxHLeJ"
            },
            {
                "id": "1504792025413132291",
                "referenced_tweets": [
                    {
                        "type": "replied_to",
                        "id": "1504789787827449872"
                    }
                ],
                "created_at": "2022-03-18T12:09:11.000Z",
                "author_id": "7117212",
                "text": "@Paula_Griffin65 Okay. Looking at the coverage it is on a 5G coverage border so it may not work with the 5G. What phone do you use? -Kelsey"
            },
            {
                "id": "1504791112396984323",
                "referenced_tweets": [
                    {
                        "type": "replied_to",
                        "id": "1504787075916251138"
                    }
                ],
                "created_at": "2022-03-18T12:05:33.000Z",
                "author_id": "7117212",
                "text": "@joshua_tasker Hi Josh, could you please pop over a DM? -Jo"
            },
            {
                "id": "1504791646562623500",
                "referenced_tweets": [
                    {
                        "type": "replied_to",
                        "id": "1504790977571139585"
                    }
                ],
                "created_at": "2022-03-18T12:07:40.000Z",
                "author_id": "7117212",
                "text": "@nattrass16 Hi, Michael. How are you?\n\nThe BT Sport Smart Benefit will only work on devices that have an EE SIM card in them. If you would like to use it on a laptop or TV, then you will need to purchase the Large Screen add-on 🙂 - David C"
            },
            {
                "id": "1504788019638906929",
                "referenced_tweets": [
                    {
                        "type": "replied_to",
                        "id": "1504787178576134145"
                    }
                ],
                "created_at": "2022-03-18T11:53:16.000Z",
                "author_id": "7117212",
                "text": "@Paula_Griffin65 Thank you. I have just had a look here https://t.co/DchQ2auYTB and you should be getting excellent coverage. Can you pop me a DM with a bit more detail about what's happening, please? -Kelsey https://t.co/m14c5xhQi0"
            },
            {
                "id": "1504786625011884033",
                "referenced_tweets": [
                    {
                        "type": "replied_to",
                        "id": "1504783215671791617"
                    }
                ],
                "created_at": "2022-03-18T11:47:43.000Z",
                "author_id": "7117212",
                "text": "@Paula_Griffin65 Hiya Paula :) How are you? I can certainly have a look at this for you as I know being connected is very important. Are you able to pop me a DM with the postcode, please? -Kelsey https://t.co/m14c5xhQi0"
            },
            {
                "id": "1504786746923495438",
                "referenced_tweets": [
                    {
                        "type": "replied_to",
                        "id": "1504784494896820227"
                    }
                ],
                "created_at": "2022-03-18T11:48:12.000Z",
                "author_id": "7117212",
                "text": "@joshua_tasker Hi Josh, I hope you're well and having a nice day. \n\nIt's great to hear you've got a new watch, could I please check, is your old watch still paired to your phone? -Jo"
            },
            {
                "id": "1504769135695347714",
                "referenced_tweets": [
                    {
                        "type": "replied_to",
                        "id": "1504744163165757441"
                    }
                ],
                "created_at": "2022-03-18T10:38:13.000Z",
                "author_id": "7117212",
                "text": "@mng321 Hi Martin 👋 I'm really sorry to hear you're having trouble paying your bill, I'd love to see if there's anything that we can do for you to help out. Can you send me over a private message so I can take some detail please? -Chris S https://t.co/m14c5xhQi0"
            },
            {
                "id": "1504782584215216129",
                "referenced_tweets": [
                    {
                        "type": "replied_to",
                        "id": "1504782580540968960"
                    }
                ],
                "created_at": "2022-03-18T11:31:40.000Z",
                "author_id": "769134102796697600",
                "text": "We're on a mission to treat our customers how they would want to be treated.\n\nUsually, first thing we might do is grab pen and paper. That's okay. But there's more we can do to make people with hearing impairments more feel safer, more comfortable, and their experience better."
            },
            {
                "id": "1504782919688204317",
                "referenced_tweets": [
                    {
                        "type": "replied_to",
                        "id": "1504781947117187087"
                    }
                ],
                "created_at": "2022-03-18T11:33:00.000Z",
                "author_id": "7117212",
                "text": "@SpaceEvie Morning Evie! We're all good here, how are you? -Bob"
            },
            {
                "id": "1504779665780752386",
                "referenced_tweets": [
                    {
                        "type": "replied_to",
                        "id": "1504779087080009754"
                    }
                ],
                "created_at": "2022-03-18T11:20:04.000Z",
                "author_id": "7117212",
                "text": "@KintmLu Aww I hope your puppy is better soon. I'm good thank you :) Oh no, that is such a shame. Could the upgrades team not look at matching the deal for you? -Kelsey"
            },
            {
                "id": "1504779830633672706",
                "referenced_tweets": [
                    {
                        "type": "replied_to",
                        "id": "1504714218402193409"
                    }
                ],
                "created_at": "2022-03-18T11:20:43.000Z",
                "author_id": "901576372006604800",
                "text": "@EE Hi, just received my iPhone 13 pro max with seal on the box broken. There was no protective bubble wrap at all. Called 150 and got fobbed off. What is supposed to happen? Not happy"
            },
            {
                "id": "1504779087080009754",
                "referenced_tweets": [
                    {
                        "type": "replied_to",
                        "id": "1504732658479378432"
                    }
                ],
                "created_at": "2022-03-18T11:17:46.000Z",
                "author_id": "1165966277082529793",
                "text": "@EE Thanks for responding,appreciated,Im ok,I have a poorly pup so not much sleep but getting there,hows urself?I ended up looking about &amp; found a deal with 3,unlimited Everything on Samsung Z3 Flip,24mnth with insurance but less than EE,so ive moved.(20+yr with EE)Have a lovely day."
            },
            {
                "id": "1504778878853787649",
                "referenced_tweets": [
                    {
                        "type": "replied_to",
                        "id": "1504776578441654272"
                    }
                ],
                "created_at": "2022-03-18T11:16:56.000Z",
                "author_id": "7117212",
                "text": "@ItsJamesPowers Hey James, \n\nI'm really sorry that you've been left feeling so disappointed by the service when you've been upgrading, I can absolutely appreciate that any unexpected charges are always an unwelcome surprise! I'd like to have a look into this, could you DM me? - Jess https://t.co/m14c5xhQi0"
            },
            {
                "id": "1504732658479378432",
                "referenced_tweets": [
                    {
                        "type": "replied_to",
                        "id": "1504592513545420807"
                    }
                ],
                "created_at": "2022-03-18T08:13:17.000Z",
                "author_id": "7117212",
                "text": "@KintmLu Hiya :) How are you? Great to see you're looking at upgrading. I love getting a new phone. What one are you looking to get?\nI can have a little look at it. Can you pop me a DM with a screen shot of what you're seeing, please? -Kelsey https://t.co/m14c5xhQi0"
            }
        ]
    },
    "errors": [
        {
            "resource_id": "1504844742231744513",
            "parameter": "referenced_tweets.id",
            "resource_type": "tweet",
            "section": "includes",
            "title": "Authorization Error",
            "value": "1504844742231744513",
            "detail": "Sorry, you are not authorized to see the Tweet with referenced_tweets.id: [1504844742231744513].",
            "type": "https://api.twitter.com/2/problems/not-authorized-for-resource"
        },
        {
            "value": "1504835572464078858",
            "detail": "Could not find tweet with referenced_tweets.id: [1504835572464078858].",
            "title": "Not Found Error",
            "resource_type": "tweet",
            "parameter": "referenced_tweets.id",
            "resource_id": "1504835572464078858",
            "type": "https://api.twitter.com/2/problems/resource-not-found"
        },
        {
            "value": "1504806764847538183",
            "detail": "Could not find tweet with referenced_tweets.id: [1504806764847538183].",
            "title": "Not Found Error",
            "resource_type": "tweet",
            "parameter": "referenced_tweets.id",
            "resource_id": "1504806764847538183",
            "type": "https://api.twitter.com/2/problems/resource-not-found"
        }
    ],
    "meta": {
        "oldest_id": "1504778908830515202",
        "newest_id": "1504860601155260441",
        "previous_token": "77qpymm88g5h9vqklurc07jpeyfdxdjbkzbnh1ivlukhd",
        "result_count": 100,
        "next_token": "7140dibdnow9c7btw420js11x38ukd8wxfbj7l0wrg3ea"
    }
}