{
    "data": [
        {
            "author_id": "1349711978353340419",
            "text": "@rebeccaarcher4 @bt_uk You team have illegally tracking trying to kill our niece Dodgy  Bt Open reach engineer has  tried killing our niece his name is mr Wilkinson and his Nepalese boss in the Uxbridge  Gerard cross area harrassment  for over a year her ex boyfriend gary hook has admitted to paying",
            "created_at": "2022-03-16T22:11:34.000Z",
            "referenced_tweets": [
                {
                    "type": "replied_to",
                    "id": "1504081852834979849"
                }
            ],
            "id": "1504218846911246352"
        },
        {
            "author_id": "271635231",
            "text": "@bt_uk Thanks Theresa, do the options in that link work for both basic and premium email packages?",
            "created_at": "2022-03-16T22:06:02.000Z",
            "referenced_tweets": [
                {
                    "type": "replied_to",
                    "id": "1504192100996374535"
                }
            ],
            "id": "1504217455090098176"
        },
        {
            "author_id": "1349711978353340419",
            "text": "@bt_uk You team have illegally tracking trying to kill our niece Dodgy  Bt Open reach engineer has  tried killing our niece his name is mr Wilkinson and his Nepalese boss in the Uxbridge  Gerard cross area harrassment  for over a year her ex boyfriend gary hook has admitted topayingCash",
            "created_at": "2022-03-16T22:04:45.000Z",
            "referenced_tweets": [
                {
                    "type": "replied_to",
                    "id": "1501913261406445571"
                }
            ],
            "id": "1504217130908147717"
        },
        {
            "author_id": "226138451",
            "text": "@bt_uk Why can’t you help sort out our broadband order that has been cancelled several times leaving us weeks without internet at a property with no phone. Unable to work - disgraceful service",
            "created_at": "2022-03-16T22:04:40.000Z",
            "referenced_tweets": [
                {
                    "type": "replied_to",
                    "id": "1503390818043895808"
                }
            ],
            "id": "1504217109949296651"
        },
        {
            "author_id": "1349711978353340419",
            "text": "@bt_uk You team have illegally tracking trying to kill our niece Dodgy  Bt Open reach engineer has  tried killing our niece his name is mr Wilkinson and his Nepalese boss in the Uxbridge  Gerard cross area harrassment  for over a year her ex boyfriend gary hook has admitted to paying",
            "created_at": "2022-03-16T22:03:59.000Z",
            "referenced_tweets": [
                {
                    "type": "replied_to",
                    "id": "1503390818043895808"
                }
            ],
            "id": "1504216935457767426"
        },
        {
            "author_id": "1349711978353340419",
            "text": "@bt_uk You team have illegally tracking trying to kill our niece Dodgy  Bt Open reach engineer has  tried killing our niece his name is mr Wilkinson and his Nepalese boss in the Uxbridge  Gerard cross area harrassment  for over a year her ex boyfriend gary hook has admitted",
            "created_at": "2022-03-16T22:03:44.000Z",
            "referenced_tweets": [
                {
                    "type": "replied_to",
                    "id": "1504076264478490630"
                }
            ],
            "id": "1504216875017854976"
        },
        {
            "author_id": "226138451",
            "text": "@bt_uk why are you cancelling our order? No internet for an order placed in January- unable to work and being fobbed off all the time: total disgrace @WeAreOpenreach @OpenreachHelp",
            "created_at": "2022-03-16T22:03:30.000Z",
            "id": "1504216815358074881"
        },
        {
            "author_id": "53661114",
            "text": "@bt_uk Hi Rob,\nI have received nothing of the sort in any of my correspondence. Nor does it say anywhere you can change the prices mid contract which is leading me to feel I’ve been mid sold my broadband.",
            "created_at": "2022-03-16T22:03:05.000Z",
            "referenced_tweets": [
                {
                    "type": "replied_to",
                    "id": "1504216202352242700"
                }
            ],
            "id": "1504216710102102017"
        },
        {
            "author_id": "1349711978353340419",
            "text": "@bt_uk You team have illegally tracking trying to kill our niece Dodgy  Bt Open reach engineer has  tried killing our niece his name is mr Wilkinson and his Nepalese boss in the Uxbridge  Gerard cross area harrassment  for over a year her ex boyfriend gary hook has admitted to paying",
            "created_at": "2022-03-16T21:59:53.000Z",
            "referenced_tweets": [
                {
                    "type": "replied_to",
                    "id": "1504199049565589509"
                }
            ],
            "id": "1504215904300810247"
        },
        {
            "author_id": "1349711978353340419",
            "text": "@bt_uk You team have illegally tracking trying to kill our niece Dodgy  Bt Open reach engineer has  tried killing our niece his name is mr Wilkinson and his Nepalese boss in the Uxbridge  Gerard cross area harrassment  for over a year her ex boyfriend gary hook has admitted to paying",
            "created_at": "2022-03-16T21:56:23.000Z",
            "referenced_tweets": [
                {
                    "type": "replied_to",
                    "id": "1504076264478490630"
                }
            ],
            "id": "1504215024591687684"
        },
        {
            "author_id": "1093962407280545793",
            "text": "@bt_uk your internet is terrible jfc",
            "created_at": "2022-03-16T21:52:15.000Z",
            "id": "1504213984970522626"
        },
        {
            "author_id": "560488040",
            "text": "@bt_uk Ive already done that and its sorted but annoying that i have done that countless times over the last few weeks/months",
            "created_at": "2022-03-16T21:50:17.000Z",
            "referenced_tweets": [
                {
                    "type": "replied_to",
                    "id": "1504207631434592258"
                }
            ],
            "id": "1504213489799344139"
        },
        {
            "author_id": "20142189",
            "text": "Has anyone else had connections issues with @bt_uk since starting a move to someone else? My connection isn’t lasting an hour before it disconnects. Can’t be a coincidence that it starts on same day I request a move!!!!",
            "created_at": "2022-03-16T21:49:03.000Z",
            "id": "1504213181065052170"
        },
        {
            "author_id": "217486220",
            "text": "@iarepilot @engineers_feed The state of broadband in the UK is embarrassing. We label 50Mb as \"ultrafast\". I live 10 miles from the capital. Been on ever decreasing fttc via Victorian copper for 11 years with no sign of any improvement in sight. @OpenreachHelp @virginmedia @VodafoneUK @bt_uk @SkyUK",
            "created_at": "2022-03-16T21:36:44.000Z",
            "referenced_tweets": [
                {
                    "type": "replied_to",
                    "id": "1504167343114620935"
                }
            ],
            "id": "1504210077879840773"
        },
        {
            "author_id": "761302161544376324",
            "text": "@bt_uk hi, I’ve just placed a new broadband order but haven’t received the confirmation email yet? It was placed around 20:50",
            "created_at": "2022-03-16T21:32:05.000Z",
            "id": "1504208907861991428"
        },
        {
            "author_id": "1349711978353340419",
            "text": "@bt_uk You  dont do enough  Open reach engineer has  tried killing our niece his name is mr Wilkinson and his Nepalese boss in the Uxbridge  Gerard cross area harrassment  for over a year her ex boyfriend gary hook  has admitted to paying them nothing ever gets done how in data p Gdpr",
            "created_at": "2022-03-16T21:10:56.000Z",
            "referenced_tweets": [
                {
                    "type": "replied_to",
                    "id": "1503390818043895808"
                }
            ],
            "id": "1504203587181817860"
        },
        {
            "author_id": "1349711978353340419",
            "text": "@bt_uk You don't do enough Bt Open reach engineer has tried killing our niece his name is mr Wilkinson and his Nepalese boss in the Uxbridge  Gerard cross area harrassment  for over a year her ex boyfriend gary hook  has admitted to paying them cash  nothing ever gets done police",
            "created_at": "2022-03-16T21:10:38.000Z",
            "referenced_tweets": [
                {
                    "type": "replied_to",
                    "id": "1504076264478490630"
                }
            ],
            "id": "1504203512024076288"
        },
        {
            "author_id": "327061693",
            "text": "@TideLineArt @PKPorthcurno @signalsmuseum @tomstandage Around 1850-1900 there was a revolution in the global telegraph network. But the costs and complexities of early undersea cables were immense.\nInteresting factoid; latency levels are governed by physics and have barely changed since the 1800's. Particularly on @BT_UK services. ;)",
            "created_at": "2022-03-16T21:06:31.000Z",
            "referenced_tweets": [
                {
                    "type": "replied_to",
                    "id": "1504200934133579780"
                }
            ],
            "id": "1504202477121507332"
        },
        {
            "author_id": "1349711978353340419",
            "text": "@bt_uk Bt  Open reach are a completely rogue company we had this chap mr Wilkinson and his Nepalese boss in the Uxbridge  Gerard cross area  stalking our niece for over a year her ex boyfriend has admitted to paying them nothing ever gets done how in these days of data privacy Gdpr",
            "created_at": "2022-03-16T20:53:25.000Z",
            "referenced_tweets": [
                {
                    "type": "replied_to",
                    "id": "1503390818043895808"
                }
            ],
            "id": "1504199177743523840"
        },
        {
            "author_id": "1349711978353340419",
            "text": "@bt_uk Bt Open reach are a completely rogue company we had this chap mr Wilkinson and his Nepalese boss in the Uxbridge Gerard cross area stalking our niece for over a year bullies her ex boyfriend gary  hook  has admitted to paying them nothing ever gets done how in these days of Gdpr",
            "created_at": "2022-03-16T20:52:54.000Z",
            "referenced_tweets": [
                {
                    "type": "replied_to",
                    "id": "1504076264478490630"
                }
            ],
            "id": "1504199049565589509"
        },
        {
            "author_id": "135796212",
            "text": "@bt_uk Please take note @bt_uk the moment @virginmedia Is available where I live I will be terminating my contract and moving to Virgin.\n\nI have never dealt with a company as bad as BT when it comes to moving house.\n\nDiabolical service by your engineers.\n\nI hope everyone avoids BT!",
            "created_at": "2022-03-16T20:52:17.000Z",
            "referenced_tweets": [
                {
                    "type": "replied_to",
                    "id": "1504197898484998145"
                }
            ],
            "id": "1504198895294980103"
        },
        {
            "author_id": "1349711978353340419",
            "text": "@bt_uk BT Open reach are a completely rogue company we had this chap mr Wilkinson and his Nepalese boss in the Uxbridge  Gerard cross area  stalking our niece for over a year her ex boyfriend has admitted to paying them cash  nothing ever gets done how in these days of data privacy Gdpr",
            "created_at": "2022-03-16T20:51:00.000Z",
            "referenced_tweets": [
                {
                    "type": "replied_to",
                    "id": "1503390818043895808"
                }
            ],
            "id": "1504198569120645124"
        },
        {
            "author_id": "1349711978353340419",
            "text": "@bt_uk Open reach are a completely rogue company we had this chap mr Wilkinson and his Nepalese boss in the Uxbridge  Gerard cross area  stalking our niece for over a year her ex boyfriend has admitted to paying them cash  nothing ever gets done how in these days of data privacy Gdpr",
            "created_at": "2022-03-16T20:49:50.000Z",
            "referenced_tweets": [
                {
                    "type": "replied_to",
                    "id": "1503717651746418691"
                }
            ],
            "id": "1504198277796925443"
        },
        {
            "author_id": "1349711978353340419",
            "text": "@bt_uk Open reach are a completely rogue company we had this chap mr Wilkinson and his Nepalese boss in the Uxbridge  Gerard cross area  stalking our niece for over a year her ex boyfriend has admitted to paying them nothing ever gets done how in these days of data privacy Gdpr   this",
            "created_at": "2022-03-16T20:48:48.000Z",
            "referenced_tweets": [
                {
                    "type": "replied_to",
                    "id": "1504076264478490630"
                }
            ],
            "id": "1504198017834008583"
        },
        {
            "author_id": "157423711",
            "text": "@BTCare @bt_uk WHY are SO many Spam Emails getting through ? ( Bitcoin, McAffe,Martin Lewis or Dragons Den). You should do much better at filtering them out, I am blocking many every  week &amp; still they keep coming..DO BETTER !\n\nNon IT Savvy people will just end up being scammed",
            "created_at": "2022-03-16T20:31:00.000Z",
            "id": "1504193538476625929"
        },
        {
            "author_id": "53661114",
            "text": "@bt_uk I took out a 24 month fixed deal with you last month. Today I’ve had a letter saying my tariff is going up by £2.69 per month from next month. That is not what I signed up for and to say I am angry is an understatement.",
            "created_at": "2022-03-16T20:29:10.000Z",
            "id": "1504193074376937475"
        },
        {
            "author_id": "458554900",
            "text": "@bt_uk I’ve sent one thanks Brian",
            "created_at": "2022-03-16T20:28:01.000Z",
            "referenced_tweets": [
                {
                    "type": "replied_to",
                    "id": "1504191985556590602"
                }
            ],
            "id": "1504192786689662976"
        },
        {
            "author_id": "905478119431262208",
            "text": "@bt_uk It probably won’t be because either me my wife or my son won’t be watching their favourite sport thanks for not understanding",
            "created_at": "2022-03-16T20:23:37.000Z",
            "referenced_tweets": [
                {
                    "type": "replied_to",
                    "id": "1504190356237299713"
                }
            ],
            "id": "1504191677598437376"
        },
        {
            "author_id": "560488040",
            "text": "@bt_uk how can i be stuck in a contract until October been in the house 5 years and havent switched provider. Broadband is useless constantly dropping and reporting faults and got the cheek to increase the price!!! Jokers",
            "created_at": "2022-03-16T20:16:07.000Z",
            "id": "1504189793793712128"
        },
        {
            "author_id": "498022646",
            "text": "@engineers_feed @bt_uk fibre supposedly...#Crap 🇬🇧 🤷 https://t.co/0Rwfw6dB0M",
            "created_at": "2022-03-16T20:15:26.000Z",
            "referenced_tweets": [
                {
                    "type": "replied_to",
                    "id": "1504160614523965442"
                }
            ],
            "id": "1504189618538881031"
        },
        {
            "author_id": "1210672700655624192",
            "text": "@bt_uk how can you justify the price increases you have introduced to your customers. My bill is going up by nearly £10 a month and I can’t end my contract as you have said I will have to pay nearly £300 to leave you. It’s shocking",
            "created_at": "2022-03-16T20:13:55.000Z",
            "id": "1504189238379794436"
        },
        {
            "author_id": "905478119431262208",
            "text": "@bt_uk But not in the same house at the same time  like to day football cricket and badminton \nHmmm  so your advert some what misleading \n\n Sky allow 3 streams at once and if you want you can purchase more",
            "created_at": "2022-03-16T20:06:58.000Z",
            "referenced_tweets": [
                {
                    "type": "replied_to",
                    "id": "1504185053269704710"
                }
            ],
            "id": "1504187488423792650"
        },
        {
            "author_id": "773990252386127873",
            "text": "@techskillsorg @buzzinbee3 @naomitimperley @BTEarlyCareers @bt_uk 🤣",
            "created_at": "2022-03-16T19:55:06.000Z",
            "referenced_tweets": [
                {
                    "type": "replied_to",
                    "id": "1504071847821905921"
                }
            ],
            "id": "1504184502704386050"
        },
        {
            "author_id": "905478119431262208",
            "text": "@bt_uk https://t.co/VFqUZJ0P9d",
            "created_at": "2022-03-16T19:53:22.000Z",
            "referenced_tweets": [
                {
                    "type": "replied_to",
                    "id": "1504183228978114560"
                }
            ],
            "id": "1504184064516968448"
        },
        {
            "author_id": "905478119431262208",
            "text": "@bt_uk So your advert isn’t true you can’t watch as much sport as you want?",
            "created_at": "2022-03-16T19:51:09.000Z",
            "referenced_tweets": [
                {
                    "type": "replied_to",
                    "id": "1504183228978114560"
                }
            ],
            "id": "1504183510734618635"
        },
        {
            "author_id": "912720288059621376",
            "text": "@bt_uk Can you please explain what’s going on here? Bridge of Allan - FK9 postcode? 15 days really? https://t.co/SYqRW6cWdm",
            "created_at": "2022-03-16T19:49:36.000Z",
            "referenced_tweets": [
                {
                    "type": "replied_to",
                    "id": "1504076264478490630"
                }
            ],
            "id": "1504183118588174339"
        },
        {
            "author_id": "1091388113459523589",
            "text": "@bt_uk I’ve sent one now Brian 👍🏼",
            "created_at": "2022-03-16T19:46:11.000Z",
            "referenced_tweets": [
                {
                    "type": "replied_to",
                    "id": "1504178652187086850"
                }
            ],
            "id": "1504182258219032585"
        },
        {
            "author_id": "458554900",
            "text": "@bt_uk guy my internet was meant to be back on at 7:30 this evening there’s a big champions league game that I need to watch and can’t because there’s no internet!",
            "created_at": "2022-03-16T19:39:09.000Z",
            "id": "1504180488931618822"
        },
        {
            "author_id": "271635231",
            "text": "@bt_uk hey, had an btopenworld email for as long as I can remember. I have no issues with downgrading to basic email, but can you confirm this will still work with outlook? Cheers https://t.co/53NsQj1OKz",
            "created_at": "2022-03-16T19:35:16.000Z",
            "id": "1504179510790565890"
        },
        {
            "author_id": "1479845029346787332",
            "text": "I have paid for my big sport package but sky sports channels aren’t working @btsport @bt_uk",
            "created_at": "2022-03-16T19:26:15.000Z",
            "id": "1504177240527065102"
        },
        {
            "author_id": "25095229",
            "text": "@virginmedia Hi I’m hoping you can help me. I was supposed to have my broadband installed on Monday and it’s been delayed. My @bt_uk internet is being cut off on Friday leaving me nothing for 10 days. I’ve rung up and been hung up on twice. #virginmedia #help",
            "created_at": "2022-03-16T19:21:45.000Z",
            "id": "1504176108807278592"
        },
        {
            "author_id": "1971224515",
            "text": "@bt_uk the digital landline is a disgrace, when our broadband is down (again) we have no landline - my elderly parents use this to contact us and it’s difficult to speak to anyone",
            "created_at": "2022-03-16T18:40:45.000Z",
            "id": "1504165790181957632"
        },
        {
            "author_id": "979333400397078528",
            "text": "@bt_uk Why is you internet so inconsistent what’s running it a potato it’s annoying",
            "created_at": "2022-03-16T18:35:15.000Z",
            "referenced_tweets": [
                {
                    "type": "replied_to",
                    "id": "1504076264478490630"
                }
            ],
            "id": "1504164407315779584"
        },
        {
            "author_id": "1091388113459523589",
            "text": "@bt_uk is the broadband down in the Abergele area ? Been struggling to connect for hours",
            "created_at": "2022-03-16T18:31:30.000Z",
            "id": "1504163463760912388"
        },
        {
            "author_id": "4871418358",
            "text": "@bt_uk hi. I have fibre to the property in Bristol. Normally it's fine but the last couple of ideas have been shocking. Any ideas? https://t.co/2CnnOBXxvu",
            "created_at": "2022-03-16T18:21:35.000Z",
            "id": "1504160966384275457"
        },
        {
            "author_id": "11940192",
            "text": "@bt_uk Thanks Dee, will do 😊 Surprised it's still an issue after all these years!",
            "created_at": "2022-03-16T18:21:06.000Z",
            "referenced_tweets": [
                {
                    "type": "replied_to",
                    "id": "1504146520366587910"
                }
            ],
            "id": "1504160847240826884"
        },
        {
            "author_id": "1065627500775116800",
            "text": "My emails @bt_uk landline @O2 mob @Skype #HACKED post stolen from ALL ethical police solicitors journalists with legal help/press campaign-Im #stalked daily-no friends unless #spycop minders\n\n📢@campbellclaret push @ClarenceHouse STOP the sadistic @GOVUK #hacking @UN_HRC @UN @hrw https://t.co/J1KY7Famc1",
            "created_at": "2022-03-16T18:15:06.000Z",
            "referenced_tweets": [
                {
                    "type": "replied_to",
                    "id": "1504159334208577540"
                }
            ],
            "id": "1504159338818064391"
        },
        {
            "author_id": "1065627500775116800",
            "text": "My emails @bt_uk landline @O2 mob @Skype are #HACKED post stolen from ALL ethical police solicitors journalists with legal help/press campaign-Im #stalked daily-no friends unless #spycop minders\n@Keir_Starmer push @ClarenceHouse STOP the sadistic \n@GOVUK #hacking @UN_HRC @UN @hrw https://t.co/lkRpl4uzCW",
            "created_at": "2022-03-16T18:11:17.000Z",
            "referenced_tweets": [
                {
                    "type": "replied_to",
                    "id": "1504158370911211522"
                }
            ],
            "id": "1504158375382335489"
        },
        {
            "author_id": "1493986681858498560",
            "text": "@bt_uk I called BT today and they have very kindly allowed me to exit my contract as I was running on 0Meg.\nAll done. \nThanks.",
            "created_at": "2022-03-16T18:11:04.000Z",
            "referenced_tweets": [
                {
                    "type": "replied_to",
                    "id": "1503713003690246150"
                }
            ],
            "id": "1504158321863008262"
        },
        {
            "author_id": "1065627500775116800",
            "text": "My emails @bt_uk landline @O2 mob @Skype are #HACKED post stolen from ALL ethical police solicitors journalists with legal help/press campaign-Im #stalked daily-no friends unless #spycop minders. \n\n@10DowningStreet push @ClarenceHouse STOP the sadistic @GOVUK #hacking @UN_HRC @UN https://t.co/WEEAY6hahL",
            "created_at": "2022-03-16T18:08:21.000Z",
            "referenced_tweets": [
                {
                    "type": "replied_to",
                    "id": "1504157634416553991"
                }
            ],
            "id": "1504157638975799299"
        },
        {
            "author_id": "1346747898525052930",
            "text": "@bt_uk This is my extra data used. My two daughters ran out ages ago! https://t.co/UZ6gfwFy9p",
            "created_at": "2022-03-16T18:07:42.000Z",
            "referenced_tweets": [
                {
                    "type": "replied_to",
                    "id": "1504122642139422725"
                }
            ],
            "id": "1504157476115070980"
        },
        {
            "author_id": "1065627500775116800",
            "text": "My emails @bt_uk landline @O2 mob @Skype are #HACKED post stolen from ALL ethical police solicitors journalists with legal help/press campaign-Im #stalked daily-no friends unless #spycop minders. \n\n@BorisJohnson  push @ClarenceHouse STOP the sadistic @GOVUK #hacking @UN_HRC @UN https://t.co/v0czp4zj96",
            "created_at": "2022-03-16T18:04:05.000Z",
            "referenced_tweets": [
                {
                    "type": "replied_to",
                    "id": "1504156559944962050"
                }
            ],
            "id": "1504156565267525636"
        },
        {
            "author_id": "1065627500775116800",
            "text": "My emails @bt_uk landline @O2 mob @Skype are #HACKED post stolen from ALL ethical police solicitors journalists with legal help/press campaign-Im #stalked daily-no friends unless #spycop minders \n@DominicRaab push @ClarenceHouse STOP the sadistic @GOVUK #hacking @UN_HRC @UN @EHRC https://t.co/wvWTGHFB8b",
            "created_at": "2022-03-16T18:00:37.000Z",
            "referenced_tweets": [
                {
                    "type": "replied_to",
                    "id": "1504155687856840708"
                }
            ],
            "id": "1504155692474716161"
        },
        {
            "author_id": "145785983",
            "text": "@techskillsorg @naomitimperley @bt_uk @ruby_melling @OldhamRobin “Naomi Live” has a ring to it…you should work on that one",
            "created_at": "2022-03-16T17:56:12.000Z",
            "referenced_tweets": [
                {
                    "type": "replied_to",
                    "id": "1504046914744033282"
                }
            ],
            "id": "1504154581483278336"
        },
        {
            "author_id": "1065627500775116800",
            "text": "My emails @bt_uk landline @O2 mob @Skype are #HACKED post stolen from ANY decent police solicitors journalists with legal help/national press campaign-Im #stalked daily-no friends unless #spycop minders @pritipatel push @ClarenceHouse STOP the sadistic @GOVUK #hacking @UN_HRC @UN https://t.co/cq2jogYvsu",
            "created_at": "2022-03-16T17:56:10.000Z",
            "referenced_tweets": [
                {
                    "type": "replied_to",
                    "id": "1504154357406781447"
                }
            ],
            "id": "1504154571907731466"
        },
        {
            "author_id": "145785983",
            "text": "@techskillsorg @naomitimperley @mymanuofficial @bt_uk @BTEarlyCareers @techUK I like that, it’s a sacrifice and it’s hard, not all pizzas and teslas",
            "created_at": "2022-03-16T17:54:15.000Z",
            "referenced_tweets": [
                {
                    "type": "replied_to",
                    "id": "1504058824692584450"
                }
            ],
            "id": "1504154088539312134"
        },
        {
            "author_id": "1065627500775116800",
            "text": "My emails @bt_uk landline @O2 mob @Skype are #HACKED post stolen from ANY decent police solicitors journalists with legal help/national press campaign-Im #stalked daily-no friends unless #spycop minders\n@UN_SPExperts PLZ push @HumanRightsCtte @UN @EHRC @BIHRhumanrights @AmnestyUK https://t.co/LsXeHtvahQ",
            "created_at": "2022-03-16T17:49:07.000Z",
            "referenced_tweets": [
                {
                    "type": "replied_to",
                    "id": "1504152790964355073"
                }
            ],
            "id": "1504152796689403908"
        },
        {
            "author_id": "526775674",
            "text": "@bt_uk @skytv @bt_uk Thanks for the pointless credit search on my file. Maybe tell your advisers to tell the truth when asked about install lead times.",
            "created_at": "2022-03-16T17:37:31.000Z",
            "referenced_tweets": [
                {
                    "type": "replied_to",
                    "id": "1504149359969161216"
                }
            ],
            "id": "1504149879559438341"
        },
        {
            "author_id": "526775674",
            "text": "@bt_uk Cancel @skytv as they can't install broadband until end of April, ring BT and am assured installation date is within 2 weeks, purchase BT and given an install date of around 3 weeks only to now have it changed to the end of April. Adviser on phone couldn't care less 😡😡😡",
            "created_at": "2022-03-16T17:35:27.000Z",
            "id": "1504149359969161216"
        },
        {
            "author_id": "11940192",
            "text": "@bt_uk From the email, \"an offer just for you\" links to \"We can't show you any personalised deals at the moment.\" So no, it doesn't work. MyBT also has a banner, and it links to exactly the same place. https://t.co/u4Ssg9fwQg",
            "created_at": "2022-03-16T17:21:39.000Z",
            "referenced_tweets": [
                {
                    "type": "replied_to",
                    "id": "1504145250960424960"
                }
            ],
            "id": "1504145885051203584"
        },
        {
            "author_id": "1065627500775116800",
            "text": "@theroyaleditor The week @Telegraph @guardian\n#Savile story &amp; @DiscoveryUK doc my @bt_uk landline  @O2 mob. were shut down\n\n@MetCC @metpoliceuk @PoliceChiefs @NCA_UK\n@policeconduct @netpol @UN @DameLynneOwens\n@policecommander @WMerciaPolice @sussex_police\n\nhttps://t.co/03Dq8DeNVM",
            "created_at": "2022-03-16T17:16:31.000Z",
            "referenced_tweets": [
                {
                    "type": "replied_to",
                    "id": "1504144590772781060"
                }
            ],
            "id": "1504144593486503942"
        },
        {
            "author_id": "1065627500775116800",
            "text": "@theroyaleditor The week @Telegraph @guardian\n#Savile story &amp; @DiscoveryUK doc my @bt_uk landline  @O2 mob. were shut down\n\n@MetCC @metpoliceuk @PoliceChiefs @NCA_UK\n@policeconduct @netpol @UN @DameLynneOwens\n@policecommander @WMerciaPolice @sussex_police\n\nhttps://t.co/BbDjKquOqM",
            "created_at": "2022-03-16T17:16:30.000Z",
            "referenced_tweets": [
                {
                    "type": "replied_to",
                    "id": "1504144587799023624"
                }
            ],
            "id": "1504144590772781060"
        },
        {
            "author_id": "1065627500775116800",
            "text": "@theroyaleditor The week @Telegraph @guardian\n#Savile story &amp; @DiscoveryUK doc my @bt_uk landline  @O2 mob. were shut down\n\n@MetCC @metpoliceuk @PoliceChiefs @NCA_UK\n@policeconduct @netpol @UN @DameLynneOwens\n@policecommander @WMerciaPolice @sussex_police\n\nhttps://t.co/HSMA4NYi0y",
            "created_at": "2022-03-16T17:16:30.000Z",
            "referenced_tweets": [
                {
                    "type": "quoted",
                    "id": "1501411815611416583"
                },
                {
                    "type": "replied_to",
                    "id": "1504144584896561162"
                }
            ],
            "id": "1504144587799023624"
        },
        {
            "author_id": "469809729",
            "text": "@bt_uk how come my now tv channels have gone off ? I put in 385 and 439 for Sky News and Sports news (watch these all the time) on my BT box and it comes up IPC6007 all of a sudden.  Thanks",
            "created_at": "2022-03-16T17:13:07.000Z",
            "id": "1504143738859307008"
        },
        {
            "author_id": "198619794",
            "text": "@virginmedia quality customer retention??? Looking to reduce my monthly cost and take channels off and get offered the same price as I am paying for a reduced package. Then get a second offer with a massive £7 per month reduction. @bt_uk or @SkyUK here I come!!!",
            "created_at": "2022-03-16T17:06:07.000Z",
            "id": "1504141978191249408"
        },
        {
            "author_id": "1463414924",
            "text": "@bt_uk Ok",
            "created_at": "2022-03-16T17:02:30.000Z",
            "referenced_tweets": [
                {
                    "type": "replied_to",
                    "id": "1504136843264241674"
                }
            ],
            "id": "1504141064529227786"
        },
        {
            "author_id": "31228262",
            "text": "Just in the process of cancelling my planned installation with @virginmedia and going with @bt_uk instead. The customer service bar has been set very low by @virginmedia so shouldn’t be a problem for  @bt_uk to do better. #getconnected",
            "created_at": "2022-03-16T16:58:26.000Z",
            "id": "1504140043719430149"
        },
        {
            "author_id": "3475467441",
            "text": "@AAllenSport @EE @bt_uk Oh no! Never go full Custis!",
            "created_at": "2022-03-16T16:45:43.000Z",
            "referenced_tweets": [
                {
                    "type": "replied_to",
                    "id": "1504136464778551297"
                }
            ],
            "id": "1504136841280249856"
        },
        {
            "author_id": "218439628",
            "text": "There's an outside chance I might have to go full Custis on @EE and @bt_uk.",
            "created_at": "2022-03-16T16:44:13.000Z",
            "id": "1504136464778551297"
        },
        {
            "author_id": "1463414924",
            "text": "@bt_uk That’s what I thought, I have vip entertainment but no Netflix 😞. When I spoke to an advisor they said I could have it as an add-on",
            "created_at": "2022-03-16T16:39:21.000Z",
            "referenced_tweets": [
                {
                    "type": "replied_to",
                    "id": "1504130265693790218"
                }
            ],
            "id": "1504135238666141697"
        },
        {
            "author_id": "210463468",
            "text": "@bt_uk No. We use a gmail account.",
            "created_at": "2022-03-16T16:19:20.000Z",
            "referenced_tweets": [
                {
                    "type": "replied_to",
                    "id": "1504129547477958670"
                }
            ],
            "id": "1504130203517431813"
        },
        {
            "author_id": "1463414924",
            "text": "@bt_uk Does your vip entertainment package include Netflix?",
            "created_at": "2022-03-16T16:13:43.000Z",
            "referenced_tweets": [
                {
                    "type": "replied_to",
                    "id": "1504076264478490630"
                }
            ],
            "id": "1504128791324598275"
        },
        {
            "author_id": "972973651007025152",
            "text": "Been in a chat waiting 4hrs for someone at @virginmedia ridiculous bet when they come on they'll say they only help people on UC so I'll be looking at other providers. @SkyUK @bt_uk",
            "created_at": "2022-03-16T16:11:26.000Z",
            "id": "1504128217191534609"
        },
        {
            "author_id": "103663345",
            "text": "@MartinSLewis 108Mb broadband for £17/month…whilst I am charged over £30 for a guaranteed minimum of 20Mb…that’s before @bt_uk hike the price next month.",
            "created_at": "2022-03-16T16:08:37.000Z",
            "referenced_tweets": [
                {
                    "type": "replied_to",
                    "id": "1504078207821230080"
                }
            ],
            "id": "1504127507729195013"
        },
        {
            "author_id": "819227461",
            "text": "@bt_uk That's all, thanks.",
            "created_at": "2022-03-16T16:06:42.000Z",
            "referenced_tweets": [
                {
                    "type": "replied_to",
                    "id": "1504118093592903681"
                }
            ],
            "id": "1504127024423649281"
        },
        {
            "author_id": "210463468",
            "text": "@bt_uk Actually I do have my phone &amp; broadband with you but that's irrelevant to this issue!",
            "created_at": "2022-03-16T16:03:51.000Z",
            "referenced_tweets": [
                {
                    "type": "replied_to",
                    "id": "1504125594711244806"
                }
            ],
            "id": "1504126306690162690"
        },
        {
            "author_id": "349129052",
            "text": "@bt_uk DM sent",
            "created_at": "2022-03-16T16:03:36.000Z",
            "referenced_tweets": [
                {
                    "type": "replied_to",
                    "id": "1504125808805355522"
                }
            ],
            "id": "1504126241900843011"
        },
        {
            "author_id": "210463468",
            "text": "@bt_uk I don't have an account with you, I'm having problems emailing people who have BTinternet &amp; BTopenworld email addresses.",
            "created_at": "2022-03-16T16:03:03.000Z",
            "referenced_tweets": [
                {
                    "type": "replied_to",
                    "id": "1504125594711244806"
                }
            ],
            "id": "1504126106135367684"
        },
        {
            "author_id": "349129052",
            "text": "@bt_uk Should I send it via dm",
            "created_at": "2022-03-16T16:02:19.000Z",
            "referenced_tweets": [
                {
                    "type": "replied_to",
                    "id": "1504125808805355522"
                }
            ],
            "id": "1504125919862083594"
        },
        {
            "author_id": "349129052",
            "text": "@bt_uk It’s a new service we had in October",
            "created_at": "2022-03-16T15:59:54.000Z",
            "referenced_tweets": [
                {
                    "type": "replied_to",
                    "id": "1504125183644291078"
                }
            ],
            "id": "1504125311906164739"
        },
        {
            "author_id": "210463468",
            "text": "@bt_uk Hi Elaine, it's going from me but I've received message not delivered notifications that say this - 554 Message rejected on 2022/03/15 11:06:05 GMT, policy (3.2.1.1) ID (6227FA0701222964) - Your message looks like SPAM or has been reported as SPAM",
            "created_at": "2022-03-16T15:56:21.000Z",
            "referenced_tweets": [
                {
                    "type": "replied_to",
                    "id": "1504122204258291719"
                }
            ],
            "id": "1504124419106615299"
        },
        {
            "author_id": "356896236",
            "text": "Congratulation to final year students Lara Pearson Toby Oates and Luke Eason from @lborouniversity for taking the first prize in our #TechTitans competition today at Tech Industry Gold Live in Birmingham.\n\n@bt_uk  are the sponsors of the event and the Tech Titans awards. #TIGLive https://t.co/KcbVbe16oo",
            "created_at": "2022-03-16T15:55:25.000Z",
            "id": "1504124185077030921"
        },
        {
            "author_id": "1346747898525052930",
            "text": "@bt_uk After this post. Still absolutely diabolical. A rip off and your guaranteed WiFi a lie. Estimated repair… wow a month !",
            "created_at": "2022-03-16T15:46:23.000Z",
            "referenced_tweets": [
                {
                    "type": "replied_to",
                    "id": "1504120744200085509"
                }
            ],
            "id": "1504121912431202304"
        },
        {
            "author_id": "210463468",
            "text": "@bt_uk Hi, I'm Secretary of a Beach Hut association &amp; have tried to send an email with attachments to our members. Unfortunately your email systems have rejected it as spam. How do I resolve this, it's affected about 50 members?",
            "created_at": "2022-03-16T15:43:47.000Z",
            "id": "1504121257939419138"
        },
        {
            "author_id": "819227461",
            "text": "@bt_uk BT 4600 (one without call answering feature; just a button on base saying 'Find phone'). A relation bought it. Very good in many ways, but shame about the light.",
            "created_at": "2022-03-16T15:14:13.000Z",
            "referenced_tweets": [
                {
                    "type": "replied_to",
                    "id": "1504113207719481345"
                }
            ],
            "id": "1504113817629900803"
        },
        {
            "author_id": "1346747898525052930",
            "text": "@bt_uk are you having a laugh? \n\nNo WiFi since 18.02 despite it being guaranteed! Just got message saying engineer visit in Feb cancelled\n\nCharged full price minus £16 even though I have no WiFi, can’t use apps I pay for thru you and am losing income cos I can’t work from home! https://t.co/3nEKgyElEB https://t.co/ZTvHp881XJ",
            "created_at": "2022-03-16T14:57:57.000Z",
            "referenced_tweets": [
                {
                    "type": "quoted",
                    "id": "1498726598937354250"
                }
            ],
            "id": "1504109723372724224"
        },
        {
            "author_id": "819227461",
            "text": "@bt_uk Thanks, but the user guide doesn't provide answer. I can keep that number for next time.\nFinally found the answer via Amazon reviews and Q&amp;As.\nDisappointed that unlike every other device, the charge light does not change colour when phone is charged.",
            "created_at": "2022-03-16T14:45:33.000Z",
            "referenced_tweets": [
                {
                    "type": "replied_to",
                    "id": "1504104630640418819"
                }
            ],
            "id": "1504106601975885831"
        },
        {
            "author_id": "819227461",
            "text": "There is no technical support if you buy a @bt_uk cordless phone and think there might be a fault with it. Their website help is only for broadband, mobiles etc. They attempt to help but answers provided turn out to be incorrect and based on no technical knowledge of the product.",
            "created_at": "2022-03-16T14:28:25.000Z",
            "id": "1504102289946071040"
        },
        {
            "author_id": "1304385139288481792",
            "text": "@Experian_UK @bt_uk @Equifax @financialombuds Thank you for the info, I’ll look into this.",
            "created_at": "2022-03-16T14:21:59.000Z",
            "referenced_tweets": [
                {
                    "type": "replied_to",
                    "id": "1504025898877702145"
                }
            ],
            "id": "1504100672647704584"
        },
        {
            "author_id": "2943885621",
            "text": "@bt_uk I just started my new account with BT broadband and TV. I clicked on the free 6 month Brit box option but for some reason it's not appearing on my account and it doesn't let me add it as your website says click 'get Britbox\" please help",
            "created_at": "2022-03-16T14:20:52.000Z",
            "id": "1504100389502820358"
        },
        {
            "author_id": "1365423904743948289",
            "text": "@bt_uk I don’t know why it’s been added it’s just come onto the bill for this month. I’ll dm you details now",
            "created_at": "2022-03-16T14:17:19.000Z",
            "referenced_tweets": [
                {
                    "type": "replied_to",
                    "id": "1504096178648096773"
                }
            ],
            "id": "1504099497810530304"
        },
        {
            "author_id": "1449494015469105157",
            "text": "@bt_uk Why is there no mobile phone network coverage in Porth, RCT?",
            "created_at": "2022-03-16T14:07:44.000Z",
            "referenced_tweets": [
                {
                    "type": "replied_to",
                    "id": "1504076264478490630"
                }
            ],
            "id": "1504097086316421123"
        },
        {
            "author_id": "1449494015469105157",
            "text": "@bt_uk why is there no network coverage in Porth in RCT?",
            "created_at": "2022-03-16T14:07:17.000Z",
            "id": "1504096971145060355"
        },
        {
            "author_id": "1365423904743948289",
            "text": "@bt_uk how come all of a sudden you have decided you want to charge me nearly £500 for my broadband package when I’m on a social tariff. No one online seems to know when I go on live chat",
            "created_at": "2022-03-16T13:57:06.000Z",
            "id": "1504094408806998022"
        },
        {
            "author_id": "520646105",
            "text": "Every time it's a little rainy or windy, I sit in my home bricking it in case my internet gets knocked out again. I've already lost £2,000 in WFH income because @bt_uk took 26 days to do so much as access the damage. If that happens again I'll be out of a job. Not good enough.",
            "created_at": "2022-03-16T13:55:01.000Z",
            "id": "1504093884648939520"
        },
        {
            "author_id": "61231283",
            "text": "@techskillsorg @mymanuofficial @bt_uk @BTEarlyCareers @techUK Legend",
            "created_at": "2022-03-16T13:49:54.000Z",
            "referenced_tweets": [
                {
                    "type": "replied_to",
                    "id": "1504057412432633858"
                }
            ],
            "id": "1504092597324816391"
        },
        {
            "author_id": "504766220",
            "text": "@bt_uk Thanks",
            "created_at": "2022-03-16T13:25:24.000Z",
            "referenced_tweets": [
                {
                    "type": "replied_to",
                    "id": "1504086313628229635"
                }
            ],
            "id": "1504086430410289155"
        },
        {
            "author_id": "2783929019",
            "text": "@bt_uk I will when I can.  Unfortunately I am off island at present.",
            "created_at": "2022-03-16T13:25:02.000Z",
            "referenced_tweets": [
                {
                    "type": "replied_to",
                    "id": "1504085377455464448"
                }
            ],
            "id": "1504086337506447370"
        },
        {
            "author_id": "2783929019",
            "text": "@bt_uk Apologies. Apparently an engineer came yesterday when I was not there.",
            "created_at": "2022-03-16T13:10:35.000Z",
            "referenced_tweets": [
                {
                    "type": "replied_to",
                    "id": "1504081495442481155"
                }
            ],
            "id": "1504082704656183298"
        },
        {
            "author_id": "718749001",
            "text": "@bt_uk BT and Open Reach are an absolute disgrace.  You have not turned up to 5 appointments to install broadband &amp; phone for my 78 year old mother in Portsmouth.",
            "created_at": "2022-03-16T13:07:12.000Z",
            "id": "1504081852834979849"
        }
    ],
    "includes": {
        "users": [
            {
                "id": "1349711978353340419",
                "username": "Claresm81267911",
                "name": "Clare smith"
            },
            {
                "id": "271635231",
                "location": "Woolacombe",
                "username": "TheSteCorcoran",
                "name": "Ste Corcoran"
            },
            {
                "id": "226138451",
                "username": "aimsplatt",
                "name": "amy fletcher"
            },
            {
                "id": "53661114",
                "location": "(She/her)",
                "username": "samanthaatk_",
                "name": "samantha"
            },
            {
                "id": "1093962407280545793",
                "location": "Myra, CY, DE",
                "username": "nerziia",
                "name": "mack🌅"
            },
            {
                "id": "560488040",
                "location": "newcastle",
                "username": "AshleighS1",
                "name": "ashleigh schindler"
            },
            {
                "id": "20142189",
                "location": "Manchester",
                "username": "bob_bill84",
                "name": "Robert McNicol"
            },
            {
                "id": "217486220",
                "location": "east lothian",
                "username": "biomulv",
                "name": "biomulv"
            },
            {
                "id": "761302161544376324",
                "location": "Cheshire, United Kingdom",
                "username": "CharlMartin95",
                "name": "Charlotte Martin"
            },
            {
                "id": "327061693",
                "location": "On the net.",
                "username": "NoDPI",
                "name": "NoDPI"
            },
            {
                "id": "135796212",
                "location": "Chelmsford, United Kingdom",
                "username": "DeadmanIncLive",
                "name": "James Buchanan"
            },
            {
                "id": "157423711",
                "username": "MarcoVanB_UK",
                "name": "Agent 47"
            },
            {
                "id": "458554900",
                "location": "Bristol",
                "username": "DanieleCerullo",
                "name": "DannyC"
            },
            {
                "id": "905478119431262208",
                "location": "North West, England",
                "username": "MuddMaurice",
                "name": "Maurice Mudd #GTTO #PR #FBPE"
            },
            {
                "id": "498022646",
                "location": "England, United Kingdom",
                "username": "DBudgen7",
                "name": "David budgen MBE #MCFC #CTID 💙💙"
            },
            {
                "id": "1210672700655624192",
                "location": "North East, England. ",
                "username": "lauracs248",
                "name": "Laura S"
            },
            {
                "id": "773990252386127873",
                "location": "💥Manchester UK💥UK Tech",
                "username": "SamWallDigital",
                "name": "Sam Wall Digital (MCIM/IOEE)🇺🇦 #AI #Digital"
            },
            {
                "id": "912720288059621376",
                "username": "DonaldMacKechn2",
                "name": "Donald MacKechnie"
            },
            {
                "id": "1091388113459523589",
                "location": "Wales, United Kingdom",
                "username": "georgewyn_",
                "name": "George Edwards"
            },
            {
                "id": "1479845029346787332",
                "username": "JadeBorton",
                "name": "Jade Borton"
            },
            {
                "id": "25095229",
                "location": "Burnley",
                "username": "NickT85",
                "name": "Nick Thompson"
            },
            {
                "id": "1971224515",
                "location": "Salford",
                "username": "kjshenton",
                "name": "Kris & Janet Shenton"
            },
            {
                "id": "979333400397078528",
                "username": "James07210718",
                "name": "James"
            },
            {
                "id": "4871418358",
                "location": "Bristol, England",
                "username": "benmoss80",
                "name": "Ben Moss"
            },
            {
                "id": "11940192",
                "location": "Bedford",
                "username": "wizpip",
                "name": "Phillip Parr"
            },
            {
                "id": "1065627500775116800",
                "username": "SueChester7",
                "name": "Sue Chester 🕊️🕊️🕊️🕊️🕊️🕊️🕊️🕊️🕊️🕊️🕊️🕊️"
            },
            {
                "id": "1493986681858498560",
                "location": "Wales",
                "username": "GayleRighton",
                "name": "Tiggy Hambleton"
            },
            {
                "id": "1346747898525052930",
                "location": "Dungannon, Northern Ireland",
                "username": "someotherfella1",
                "name": "ToriesLie"
            },
            {
                "id": "145785983",
                "location": "Manchester, England",
                "username": "billington_paul",
                "name": "Paul Billington"
            },
            {
                "id": "526775674",
                "username": "lpljimbo",
                "name": "lpljimbo"
            },
            {
                "id": "469809729",
                "location": "Burton On Trent",
                "username": "Andrewcjones86",
                "name": "Andrew Jones"
            },
            {
                "id": "198619794",
                "location": "Glasgow",
                "username": "harvhummingburd",
                "name": "Harvey"
            },
            {
                "id": "1463414924",
                "location": "Wales",
                "username": "WhoRuthie",
                "name": "🤓 🇬🇧🇹🇻🇺🇦"
            },
            {
                "id": "31228262",
                "username": "danielrsharp",
                "name": "Daniel R Sharp"
            },
            {
                "id": "3475467441",
                "location": "near Chicago, IL, USA",
                "username": "EatLoveRunPlay",
                "name": "BettyC"
            },
            {
                "id": "218439628",
                "location": "London",
                "username": "AAllenSport",
                "name": "Andrew Allen"
            },
            {
                "id": "210463468",
                "location": "Brightlingsea, England",
                "username": "CarolKetchley",
                "name": "Auntie Carol"
            },
            {
                "id": "972973651007025152",
                "location": "United Kingdom",
                "username": "sheriene_hannah",
                "name": "Sheriene"
            },
            {
                "id": "103663345",
                "username": "Burnside_5",
                "name": "Burnside"
            },
            {
                "id": "819227461",
                "location": "UK",
                "username": "_davidhansard",
                "name": "David Hansard"
            },
            {
                "id": "349129052",
                "location": "Weston, Cheshire",
                "username": "Mow_Cop_Snots",
                "name": "JS"
            },
            {
                "id": "356896236",
                "location": "10 Saint Bride, London",
                "username": "techskillsorg",
                "name": "TechSkills.org"
            },
            {
                "id": "1304385139288481792",
                "location": "Bristol, England",
                "username": "JamieSChampness",
                "name": "Jamie Champness"
            },
            {
                "id": "2943885621",
                "username": "davidlouiscarp1",
                "name": "David Carpenter"
            },
            {
                "id": "1365423904743948289",
                "location": "somewhere in the uk",
                "username": "pauldnerd",
                "name": "Weather Paul"
            },
            {
                "id": "1449494015469105157",
                "username": "EmMZM75",
                "name": "EmMz RoSsEr"
            },
            {
                "id": "520646105",
                "location": "Worthing, West Sussex, England",
                "username": "MelRobs4796",
                "name": "Melissa Kira"
            },
            {
                "id": "61231283",
                "location": "TV, Radio and Online too",
                "username": "dansodergren",
                "name": "Dan #FutureOfWork Sodergren"
            },
            {
                "id": "504766220",
                "location": "Corby",
                "username": "corbylad",
                "name": "Moff"
            },
            {
                "id": "2783929019",
                "username": "cecilia83311624",
                "name": "Cecilia Russell"
            },
            {
                "id": "718749001",
                "location": "London",
                "username": "rebeccaarcher4",
                "name": "rebecca archer"
            }
        ],
        "tweets": [
            {
                "author_id": "718749001",
                "text": "@bt_uk BT and Open Reach are an absolute disgrace.  You have not turned up to 5 appointments to install broadband &amp; phone for my 78 year old mother in Portsmouth.",
                "created_at": "2022-03-16T13:07:12.000Z",
                "id": "1504081852834979849"
            },
            {
                "author_id": "118750085",
                "text": "@TheSteCorcoran Hi, you can find out how to view your BT Email on an email client, like Outlook, on this link:   https://t.co/Nn9tntgJZn    . ^Theresa",
                "created_at": "2022-03-16T20:25:18.000Z",
                "referenced_tweets": [
                    {
                        "type": "replied_to",
                        "id": "1504179510790565890"
                    }
                ],
                "id": "1504192100996374535"
            },
            {
                "author_id": "118750085",
                "text": "We're ready for your messages, we'll be delighted to help!",
                "created_at": "2022-03-10T13:30:00.000Z",
                "id": "1501913261406445571"
            },
            {
                "author_id": "118750085",
                "text": "Good afternoon everyone! We're here to answer your BT questions 😀",
                "created_at": "2022-03-14T15:21:17.000Z",
                "id": "1503390818043895808"
            },
            {
                "author_id": "118750085",
                "text": "It's the middle of the week, and we're in the middle of helping our customers! We're only a tweet away, get in touch.",
                "created_at": "2022-03-16T12:45:00.000Z",
                "id": "1504076264478490630"
            },
            {
                "author_id": "118750085",
                "text": "@samanthaatk_ Hi Samantha. Im sorry you feel this way, We would have sent this information on any order confirmation, emails or letters. ^Rob",
                "created_at": "2022-03-16T22:01:04.000Z",
                "referenced_tweets": [
                    {
                        "type": "replied_to",
                        "id": "1504193074376937475"
                    }
                ],
                "id": "1504216202352242700"
            },
            {
                "author_id": "1349711978353340419",
                "text": "@bt_uk Bt Open reach are a completely rogue company we had this chap mr Wilkinson and his Nepalese boss in the Uxbridge Gerard cross area stalking our niece for over a year bullies her ex boyfriend gary  hook  has admitted to paying them nothing ever gets done how in these days of Gdpr",
                "created_at": "2022-03-16T20:52:54.000Z",
                "referenced_tweets": [
                    {
                        "type": "replied_to",
                        "id": "1504076264478490630"
                    }
                ],
                "id": "1504199049565589509"
            },
            {
                "author_id": "118750085",
                "text": "@AshleighS1 Sorry to hear this Ashleigh. Text FIX with your landline number &amp; Social Media username to 61998. This will automatically run tests on your line and if it doesn’t fix your issue then we'll be in touch. (Texts are free unless you are on Virgin mobile). Thanks ^Rob",
                "created_at": "2022-03-16T21:27:00.000Z",
                "referenced_tweets": [
                    {
                        "type": "replied_to",
                        "id": "1504189793793712128"
                    }
                ],
                "id": "1504207631434592258"
            },
            {
                "author_id": "92622911",
                "text": "@engineers_feed Too slow, given that it's 2022, and I live in one of the richest countries in the world. The regional inequity in UK broadband provision is a disgrace. Fibre should be ubiquitous by now, but we're still using Victorian era technology copper telephone wires in many places.",
                "created_at": "2022-03-16T18:46:55.000Z",
                "referenced_tweets": [
                    {
                        "type": "replied_to",
                        "id": "1504160614523965442"
                    }
                ],
                "id": "1504167343114620935"
            },
            {
                "author_id": "327061693",
                "text": "@TideLineArt @PKPorthcurno @signalsmuseum @tomstandage Oh sorry! When I found the Anglo-Irish cable info I deleted them. My first (incorrect?) thought was this,\nhttps://t.co/hPBgX25P4g\nSee also; https://t.co/7gLvWUO4oC",
                "created_at": "2022-03-16T21:00:24.000Z",
                "referenced_tweets": [
                    {
                        "type": "replied_to",
                        "id": "1504196851125436434"
                    }
                ],
                "id": "1504200934133579780"
            },
            {
                "author_id": "135796212",
                "text": "So BT have now given me a 6th date for my activation.\n\nSaying it will be activated tomorrow.\n\n@bt_uk Can you stop lying and just admit your not doing anything except covering your backs.\n\nYou've lied 5 times, why should I believe you now!",
                "created_at": "2022-03-16T20:48:20.000Z",
                "id": "1504197898484998145"
            },
            {
                "author_id": "118750085",
                "text": "It's Tuesday! Drop us a DM and we'll get back to you.",
                "created_at": "2022-03-15T13:00:00.000Z",
                "id": "1503717651746418691"
            },
            {
                "author_id": "118750085",
                "text": "@DanieleCerullo Sorry to hear that Danny, Can you DM your account number and address so I can check this for you? ^Brian",
                "created_at": "2022-03-16T20:24:50.000Z",
                "referenced_tweets": [
                    {
                        "type": "replied_to",
                        "id": "1504180488931618822"
                    }
                ],
                "id": "1504191985556590602"
            },
            {
                "author_id": "118750085",
                "text": "@MuddMaurice Thanks for your feedback! Have a nice evening ^Clare",
                "created_at": "2022-03-16T20:18:22.000Z",
                "referenced_tweets": [
                    {
                        "type": "replied_to",
                        "id": "1504187488423792650"
                    }
                ],
                "id": "1504190356237299713"
            },
            {
                "author_id": "3429950987",
                "text": "How fast is your internet connection and where are you?",
                "created_at": "2022-03-16T18:20:11.000Z",
                "id": "1504160614523965442"
            },
            {
                "author_id": "118750085",
                "text": "@MuddMaurice Yes all different types of Sport! 🙂👍 ^Clare",
                "created_at": "2022-03-16T19:57:17.000Z",
                "referenced_tweets": [
                    {
                        "type": "replied_to",
                        "id": "1504184064516968448"
                    }
                ],
                "id": "1504185053269704710"
            },
            {
                "author_id": "356896236",
                "text": "Never stop learning or caring! Naomi started her higher education journey at 44 and bring emotion to the room about the pride she had at getting a university qualification..\n\n#TechIndustryGold #TIGLive @naomitimperley @BTEarlyCareers @bt_uk https://t.co/sYhhDsTVGr",
                "created_at": "2022-03-16T12:27:27.000Z",
                "id": "1504071847821905921"
            },
            {
                "author_id": "118750085",
                "text": "@MuddMaurice Its been like that for a long time Maurice. You can access the BT Sport App and online player on as many supported devices as you like, but you can only watch two streams at the same time. ^Clare",
                "created_at": "2022-03-16T19:50:02.000Z",
                "referenced_tweets": [
                    {
                        "type": "replied_to",
                        "id": "1504173304755728385"
                    }
                ],
                "id": "1504183228978114560"
            },
            {
                "author_id": "118750085",
                "text": "@georgewyn_ Hi George, could you pop your details into this link - https://t.co/gqud2yQZpH\n\nIf there's nothing reported, could you DM me the following information. \n\n- Your BT Account Number or Full Address\n- Account Holders full name\n- Your best contact number\n\nThanks, ^Brian_A https://t.co/hBbj6tVEyH",
                "created_at": "2022-03-16T19:31:51.000Z",
                "referenced_tweets": [
                    {
                        "type": "replied_to",
                        "id": "1504163463760912388"
                    }
                ],
                "id": "1504178652187086850"
            },
            {
                "author_id": "118750085",
                "text": "@wizpip Ok, if you're on full fibre it can do this but if you dm the account number and a contact number I'm happy to call and pass you to our loyalty team to check for a new deal. ^Dee",
                "created_at": "2022-03-16T17:24:10.000Z",
                "referenced_tweets": [
                    {
                        "type": "replied_to",
                        "id": "1504145885051203584"
                    }
                ],
                "id": "1504146520366587910"
            },
            {
                "author_id": "1065627500775116800",
                "text": "@campbellclaret📢@GOVUK censor-theres a D-Notice on my story-the journalist whose @NHSuk bloods are doctored #defamed then sectioned the day #RussiaReport published 21 July 2020-Tribunal #corrupted but released 3 Aug 2020 with reams of sadistic defamatory notes. @UN @BBCNews @CNN https://t.co/hgL0IOcNZV",
                "created_at": "2022-03-16T18:15:05.000Z",
                "referenced_tweets": [
                    {
                        "type": "quoted",
                        "id": "1503702585252974600"
                    }
                ],
                "id": "1504159334208577540"
            },
            {
                "author_id": "1065627500775116800",
                "text": "@Keir_Starmer📢@GOVUK censor-theres a D-Notice on my story-the journalist whose @NHSuk bloods are doctored #defamed then sectioned the day #RussiaReport published 21 July 2020-Tribunal #corrupted but released 3 Aug 2020 with reams of sadistic defamatory notes. @UN @BBCNews @CNN https://t.co/hgL0IOcNZV",
                "created_at": "2022-03-16T18:11:16.000Z",
                "referenced_tweets": [
                    {
                        "type": "quoted",
                        "id": "1503702585252974600"
                    }
                ],
                "id": "1504158370911211522"
            },
            {
                "author_id": "118750085",
                "text": "@GayleRighton Hi,\n\nThanks for the message and sorry to hear of this situation.\n[;ease advise your BT account number / details and we will check the matter further.\n\nRgds ^Trevor",
                "created_at": "2022-03-15T12:41:32.000Z",
                "referenced_tweets": [
                    {
                        "type": "replied_to",
                        "id": "1503709662662864896"
                    }
                ],
                "id": "1503713003690246150"
            },
            {
                "author_id": "1065627500775116800",
                "text": "@10DowningStreet📢@GOVUK censor-theres a D-Notice on my story-the journalist whose @NHSuk bloods are doctored #defamed then sectioned the day #RussiaReport published 21 July 2020-Tribunal #corrupted but released 3 Aug 2020 with reams of sadistic defamatory notes.@UN @BBCNews @CNN https://t.co/hgL0IOcNZV",
                "created_at": "2022-03-16T18:08:20.000Z",
                "referenced_tweets": [
                    {
                        "type": "quoted",
                        "id": "1503702585252974600"
                    }
                ],
                "id": "1504157634416553991"
            },
            {
                "author_id": "118750085",
                "text": "@someotherfella1 Sorry you feel that way. There is additional engineer work being done on the fault on your line and the engineer are working on it. You're case handler will be in touch again on Monday. ^Clare",
                "created_at": "2022-03-16T15:49:17.000Z",
                "referenced_tweets": [
                    {
                        "type": "replied_to",
                        "id": "1504121912431202304"
                    }
                ],
                "id": "1504122642139422725"
            },
            {
                "author_id": "1065627500775116800",
                "text": "@BorisJohnson📢@GOVUK censor-theres a D-Notice on my story-the journalist whose @NHSuk blood tests are doctored, #defamed then sectioned the day #RussiaReport published 21 July 2020-Tribunal #corrupted but released 3 Aug 2020 with reams of sadistic defamatory notes. @UN @BBCNews https://t.co/JWVuYvBspW",
                "created_at": "2022-03-16T18:04:04.000Z",
                "referenced_tweets": [
                    {
                        "type": "quoted",
                        "id": "1503714702819536896"
                    }
                ],
                "id": "1504156559944962050"
            },
            {
                "author_id": "1065627500775116800",
                "text": "@DominicRaab NO @GOVUK censor-theres a D-Notice on my story-the journalist whose @NHSuk blood tests are doctored, #defamed then sectioned the day #RussiaReport published 21 July 2020-Tribunal #corrupted but released 3 Aug 2020 with reams of sadistic defamatory notes. @UN @BBCNews https://t.co/JWVuYvBspW",
                "created_at": "2022-03-16T18:00:36.000Z",
                "referenced_tweets": [
                    {
                        "type": "quoted",
                        "id": "1503714702819536896"
                    }
                ],
                "id": "1504155687856840708"
            },
            {
                "author_id": "356896236",
                "text": "Welcome to our guest speaker @naomitimperley for Tech Industry Gold Live @bt_uk Snow Hill London.\nPictured here with @ruby_melling @OldhamRobin \n\nWatch Naomi Live here from 11.00:\n\nhttps://t.co/bNSvZDackY\nPasscode: 564364 #TIGLive2022 #techindustrygold #TIGLIVE https://t.co/0TC3nrNxO5",
                "created_at": "2022-03-16T10:48:22.000Z",
                "id": "1504046914744033282"
            },
            {
                "author_id": "1065627500775116800",
                "text": "@pritipatel NO @GOVUK censor-there's a D-Notice on my story-the journalist whose @NHSuk blood tests are doctored, #defamed then sectioned the day #RussiaReport published 21 July 2020-Tribunal #corrupted but released 3 Aug 2020 with reams of sadistic defamatory notes. @UN @BBCNews https://t.co/JWVuYvBspW",
                "created_at": "2022-03-16T17:55:19.000Z",
                "referenced_tweets": [
                    {
                        "type": "quoted",
                        "id": "1503714702819536896"
                    }
                ],
                "id": "1504154357406781447"
            },
            {
                "author_id": "356896236",
                "text": "Blood, sweat and tears is all good if you have the passion says Danny Manu @mymanuofficial at Tech Industry Live #TIGLive #TechIndustryLive \n@bt_uk @BTEarlyCareers @techUK https://t.co/xeMXEr6d4K",
                "created_at": "2022-03-16T11:35:42.000Z",
                "id": "1504058824692584450"
            },
            {
                "author_id": "1065627500775116800",
                "text": "@PickardJE NO @GOVUK censor-there's a D-Notice on my story-the journalist whose @NHSuk blood tests are doctored, #defamed then sectioned the day #RussiaReport published 21 July 2020-Tribunal #corrupted but released 3 Aug 2020 with reams of sadistic defamatory notes. @UN @BBCNews https://t.co/JWVuYvBspW",
                "created_at": "2022-03-16T17:49:05.000Z",
                "referenced_tweets": [
                    {
                        "type": "quoted",
                        "id": "1503714702819536896"
                    }
                ],
                "id": "1504152790964355073"
            },
            {
                "author_id": "526775674",
                "text": "@bt_uk Cancel @skytv as they can't install broadband until end of April, ring BT and am assured installation date is within 2 weeks, purchase BT and given an install date of around 3 weeks only to now have it changed to the end of April. Adviser on phone couldn't care less 😡😡😡",
                "created_at": "2022-03-16T17:35:27.000Z",
                "id": "1504149359969161216"
            },
            {
                "author_id": "118750085",
                "text": "@wizpip Sorry to hear that but are you not seeing any offers when you click on the link? If now if you login to your MYBT account you'll see them there. ^Dee",
                "created_at": "2022-03-16T17:19:08.000Z",
                "referenced_tweets": [
                    {
                        "type": "replied_to",
                        "id": "1504144647345647621"
                    }
                ],
                "id": "1504145250960424960"
            },
            {
                "author_id": "1065627500775116800",
                "text": "@theroyaleditor The week @Telegraph @guardian\n#Savile story &amp; @DiscoveryUK doc my @bt_uk landline  @O2 mob. were shut down\n\n@MetCC @metpoliceuk @PoliceChiefs @NCA_UK\n@policeconduct @netpol @UN @DameLynneOwens\n@policecommander @WMerciaPolice @sussex_police\n\nhttps://t.co/BbDjKquOqM",
                "created_at": "2022-03-16T17:16:30.000Z",
                "referenced_tweets": [
                    {
                        "type": "replied_to",
                        "id": "1504144587799023624"
                    }
                ],
                "id": "1504144590772781060"
            },
            {
                "author_id": "1065627500775116800",
                "text": "@theroyaleditor The week @Telegraph @guardian\n#Savile story &amp; @DiscoveryUK doc my @bt_uk landline  @O2 mob. were shut down\n\n@MetCC @metpoliceuk @PoliceChiefs @NCA_UK\n@policeconduct @netpol @UN @DameLynneOwens\n@policecommander @WMerciaPolice @sussex_police\n\nhttps://t.co/HSMA4NYi0y",
                "created_at": "2022-03-16T17:16:30.000Z",
                "referenced_tweets": [
                    {
                        "type": "quoted",
                        "id": "1501411815611416583"
                    },
                    {
                        "type": "replied_to",
                        "id": "1504144584896561162"
                    }
                ],
                "id": "1504144587799023624"
            },
            {
                "author_id": "254770370",
                "text": "Prince William 'set to clash with BBC as his mother Princess Diana is portrayed in upcoming drama The Reckoning' chronicling the crimes of paedophile Jimmy Savile\nvia https://t.co/1EAkejioZW https://t.co/y8ChUSiRFD",
                "created_at": "2022-03-09T04:17:26.000Z",
                "id": "1501411815611416583"
            },
            {
                "author_id": "1065627500775116800",
                "text": "@theroyaleditor Diana endured the same #misogynistic vindictive smear campaign, undermined for the same reasons as me @GOVUK.\n#VIPChildSexAbuse #VIPCharityFraud\n\n@MetCC @WMerciaPolice @sussex_police @NCA_UK\n@metpoliceuk @PoliceChiefs @BBCWorld @cnnbrk @policeconduct @netpol @UN https://t.co/2sHSVkEntY",
                "created_at": "2022-03-16T17:16:29.000Z",
                "referenced_tweets": [
                    {
                        "type": "quoted",
                        "id": "1501490295724294153"
                    }
                ],
                "id": "1504144584896561162"
            },
            {
                "author_id": "118750085",
                "text": "@WhoRuthie Hi I'm sorry to see this.  If you speak to our Value team directly on 0800 783 1401 and they will be able to check this out for you and see what has been placed ^Sharon",
                "created_at": "2022-03-16T16:45:43.000Z",
                "referenced_tweets": [
                    {
                        "type": "replied_to",
                        "id": "1504135238666141697"
                    }
                ],
                "id": "1504136843264241674"
            },
            {
                "author_id": "218439628",
                "text": "There's an outside chance I might have to go full Custis on @EE and @bt_uk.",
                "created_at": "2022-03-16T16:44:13.000Z",
                "id": "1504136464778551297"
            },
            {
                "author_id": "118750085",
                "text": "@WhoRuthie Hi the VIP package includes Netflix.  If you have a look at this link and it will give you all the channels in this package https://t.co/U8lA0cpDQV ^Sharon",
                "created_at": "2022-03-16T16:19:35.000Z",
                "referenced_tweets": [
                    {
                        "type": "replied_to",
                        "id": "1504128791324598275"
                    }
                ],
                "id": "1504130265693790218"
            },
            {
                "author_id": "118750085",
                "text": "@CarolKetchley Is your email address a https://t.co/HQKXouDvmu email address ^Elaine",
                "created_at": "2022-03-16T16:16:44.000Z",
                "referenced_tweets": [
                    {
                        "type": "replied_to",
                        "id": "1504126306690162690"
                    }
                ],
                "id": "1504129547477958670"
            },
            {
                "author_id": "252569527",
                "text": "The MSE email's out now, incl\n\n108Mb b’dband £17/mth\nCheap Medical Insurances\nScam ads win\n“We earn £40k and got Universal credit”\n1% savings\nEnergy rise what’ll ur firm charge\n3 Urgent tax tips\nlow-price sanitary pads\nfree wills\ncheapest iphone 13\n\nSee https://t.co/bS4J70hBbx",
                "created_at": "2022-03-16T12:52:43.000Z",
                "id": "1504078207821230080"
            },
            {
                "author_id": "118750085",
                "text": "@_davidhansard It makes complete sense what you're saying David so we'll definitely feed this back.\n\nIs there anything else we can help with? ^Lisa",
                "created_at": "2022-03-16T15:31:13.000Z",
                "referenced_tweets": [
                    {
                        "type": "replied_to",
                        "id": "1504113817629900803"
                    }
                ],
                "id": "1504118093592903681"
            },
            {
                "author_id": "118750085",
                "text": "@CarolKetchley Thanks Carol. Is it a residential or business account you have with us ^Elaine",
                "created_at": "2022-03-16T16:01:01.000Z",
                "referenced_tweets": [
                    {
                        "type": "replied_to",
                        "id": "1504124419106615299"
                    }
                ],
                "id": "1504125594711244806"
            },
            {
                "author_id": "118750085",
                "text": "@Mow_Cop_Snots Ok, pop me over the full name and address on the account (please also confirm if you are the account holder) and I can have a look here ^Elaine",
                "created_at": "2022-03-16T16:01:52.000Z",
                "referenced_tweets": [
                    {
                        "type": "replied_to",
                        "id": "1504125311906164739"
                    }
                ],
                "id": "1504125808805355522"
            },
            {
                "author_id": "118750085",
                "text": "@Mow_Cop_Snots I can resend it via email and you can print out a copy of it - Was it a new order for service or did you upgrade your package? ^Elaine",
                "created_at": "2022-03-16T15:59:23.000Z",
                "referenced_tweets": [
                    {
                        "type": "replied_to",
                        "id": "1504124277209149441"
                    }
                ],
                "id": "1504125183644291078"
            },
            {
                "author_id": "118750085",
                "text": "@CarolKetchley Hi Carol, do you mean the email is sent from you ok but is going straight to the spam folder of the people you have sent this to? ^Elaine",
                "created_at": "2022-03-16T15:47:33.000Z",
                "referenced_tweets": [
                    {
                        "type": "replied_to",
                        "id": "1504121257939419138"
                    }
                ],
                "id": "1504122204258291719"
            },
            {
                "author_id": "118750085",
                "text": "@someotherfella1 I can seen your complaint reference - VOL013-660685731349 and your case handler sent you an update and advised the estimate repair date of your fault is the 18th March. We will have an update from our supplier on the 21st March when your case handler will then be in touch. ^Clare",
                "created_at": "2022-03-16T15:41:45.000Z",
                "referenced_tweets": [
                    {
                        "type": "replied_to",
                        "id": "1504109723372724224"
                    }
                ],
                "id": "1504120744200085509"
            },
            {
                "author_id": "118750085",
                "text": "@_davidhansard Hi David,\n\nThanks for coming back.\nIt is a bit odd, seeing as you are meant to stop charging a device once fully charged.\nIf you let me know the phone in question I will try to feed this information back.\n\nBest regards. ^Trevor",
                "created_at": "2022-03-16T15:11:48.000Z",
                "referenced_tweets": [
                    {
                        "type": "replied_to",
                        "id": "1504106601975885831"
                    }
                ],
                "id": "1504113207719481345"
            },
            {
                "author_id": "1346747898525052930",
                "text": "@bt_uk wow. Great service. Nothing from you since the 21st Feb except a bill! \n\nThis is your ‘guaranteed’ WiFi!!! \n\n#lies https://t.co/8WSf8LDO2c",
                "created_at": "2022-03-01T18:27:20.000Z",
                "id": "1498726598937354250"
            },
            {
                "author_id": "118750085",
                "text": "@_davidhansard Hi David,\n\nI am sorry you are having difficulty, please find some contact numbers as follows\n\nThe product helpdesk number is 0800 980 8999.\n\nYou can find some guides https://t.co/Mx0Vv9bflC \n\nor if you purchased from the BT Shop\n\nhttps://t.co/lDEytgSC7a\n\nBest regards ^Trevor",
                "created_at": "2022-03-16T14:37:43.000Z",
                "referenced_tweets": [
                    {
                        "type": "replied_to",
                        "id": "1504102289946071040"
                    }
                ],
                "id": "1504104630640418819"
            },
            {
                "author_id": "293979936",
                "text": "@JamieSChampness @bt_uk @Equifax @financialombuds Hi Jamie, if we have disputed the info and BT believe it is correct and won't amend it, the next step would be to contact the Office of the Information Commissioner who would be able to make a ruling as to whether it is correct or not https://t.co/tKlb8lV0xT Kind regards Neil",
                "created_at": "2022-03-16T09:24:52.000Z",
                "referenced_tweets": [
                    {
                        "type": "replied_to",
                        "id": "1504004244294221825"
                    }
                ],
                "id": "1504025898877702145"
            },
            {
                "author_id": "118750085",
                "text": "@pauldnerd Hi, what do you mean £500 Paul, for the year? I can check for you, can you DM your account number and address please? ^Brian",
                "created_at": "2022-03-16T14:04:08.000Z",
                "referenced_tweets": [
                    {
                        "type": "replied_to",
                        "id": "1504094408806998022"
                    }
                ],
                "id": "1504096178648096773"
            },
            {
                "author_id": "356896236",
                "text": "Speaking now is Danny Manu @mymanuofficial at Tech Industry Gold Live @bt_uk \n\nFrom music production to global mobile audio brand.\n\n#TechIndustryGoldLive #TIGLive @BTEarlyCareers @techUK https://t.co/g6w1XhlJrc",
                "created_at": "2022-03-16T11:30:05.000Z",
                "id": "1504057412432633858"
            },
            {
                "author_id": "118750085",
                "text": "@corbylad You would be best speaking to our Value team about this. You can call them directly on 0800 783 1401 ^ClaireC",
                "created_at": "2022-03-16T13:24:56.000Z",
                "referenced_tweets": [
                    {
                        "type": "replied_to",
                        "id": "1504077267835707394"
                    }
                ],
                "id": "1504086313628229635"
            },
            {
                "author_id": "118750085",
                "text": "@cecilia83311624 Thanks for letting us know Cecelia. Can you confirm the service is working again fully now? ^Janet",
                "created_at": "2022-03-16T13:21:13.000Z",
                "referenced_tweets": [
                    {
                        "type": "replied_to",
                        "id": "1504082704656183298"
                    }
                ],
                "id": "1504085377455464448"
            },
            {
                "author_id": "2783929019",
                "text": "@bt_uk Well I have been trying to get help from BT for weeks.  On the Isle of Iona, my house has intermittent phone line and no WiFi.  You keep telling me there is a problem outside my house but no engineer has come to fix it.",
                "created_at": "2022-03-16T13:05:47.000Z",
                "referenced_tweets": [
                    {
                        "type": "replied_to",
                        "id": "1504076264478490630"
                    }
                ],
                "id": "1504081495442481155"
            }
        ]
    },
    "meta": {
        "oldest_id": "1504081852834979849",
        "newest_id": "1504218846911246352",
        "previous_token": "77qpymm88g5h9vqklurc07hwgurvbu51izqh6u0k7u6uq",
        "result_count": 100,
        "next_token": "7140dibdnow9c7btw420jryyfkr01eu5o5gnmydf8o8c9"
    }
}