{
    "data": [
        {
            "created_at": "2022-03-21T11:29:19.000Z",
            "text": "@EE Unfortunately you don’t seem to be able to offer anything like the deals available on Uswitch for example.",
            "id": "1505869157899845632",
            "author_id": "3201019738",
            "referenced_tweets": [
                {
                    "type": "replied_to",
                    "id": "1505868633393840128"
                }
            ]
        },
        {
            "created_at": "2022-03-21T11:29:17.000Z",
            "text": "@EE just had a very negative/passive aggressive cold call from yourselves. Do not expect to be questioned why I’m answering calls at work regarding buying additional products. I stated I was not happy with their attitude to which I was told he’s ‘conflict’ trained",
            "id": "1505869149578436610",
            "author_id": "4164752356"
        },
        {
            "created_at": "2022-03-21T11:29:10.000Z",
            "text": "@Punkdude1981 @EE Sorry to keep on, but I’ve just been on a live chat with O2, delivered tomorrow https://t.co/LUENgc5G4a",
            "id": "1505869119983394818",
            "author_id": "1016744626747772931",
            "referenced_tweets": [
                {
                    "type": "replied_to",
                    "id": "1505851981541355527"
                }
            ]
        },
        {
            "created_at": "2022-03-21T11:24:46.000Z",
            "text": "@VodafoneUK I am with @EE for my mobile, might be time to jump ship to them for broadband since my contract is up with Vodafone and the new deal is getting binned off as the upgrade to better service has resulted in exactly the same service but for 6 quid a month more. https://t.co/fHNaIHe6wJ",
            "id": "1505868010816524291",
            "author_id": "1017805106",
            "referenced_tweets": [
                {
                    "type": "replied_to",
                    "id": "1505865347215331331"
                }
            ]
        },
        {
            "created_at": "2022-03-21T11:23:09.000Z",
            "text": "@EE O2 the best!",
            "id": "1505867606145839107",
            "author_id": "1214309146419294208",
            "referenced_tweets": [
                {
                    "type": "replied_to",
                    "id": "1496793227613061121"
                }
            ]
        },
        {
            "created_at": "2022-03-21T11:20:01.000Z",
            "text": "@EE @EE don't help  nobody but them self still wzit6for my refund don't order from @EE your phone will not arrive it be sent back",
            "id": "1505866817184620544",
            "author_id": "28810305",
            "referenced_tweets": [
                {
                    "type": "replied_to",
                    "id": "1505801381738954757"
                }
            ]
        },
        {
            "created_at": "2022-03-21T11:18:38.000Z",
            "text": "Hi @EE I have been given 6 months free apple music by you. But I cant seem to link or add this to my apple music account. Please help. https://t.co/yagKSJG6yZ",
            "id": "1505866468205998082",
            "author_id": "1278066564881932290"
        },
        {
            "created_at": "2022-03-21T11:05:22.000Z",
            "text": "Don’t understand why I don’t get a little red notification in the voicemail section of the phone app on my iPhone. Only notification is a text message that I have a voicemail. I get so few voicemails I think this is a spam text when I get it. @ee https://t.co/IAWLcZJqUf",
            "id": "1505863131683332096",
            "author_id": "7930992"
        },
        {
            "created_at": "2022-03-21T11:00:17.000Z",
            "text": "@EE any idea when the black iPhone 13 mini will be back in stock? For customers looking to upgrade ?",
            "id": "1505861850948374529",
            "author_id": "36248564"
        },
        {
            "created_at": "2022-03-21T10:59:25.000Z",
            "text": "@RRixtel For security reasons, we invite you to delete your post containing your contact details.\nWeb advisers are at your disposal. Please do not hesitate to contact @ee",
            "id": "1505861630940393475",
            "author_id": "296824934",
            "referenced_tweets": [
                {
                    "type": "replied_to",
                    "id": "1505861064625324032"
                }
            ]
        },
        {
            "created_at": "2022-03-21T10:55:25.000Z",
            "text": "@EE Nice copy and paste generic reply there....",
            "id": "1505860628279349249",
            "author_id": "397999565",
            "referenced_tweets": [
                {
                    "type": "replied_to",
                    "id": "1505860243351293959"
                }
            ]
        },
        {
            "created_at": "2022-03-21T10:53:07.000Z",
            "text": "@EE It says this:  Sorry, we're having some trouble completing your request at the moment. Please try again later. I did try again later and same happened. I have a pin set up and I can access voicemail on phone, though obviously no one has been able to leave messages!",
            "id": "1505860047657701377",
            "author_id": "583929364",
            "referenced_tweets": [
                {
                    "type": "replied_to",
                    "id": "1505847816991784962"
                }
            ]
        },
        {
            "created_at": "2022-03-21T10:49:02.000Z",
            "text": "@EE putting phone and broadband prices up 3.9%. As if things aren't bad enough for people. I heard @tescomobile don't do this... so why do you! @MartinSLewis how do companies justify these increases? #martinlewis https://t.co/IL0qFZL8aN",
            "id": "1505859021105991681",
            "author_id": "397999565"
        },
        {
            "created_at": "2022-03-21T10:48:40.000Z",
            "text": "Noticing this a lot from @ee messages coming through weeks later.  There is not even a missed call in my call list in regards to this message. And even if phone was off why has it taken weeks. 🙄 Weird https://t.co/pWcXz26NhT",
            "id": "1505858928235757575",
            "author_id": "272517338"
        },
        {
            "created_at": "2022-03-21T10:33:26.000Z",
            "text": "@Punkdude1981 @EE It’s not the phone I wanted, but at the same time it’s a good phone and probably better than the normal s22, so @EE have until the end of the day today then I’ll be cancelling and going for it 👍",
            "id": "1505855094587285504",
            "author_id": "1016744626747772931",
            "referenced_tweets": [
                {
                    "type": "replied_to",
                    "id": "1505851981541355527"
                }
            ]
        },
        {
            "created_at": "2022-03-21T10:25:38.000Z",
            "text": "@EE can somebody respond to my DM",
            "id": "1505853131472744449",
            "author_id": "2933351020"
        },
        {
            "created_at": "2022-03-21T10:22:29.000Z",
            "text": "@EE Why am I being lied to I was told you are waiting for stock of the s22 ultra and I'm having to wait 14 days but I've looked at other companies and they have them in stock.",
            "id": "1505852337306415105",
            "author_id": "793840820",
            "referenced_tweets": [
                {
                    "type": "replied_to",
                    "id": "1505801381738954757"
                }
            ]
        },
        {
            "created_at": "2022-03-21T10:21:04.000Z",
            "text": "@Michael57690152 @EE That's the one I went for.",
            "id": "1505851981541355527",
            "author_id": "793840820",
            "referenced_tweets": [
                {
                    "type": "replied_to",
                    "id": "1505845291269906441"
                }
            ]
        },
        {
            "created_at": "2022-03-21T10:20:41.000Z",
            "text": "@Michael57690152 @EE Not what I've been told I'm waiting for my Ultra and I asked if any of the other colours were in stock they said tlno and the one I had gone for had a quicker turn around. I know they are in high demand and I'm in touch with Samsung themselves.",
            "id": "1505851886880313353",
            "author_id": "793840820",
            "referenced_tweets": [
                {
                    "type": "replied_to",
                    "id": "1505844875073363971"
                }
            ]
        },
        {
            "created_at": "2022-03-21T10:17:36.000Z",
            "text": "@EE still waiting for a response to my new phone delivery. Expected Friday. Sent to #coop and tampered with, opened in store with staff. Great can of #pepsi in its place. Still nothing from #ee just hours spent on phone. https://t.co/OLBq4i3zvq",
            "id": "1505851110917124099",
            "author_id": "405778672"
        },
        {
            "created_at": "2022-03-21T10:16:31.000Z",
            "text": "@EE Thanks",
            "id": "1505850837834383360",
            "author_id": "366809268",
            "referenced_tweets": [
                {
                    "type": "replied_to",
                    "id": "1505848900451766274"
                }
            ]
        },
        {
            "created_at": "2022-03-21T10:11:54.000Z",
            "text": "@EE I have no signal in Farnborough Hampshire",
            "id": "1505849674770571264",
            "author_id": "3382475531"
        },
        {
            "created_at": "2022-03-21T10:11:14.000Z",
            "text": "@EE It’s come back on literally 10 minutes after I posted this 😂 thank you anyway Ashleigh x",
            "id": "1505849507988353024",
            "author_id": "1677628284",
            "referenced_tweets": [
                {
                    "type": "replied_to",
                    "id": "1505849369639235592"
                }
            ]
        },
        {
            "created_at": "2022-03-21T10:06:27.000Z",
            "text": "@EE 0191 516 1645 is that an official number of yourselves",
            "id": "1505848305070264323",
            "author_id": "831608865443741698"
        },
        {
            "created_at": "2022-03-21T10:02:53.000Z",
            "text": "@EE  Forget EE ifr having problems making contact for technical help. You will wait an inordinately long time before connecting. IT'S ABSOLUTELY DIABOLICAL SERVICE",
            "id": "1505847405337587715",
            "author_id": "806652608"
        },
        {
            "created_at": "2022-03-21T09:59:16.000Z",
            "text": "Digital advertising is a unique way to help your campaign to be seen, with the added benefit of having flexible booking terms and great affordability for all types of budgets.\n\n@EE on the @BishoptonScreen\n\nTo Advertise Here - sales@amadvertising.co.uk\n\nOr https://t.co/2Hb885u5z7 https://t.co/L8rr46Mnjz",
            "id": "1505846497446871045",
            "author_id": "1397470088274620418"
        },
        {
            "created_at": "2022-03-21T09:58:14.000Z",
            "text": "This is so amazing.\n@EE \n@southmoltonart \n@Gemgem_S \n#evmos #cosmos #osmosis #airdrop #plasmafinance\n@PillaniaAnnu @AnTun40741920 @akirabarmani \nI believe this project is very good and will be heading to the moon soon https://t.co/8QUdsu3Fu3",
            "id": "1505846235051491331",
            "author_id": "4130753293",
            "referenced_tweets": [
                {
                    "type": "quoted",
                    "id": "1505079346322878468"
                }
            ]
        },
        {
            "created_at": "2022-03-21T09:56:27.000Z",
            "text": "@EE @MarcAllera I think on the @EE data gift share maybe time to increase the allowance or even have a special reserved bank for so much data as a back up",
            "id": "1505845785073754113",
            "author_id": "20471642"
        },
        {
            "created_at": "2022-03-21T09:54:29.000Z",
            "text": "@Punkdude1981 @EE O2 have this one in stock 👍 https://t.co/MQSaPnRulx",
            "id": "1505845291269906441",
            "author_id": "1016744626747772931",
            "referenced_tweets": [
                {
                    "type": "replied_to",
                    "id": "1505837842123132929"
                }
            ]
        },
        {
            "created_at": "2022-03-21T09:53:23.000Z",
            "text": "@EE The redish/burgundy colour, s22 ultra and the 200 storage can't remember fully the storage number but the middle one, and Retford",
            "id": "1505845014584303618",
            "author_id": "1467972406467874823",
            "referenced_tweets": [
                {
                    "type": "replied_to",
                    "id": "1505844626548310018"
                }
            ]
        },
        {
            "created_at": "2022-03-21T09:52:50.000Z",
            "text": "@Punkdude1981 @EE Yeah I’m giving them until today to answer me then I’m cancelling everything, as I’ve just looked online and there are a few ultra’s in stock, so I might go for that phone instead",
            "id": "1505844875073363971",
            "author_id": "1016744626747772931",
            "referenced_tweets": [
                {
                    "type": "replied_to",
                    "id": "1505837842123132929"
                }
            ]
        },
        {
            "created_at": "2022-03-21T09:48:57.000Z",
            "text": "@EE I don't get why it says in stock in the website but I'm told will take over 20 days to get to the shop",
            "id": "1505843897905389569",
            "author_id": "1467972406467874823",
            "referenced_tweets": [
                {
                    "type": "replied_to",
                    "id": "1505843666149068806"
                }
            ]
        },
        {
            "created_at": "2022-03-21T09:45:54.000Z",
            "text": "@EE It's just a deposit receipt I have atm tho like I have to wait till it arrives at the shop",
            "id": "1505843132763619328",
            "author_id": "1467972406467874823",
            "referenced_tweets": [
                {
                    "type": "replied_to",
                    "id": "1505842430997938184"
                }
            ]
        },
        {
            "created_at": "2022-03-21T09:39:55.000Z",
            "text": "@EE S22 ultra",
            "id": "1505841627843149827",
            "author_id": "1467972406467874823",
            "referenced_tweets": [
                {
                    "type": "replied_to",
                    "id": "1505841499552034819"
                }
            ]
        },
        {
            "created_at": "2022-03-21T09:35:26.000Z",
            "text": "@EE I put an order for the new phone but it's not arrived yet so will I miss the deadline for the Samsung buds?",
            "id": "1505840496324849669",
            "author_id": "1467972406467874823",
            "referenced_tweets": [
                {
                    "type": "replied_to",
                    "id": "1505839162615902210"
                }
            ]
        },
        {
            "created_at": "2022-03-21T09:27:03.000Z",
            "text": "@EE why can I not make phone calls?? I've got emergency calls only across my screen",
            "id": "1505838386854125569",
            "author_id": "170031560"
        },
        {
            "created_at": "2022-03-21T09:24:53.000Z",
            "text": "@Michael57690152 @EE If I don't receive it this week I will be going further as the said I should have it within 14 days after I kicked off last week.",
            "id": "1505837842123132929",
            "author_id": "793840820",
            "referenced_tweets": [
                {
                    "type": "replied_to",
                    "id": "1505835385246650372"
                }
            ]
        },
        {
            "created_at": "2022-03-21T09:22:44.000Z",
            "text": "@EE ?????",
            "id": "1505837301951250433",
            "author_id": "1016744626747772931"
        },
        {
            "created_at": "2022-03-21T09:20:44.000Z",
            "text": "@EE “please allow up to 24hours for services to be connected” yeaaaaah I’m still waiting 🤦🏻‍♀️",
            "id": "1505836796483190786",
            "author_id": "1677628284"
        },
        {
            "created_at": "2022-03-21T09:15:57.000Z",
            "text": "@EE Cheers Tom! We'll give them a call later.",
            "id": "1505835595548999682",
            "author_id": "20169390",
            "referenced_tweets": [
                {
                    "type": "replied_to",
                    "id": "1505833931026927618"
                }
            ]
        },
        {
            "created_at": "2022-03-21T09:15:07.000Z",
            "text": "@Punkdude1981 @EE That’s what they did to me as well, I even got the watch which was delivered next day but I can’t use it until I get the phone lol but there still charging me £18 a month for the watch, now there ignoring people because they know we are right! @EE",
            "id": "1505835385246650372",
            "author_id": "1016744626747772931",
            "referenced_tweets": [
                {
                    "type": "replied_to",
                    "id": "1505826821291528196"
                }
            ]
        },
        {
            "created_at": "2022-03-21T08:57:49.000Z",
            "text": "@EE are a complete rip off &amp; I’m absolutely fuming right now! They lie &amp; promote false advertising",
            "id": "1505831029575200774",
            "author_id": "1052133240100802561"
        },
        {
            "created_at": "2022-03-21T08:41:05.000Z",
            "text": "@Michael57690152 @EE Looks like the s22 range then I'm waiting on my S22 ultra ordered over a week ago when I upgraded no mention of a delay until I had agreed the contract and paid my delivery fee I'm not happy with the way EE have gone about it tbh.",
            "id": "1505826821291528196",
            "author_id": "793840820",
            "referenced_tweets": [
                {
                    "type": "replied_to",
                    "id": "1505813332753797125"
                }
            ]
        },
        {
            "created_at": "2022-03-21T08:40:28.000Z",
            "text": "@EE You fuckin what 🤣🤣🤣 85 a month with a 30 upfront 🤣🤣\n\nNo wonder nobody likes EE you are a bunch of scammers",
            "id": "1505826663329898496",
            "author_id": "1248338856677605383",
            "referenced_tweets": [
                {
                    "type": "replied_to",
                    "id": "1504427390738608131"
                }
            ]
        },
        {
            "created_at": "2022-03-21T08:39:31.000Z",
            "text": "Rather odd how the @EE app is there to help us and yet never shows extra charges on your bill",
            "id": "1505826423923265537",
            "author_id": "109924051"
        },
        {
            "created_at": "2022-03-21T08:33:00.000Z",
            "text": "Despite their bold claims, MBNL @ThreeUK &amp; @EE DO NOT ENGAGE with local communities. Our experience is of threatening &amp; misleading letters from a company that seeks to STEAL OUR HOMES WITHOUT CONSENT! #5G @Ofcom @ukgovtech\n\nhttps://t.co/QkFLPivWdu",
            "id": "1505824784998830081",
            "author_id": "1374240816827400192"
        },
        {
            "created_at": "2022-03-21T08:23:42.000Z",
            "text": "@EE Voicemail still only a dial up service.  And even that doesn’t work anymore.  #poorcustomerservice.   How many days does it take just to give me the service I’m paying for #disappointed   Am not spending another entire day to sort out what should have been done already",
            "id": "1505822447035162628",
            "author_id": "100343470",
            "referenced_tweets": [
                {
                    "type": "replied_to",
                    "id": "1505229919013511169"
                }
            ]
        },
        {
            "created_at": "2022-03-21T08:10:06.000Z",
            "text": "@EE hi please can I dm ?",
            "id": "1505819022130040832",
            "author_id": "1468214190628388870"
        },
        {
            "created_at": "2022-03-21T08:08:56.000Z",
            "text": "@EE Perfect. Thanks for the response.",
            "id": "1505818728457453570",
            "author_id": "42107526",
            "referenced_tweets": [
                {
                    "type": "replied_to",
                    "id": "1505818016788975618"
                }
            ]
        },
        {
            "created_at": "2022-03-21T08:04:13.000Z",
            "text": "@EE #EE https://t.co/6MgOxvuM8r",
            "id": "1505817541981229057",
            "author_id": "337253995"
        },
        {
            "created_at": "2022-03-21T08:01:13.000Z",
            "text": "@EE I can't set my phone so that calls are forwarded to Voicemail. The call forwarding options are greyed out and I get this error message! https://t.co/luJGffBeN1",
            "id": "1505816787937546245",
            "author_id": "583929364"
        },
        {
            "created_at": "2022-03-21T08:00:00.000Z",
            "text": "Hi @EE, not able to make calls from abroad (US), even though I set up roaming before I left the UK - could you please help",
            "id": "1505816479446540288",
            "author_id": "366809268"
        },
        {
            "created_at": "2022-03-21T07:58:53.000Z",
            "text": "@EE Why are apple offering the same thing for £13 a month?",
            "id": "1505816198692450304",
            "author_id": "1395605004090843137",
            "referenced_tweets": [
                {
                    "type": "replied_to",
                    "id": "1504426632890695682"
                }
            ]
        },
        {
            "created_at": "2022-03-21T07:58:26.000Z",
            "text": "@EE - hello.. I’m off to Turkey in May and my EE app suggests that this will not be included in my plan (roaming), however I’ve received a text saying I have “Roam Anywhere” activated? Can you clarify whether I’ll be covered or not? https://t.co/iRdMgdVN6R",
            "id": "1505816086431903745",
            "author_id": "252611223"
        },
        {
            "created_at": "2022-03-21T07:55:58.000Z",
            "text": "@EE Where is my phone, or will you ignore me for a 3rd day?",
            "id": "1505815465393799168",
            "author_id": "1016744626747772931",
            "referenced_tweets": [
                {
                    "type": "replied_to",
                    "id": "1505801381738954757"
                }
            ]
        },
        {
            "created_at": "2022-03-21T07:54:19.000Z",
            "text": "@EE is your service down? All last week and today I have hardly any internet signal in places where I usually get 5G 🤔",
            "id": "1505815051881664513",
            "author_id": "302921027"
        },
        {
            "created_at": "2022-03-21T07:47:31.000Z",
            "text": "@EvanHD @EE @sssniperwolf https://t.co/jeQWlR5ZmX",
            "id": "1505813339179712512",
            "author_id": "1502525127279640577",
            "referenced_tweets": [
                {
                    "type": "quoted",
                    "id": "1495496027184721920"
                }
            ]
        },
        {
            "created_at": "2022-03-21T07:47:29.000Z",
            "text": "@Punkdude1981 @EE No, just the normal s22 lol",
            "id": "1505813332753797125",
            "author_id": "1016744626747772931",
            "referenced_tweets": [
                {
                    "type": "replied_to",
                    "id": "1505800932382191616"
                }
            ]
        },
        {
            "created_at": "2022-03-21T07:45:59.000Z",
            "text": "@EE Both",
            "id": "1505812952913518593",
            "author_id": "1479883254400434178",
            "referenced_tweets": [
                {
                    "type": "replied_to",
                    "id": "1505591450377068548"
                }
            ]
        },
        {
            "created_at": "2022-03-21T07:44:02.000Z",
            "text": "@EE Hello EE how are you today?",
            "id": "1505812462456774656",
            "author_id": "1337862046088638464",
            "referenced_tweets": [
                {
                    "type": "replied_to",
                    "id": "1505801381738954757"
                }
            ]
        },
        {
            "created_at": "2022-03-21T07:13:27.000Z",
            "text": "@02CUSTOMERHELP @EE @virginmedia 75 is like driving a moris minor minor",
            "id": "1505804767720882177",
            "author_id": "20050441",
            "referenced_tweets": [
                {
                    "type": "replied_to",
                    "id": "1505622929635221511"
                }
            ]
        },
        {
            "created_at": "2022-03-21T07:07:25.000Z",
            "text": "@MoneySavingExp Will definitely be looking. Had the letter and email from @EE about the inflation plus 3.9% price increase on all devices and broadband. Found better deals already, so the countdown to cancellation without penalty is on",
            "id": "1505803246602014727",
            "author_id": "1447142039502663686",
            "referenced_tweets": [
                {
                    "type": "replied_to",
                    "id": "1505801399371800582"
                }
            ]
        },
        {
            "created_at": "2022-03-21T07:01:10.000Z",
            "text": "@EE Ee &gt; vodaphone",
            "id": "1505801673817665536",
            "author_id": "1291475510086832128",
            "referenced_tweets": [
                {
                    "type": "replied_to",
                    "id": "1505801381738954757"
                }
            ]
        },
        {
            "created_at": "2022-03-21T06:58:13.000Z",
            "text": "@Michael57690152 @EE Wouldn't be the S22 ultra would it?",
            "id": "1505800932382191616",
            "author_id": "793840820",
            "referenced_tweets": [
                {
                    "type": "replied_to",
                    "id": "1505637979523534850"
                }
            ]
        },
        {
            "created_at": "2022-03-21T06:56:00.000Z",
            "text": "@EE @sjokz @eelcobvr https://t.co/2ItZtVnIhk",
            "id": "1505800376175718404",
            "author_id": "1501798020236857345",
            "referenced_tweets": [
                {
                    "type": "quoted",
                    "id": "1505762931266314242"
                }
            ]
        },
        {
            "created_at": "2022-03-21T06:09:34.000Z",
            "text": "@tomellis17 @EE Love you sir my devil",
            "id": "1505788689707945988",
            "author_id": "1505785267008983041",
            "referenced_tweets": [
                {
                    "type": "replied_to",
                    "id": "1395755723456323591"
                }
            ]
        },
        {
            "created_at": "2022-03-21T03:00:21.000Z",
            "text": "@EE https://t.co/DlzfzgjGdy",
            "id": "1505741072575741952",
            "author_id": "1321814468607856640"
        },
        {
            "created_at": "2022-03-21T02:54:03.000Z",
            "text": "It would figure the video I wanted to watch of the @EE Full Fibre House [https://t.co/29ashpOHkl] kept stopping, churning, freezing &amp; lagging. Go figure!",
            "id": "1505739486558244864",
            "author_id": "194485723"
        },
        {
            "created_at": "2022-03-21T02:40:50.000Z",
            "text": "Can't wait till I can move house and join a different ISP @EE have been terrible constant drop outs and router resets I shud be charging them for my time spent trying to sort out the issues if you can't supply a service then 1/3",
            "id": "1505736161695879174",
            "author_id": "331867020"
        },
        {
            "created_at": "2022-03-21T00:26:13.000Z",
            "text": "@MaldenRosselle @mattfrei @EE Plusnet and EE are the same company ffs.\n\nEE are awful",
            "id": "1505702281639088133",
            "author_id": "1488233065730162694",
            "referenced_tweets": [
                {
                    "type": "replied_to",
                    "id": "1505577026593464325"
                }
            ]
        },
        {
            "created_at": "2022-03-20T22:58:22.000Z",
            "text": "@WhichUK how do we get a proper answer from off @EE about the amount of time customers have had to wait for there phones? Many people have waiting weeks and just keep getting fobbed off from poor customer service, and there online sales still say people can receive them in 7 days",
            "id": "1505680173982756866",
            "author_id": "1016744626747772931"
        },
        {
            "created_at": "2022-03-20T22:55:23.000Z",
            "text": "@EE Hi, my mum has done a trade but lost the label etc, is there a way to get a new one?",
            "id": "1505679424481599489",
            "author_id": "977269526969581568"
        },
        {
            "created_at": "2022-03-20T22:30:09.000Z",
            "text": "@EE Hi Ellis, I had considered getting the OLED Nintendo Switch as an add-on to my contract, but as it’s more expensive than it should be, I will purchase elsewhere. Thanks for your reply",
            "id": "1505673074611527682",
            "author_id": "571158236",
            "referenced_tweets": [
                {
                    "type": "replied_to",
                    "id": "1505552927624159232"
                }
            ]
        },
        {
            "created_at": "2022-03-20T22:15:45.000Z",
            "text": "@EE I had to cancel my mothers phone contract today following her death in January. The phone had been overlooked when we were sorting things out but I was treated with compassion &amp; kindness. I was touched. Great customer care Chloe in Darlington. Thank you",
            "id": "1505669450544074752",
            "author_id": "469275746"
        },
        {
            "created_at": "2022-03-20T22:02:37.000Z",
            "text": "@EE can I use my note 9 ultra in a trade in for the s22?",
            "id": "1505666142844731409",
            "author_id": "1467972406467874823"
        },
        {
            "created_at": "2022-03-20T21:58:11.000Z",
            "text": "@EE if your sole purpose is to sell phones, could I suggest your website be better than terrible in mobile?",
            "id": "1505665031026970629",
            "author_id": "784190354"
        },
        {
            "created_at": "2022-03-20T21:23:23.000Z",
            "text": "@EE what is going on with esims and iMessage. I keep on getting disconnected from iMessage for two days in a row now… this is certainly not worth 100£ a month…",
            "id": "1505656270384242693",
            "author_id": "48966090"
        },
        {
            "created_at": "2022-03-20T21:12:45.000Z",
            "text": "@EE £85pm https://t.co/eN0AJILLyW",
            "id": "1505653595844272130",
            "author_id": "566656814",
            "referenced_tweets": [
                {
                    "type": "replied_to",
                    "id": "1504427390738608131"
                }
            ]
        },
        {
            "created_at": "2022-03-20T20:59:21.000Z",
            "text": "@EE WTF is happening to the network connection in Eastbourne?",
            "id": "1505650223527481348",
            "author_id": "744809841986670593"
        },
        {
            "created_at": "2022-03-20T20:55:55.000Z",
            "text": "@Thriftmaster2 @Resurge888 @TwitVOR @EE I use EE and 100% agree",
            "id": "1505649360368975880",
            "author_id": "188913595",
            "referenced_tweets": [
                {
                    "type": "replied_to",
                    "id": "1504493573001125891"
                }
            ]
        },
        {
            "created_at": "2022-03-20T20:54:50.000Z",
            "text": "@seventiessally @kallmemeg @EE one of your customers is using this service to bully a public health professional can you take action",
            "id": "1505649087093350402",
            "author_id": "3225377163",
            "referenced_tweets": [
                {
                    "type": "replied_to",
                    "id": "1505630201925050370"
                }
            ]
        },
        {
            "created_at": "2022-03-20T20:45:51.000Z",
            "text": "@virginhelp @Virgin @O2 @EE @VodafoneUK @virginmedia Thank you!!",
            "id": "1505646824102715392",
            "author_id": "2905657017",
            "referenced_tweets": [
                {
                    "type": "replied_to",
                    "id": "1505646740208291845"
                }
            ]
        },
        {
            "created_at": "2022-03-20T20:45:31.000Z",
            "text": "@SophieBur492 @Virgin @O2 @EE @VodafoneUK @SophieBur492 Hi Sophie, Thanks for reaching out. I shall tag in @virginmedia so they are aware of you tweet. Thanks, VH.",
            "id": "1505646740208291845",
            "author_id": "229866445",
            "referenced_tweets": [
                {
                    "type": "replied_to",
                    "id": "1505621593216720898"
                }
            ]
        },
        {
            "created_at": "2022-03-20T20:39:33.000Z",
            "text": "@EE Nope, still unresolved. Please DM",
            "id": "1505645238379061249",
            "author_id": "121444096",
            "referenced_tweets": [
                {
                    "type": "replied_to",
                    "id": "1505630750309339136"
                }
            ]
        },
        {
            "created_at": "2022-03-20T20:35:05.000Z",
            "text": "@EE I think the barber cut off his customer's arm when he dropped his hand at the end. This is a stupid advert (Sorry)",
            "id": "1505644117388406786",
            "author_id": "3198417640",
            "referenced_tweets": [
                {
                    "type": "replied_to",
                    "id": "1488246872586268678"
                }
            ]
        },
        {
            "created_at": "2022-03-20T20:31:58.000Z",
            "text": "@EE #MinecraftNSFW",
            "id": "1505643330516004875",
            "author_id": "1264271760146530309",
            "referenced_tweets": [
                {
                    "type": "replied_to",
                    "id": "1496159255954694144"
                }
            ]
        },
        {
            "created_at": "2022-03-20T20:28:42.000Z",
            "text": "@EE Yes, it's where I live.All the time.",
            "id": "1505642509602627585",
            "author_id": "1500175779744862208",
            "referenced_tweets": [
                {
                    "type": "replied_to",
                    "id": "1505632799663050753"
                }
            ]
        },
        {
            "created_at": "2022-03-20T20:27:48.000Z",
            "text": "@EE Yes please, i’m currently in Italy and i’m having hard time to do it",
            "id": "1505642283764531201",
            "author_id": "819682920264822784",
            "referenced_tweets": [
                {
                    "type": "replied_to",
                    "id": "1505475556216909829"
                }
            ]
        },
        {
            "created_at": "2022-03-20T20:23:25.000Z",
            "text": "@EE Yes, where I live",
            "id": "1505641178582204420",
            "author_id": "1500175779744862208",
            "referenced_tweets": [
                {
                    "type": "replied_to",
                    "id": "1505632799663050753"
                }
            ]
        },
        {
            "created_at": "2022-03-20T20:10:42.000Z",
            "text": "@EE Then send the other back! Because it’s saying online it will be delivered within 7 days??? But I’ve been waiting 2 weeks nearly and nothing 🤷",
            "id": "1505637979523534850",
            "author_id": "1016744626747772931",
            "referenced_tweets": [
                {
                    "type": "replied_to",
                    "id": "1505637574785777667"
                }
            ]
        },
        {
            "created_at": "2022-03-20T20:09:05.000Z",
            "text": "@EE As I’ve had no answer from you lot today as to where my phone is after you have stole my money to upgrade! I’m going to order exactly the same phone tomorrow on an extra line and see which phone arrives first!!!",
            "id": "1505637574785777667",
            "author_id": "1016744626747772931",
            "referenced_tweets": [
                {
                    "type": "replied_to",
                    "id": "1505635286855737346"
                }
            ]
        },
        {
            "created_at": "2022-03-20T19:59:31.000Z",
            "text": "@EE Yeah it renewed before when I upgraded after I spoke to a member of your team over the phone but it hasn’t renewed this time",
            "id": "1505635167347617801",
            "author_id": "114803868",
            "referenced_tweets": [
                {
                    "type": "replied_to",
                    "id": "1505634908982718470"
                }
            ]
        },
        {
            "created_at": "2022-03-20T19:56:36.000Z",
            "text": "@EE I was hoping to use the add on with my upgrade but it says it’s already been used but I used it like 4 years ago",
            "id": "1505634431540899842",
            "author_id": "114803868",
            "referenced_tweets": [
                {
                    "type": "replied_to",
                    "id": "1505633401725984768"
                }
            ]
        },
        {
            "created_at": "2022-03-20T19:53:43.000Z",
            "text": "@EE Nobody cares Olivia. That cost increase will help pay your salary for regurgitating corporate nonsense on Twitter. EE should realise now isn’t a great to hike prices (9/9)",
            "id": "1505633707629191172",
            "author_id": "793473738",
            "referenced_tweets": [
                {
                    "type": "replied_to",
                    "id": "1494760648932216833"
                }
            ]
        },
        {
            "created_at": "2022-03-20T19:49:06.000Z",
            "text": "@02CUSTOMERHELP @EE And I bet the parents are thinking the same 😂😂👍",
            "id": "1505632542384435204",
            "author_id": "1880089308",
            "referenced_tweets": [
                {
                    "type": "replied_to",
                    "id": "1505623509002866690"
                }
            ]
        },
        {
            "created_at": "2022-03-20T19:47:12.000Z",
            "text": "@EE Hi, my wife bought a new PAYG handset today, and had to buy £20 top-up. But this is on a new SIM, not her existing SIM (which has £13 on it). Can the new credit be transferred somehow?",
            "id": "1505632066272124937",
            "author_id": "20169390"
        },
        {
            "created_at": "2022-03-20T19:40:55.000Z",
            "text": "@EE please help, transferred from PAYG to PAYM. Called this evening as the sims had not swapped over and still showing as PAYG. Was told this would be done whilst on phone, instead both sims have been cut off therefore I have no Mobile (can what’s ap and email through Wi-Fi only)",
            "id": "1505630484742742020",
            "author_id": "1472689848058273806"
        },
        {
            "created_at": "2022-03-20T19:39:55.000Z",
            "text": "@EE Is anyone else getting really bored of this advert?",
            "id": "1505630232967106564",
            "author_id": "92709292",
            "referenced_tweets": [
                {
                    "type": "replied_to",
                    "id": "1488246872586268678"
                }
            ]
        },
        {
            "created_at": "2022-03-20T19:37:51.000Z",
            "text": "@EE £85 a month - WTF!\n\nhow is that a thing for the masses?",
            "id": "1505629713057861641",
            "author_id": "1263082148304760832",
            "referenced_tweets": [
                {
                    "type": "replied_to",
                    "id": "1504427390738608131"
                }
            ]
        },
        {
            "created_at": "2022-03-20T19:37:31.000Z",
            "text": "No reply from @EE https://t.co/AGRfgg8byk",
            "id": "1505629627510923264",
            "author_id": "1500175779744862208",
            "referenced_tweets": [
                {
                    "type": "quoted",
                    "id": "1505530071393705984"
                }
            ]
        }
    ],
    "includes": {
        "users": [
            {
                "id": "3201019738",
                "username": "62Sauzee",
                "name": "Keyser Sauzee"
            },
            {
                "id": "4164752356",
                "username": "mcauley_jasmine",
                "name": "Jasmine McAuley"
            },
            {
                "location": "United Kingdom",
                "id": "1016744626747772931",
                "username": "Michael57690152",
                "name": "Michael Armstrong"
            },
            {
                "location": "Middlesbrough, England",
                "id": "1017805106",
                "username": "Paul_dtp_666",
                "name": "Paul Lee"
            },
            {
                "location": "Norwich, England",
                "id": "1214309146419294208",
                "username": "DawidBroda6",
                "name": "Dawid Broda"
            },
            {
                "location": "England, WORLDWIDE",
                "id": "28810305",
                "username": "SICKLTD",
                "name": "Adrian"
            },
            {
                "id": "1278066564881932290",
                "username": "HAhmed1982",
                "name": "Hamza Ahmed"
            },
            {
                "location": "London",
                "id": "7930992",
                "username": "iambrianjones",
                "name": "filter more streets"
            },
            {
                "location": "East coast",
                "id": "36248564",
                "username": "AJ_1878",
                "name": "AJ"
            },
            {
                "location": "Worldwide",
                "id": "296824934",
                "username": "orange",
                "name": "Orange"
            },
            {
                "id": "397999565",
                "username": "mikeydee1986",
                "name": "Mikey Dee"
            },
            {
                "location": "Brixham, England",
                "id": "583929364",
                "username": "ClareinDxb",
                "name": "Clare"
            },
            {
                "location": "Somewhere on planet earth 🌍",
                "id": "272517338",
                "username": "queenmiserable",
                "name": "nifty50+🏖"
            },
            {
                "id": "2933351020",
                "username": "shanacole1990",
                "name": "Harry"
            },
            {
                "id": "793840820",
                "username": "Punkdude1981",
                "name": "Dan G 🤟"
            },
            {
                "location": "Essex, UK",
                "id": "405778672",
                "username": "Michellerodge",
                "name": "Chelley Beans"
            },
            {
                "location": "London",
                "id": "366809268",
                "username": "Paul_Mokks",
                "name": "Paul Mokuolu"
            },
            {
                "location": "Farnborough, England",
                "id": "3382475531",
                "username": "officialrobert0",
                "name": "Robert Smith"
            },
            {
                "location": "Liverpool, England",
                "id": "1677628284",
                "username": "charli_bigspuds",
                "name": "Charli"
            },
            {
                "location": "Ashton-under-Lyne, England",
                "id": "831608865443741698",
                "username": "HandsCallum",
                "name": "Callum Siddall"
            },
            {
                "location": "cornwall",
                "id": "806652608",
                "username": "SamuelBlanchar2",
                "name": "Samuel J.F."
            },
            {
                "location": "Bishopton",
                "id": "1397470088274620418",
                "username": "BishoptonScreen",
                "name": "BishoptonDigitalScreen"
            },
            {
                "id": "4130753293",
                "username": "EmmaEmm15144836",
                "name": "Emma Emma"
            },
            {
                "location": "England, United Kingdom",
                "id": "20471642",
                "username": "wypior",
                "name": "Richie Wypior"
            },
            {
                "location": "W15",
                "id": "1467972406467874823",
                "username": "Mufc__Jon",
                "name": "Jonny"
            },
            {
                "id": "170031560",
                "username": "Katiie90_x",
                "name": "ღKαтıεღ"
            },
            {
                "location": "Rainy fascism plague island",
                "id": "20169390",
                "username": "DerkHat",
                "name": "Del says GET JABBED AND WEAR A MASK!"
            },
            {
                "id": "1052133240100802561",
                "username": "nubiqueen24",
                "name": "Nubibaby💕"
            },
            {
                "id": "1248338856677605383",
                "username": "potato_twitch9",
                "name": "unobtainablepotato"
            },
            {
                "location": "London, England",
                "id": "109924051",
                "username": "Claytoncast",
                "name": "Paul Clayton."
            },
            {
                "location": "Hove, East Sussex",
                "id": "1374240816827400192",
                "username": "stop5Ghove",
                "name": "No 5G on Coombe Lea"
            },
            {
                "location": "LONDON",
                "id": "100343470",
                "username": "jjsmeiman",
                "name": "Just JJ"
            },
            {
                "location": "London, England",
                "id": "1468214190628388870",
                "username": "Essex_Amy22",
                "name": "Amy ❤️"
            },
            {
                "id": "42107526",
                "username": "Coth_1888",
                "name": "Dave"
            },
            {
                "location": "Manchester, England",
                "id": "337253995",
                "username": "JohnnyDude1983",
                "name": "🦔🦊Johnny1983 🦝🐱 (Big Animal Lover🐕🐶🐁)"
            },
            {
                "id": "1395605004090843137",
                "username": "l177177",
                "name": "L177177"
            },
            {
                "location": "Whiteley, Hampshire",
                "id": "252611223",
                "username": "PaulDarlaston84",
                "name": "Paul Darlaston"
            },
            {
                "location": "Coventry, England",
                "id": "302921027",
                "username": "DanamoDJ",
                "name": "Danamo"
            },
            {
                "id": "1502525127279640577",
                "username": "Rocky04915834",
                "name": "Rocky"
            },
            {
                "location": "Basingstoke, England",
                "id": "1479883254400434178",
                "username": "KeithWa52317386",
                "name": "Keith Watson"
            },
            {
                "location": "she/her",
                "id": "1337862046088638464",
                "username": "SpaceEvie",
                "name": "Evie"
            },
            {
                "location": "middle england",
                "id": "20050441",
                "username": "jnlangton",
                "name": "joseph langton"
            },
            {
                "id": "1447142039502663686",
                "username": "james_murdoch3",
                "name": "James Murdoch"
            },
            {
                "id": "1291475510086832128",
                "username": "Zoyfishy",
                "name": "Zoyfishy.wav 🇺🇦"
            },
            {
                "id": "1501798020236857345",
                "username": "jEgvi9o05FL7tSy",
                "name": "高进"
            },
            {
                "id": "1505785267008983041",
                "username": "Iamakashgill1",
                "name": "Iamakashgill"
            },
            {
                "id": "1321814468607856640",
                "username": "geetech920",
                "name": "Geetech920"
            },
            {
                "id": "194485723",
                "username": "goomba82",
                "name": "Tiffany Stevenson"
            },
            {
                "id": "331867020",
                "username": "custardwarrior",
                "name": "Aaron hassan"
            },
            {
                "id": "1488233065730162694",
                "username": "TarikAtakan1907",
                "name": "TarikAtakan #AliMaçalanIstifa"
            },
            {
                "location": "England, United Kingdom",
                "id": "977269526969581568",
                "username": "rachelrsophie",
                "name": "Rachel Sophie"
            },
            {
                "id": "571158236",
                "username": "PDSc0tt",
                "name": "Paul Scott"
            },
            {
                "location": "Northamptonshire",
                "id": "469275746",
                "username": "therealtraceyP",
                "name": "Tracey Dempster"
            },
            {
                "id": "784190354",
                "username": "SealeyMike",
                "name": "Boosted Mike Sealey"
            },
            {
                "location": "London/ NYC",
                "id": "48966090",
                "username": "c_d_i_",
                "name": "Finn"
            },
            {
                "location": "United Kingdom",
                "id": "566656814",
                "username": "SilvaSurfer4",
                "name": "Silva Surfer 🐝💙"
            },
            {
                "location": "Eastboring",
                "id": "744809841986670593",
                "username": "Annaf8at125",
                "name": "Anna Arnone"
            },
            {
                "id": "188913595",
                "username": "fixabill",
                "name": "Bill P"
            },
            {
                "location": "Borehamwood, East",
                "id": "3225377163",
                "username": "mattpoole2011",
                "name": "Matthew Poole🇺🇦"
            },
            {
                "location": "Sunderland, England",
                "id": "2905657017",
                "username": "SophieBur492",
                "name": "Sophie burlinson"
            },
            {
                "id": "229866445",
                "username": "virginhelp",
                "name": "Virgin Help"
            },
            {
                "location": "Skewen, Wales",
                "id": "121444096",
                "username": "GarethJHowells",
                "name": "Gareth Howells"
            },
            {
                "id": "3198417640",
                "username": "Alistairi0",
                "name": "Alistair Ingram"
            },
            {
                "location": "Beverley, England",
                "id": "1264271760146530309",
                "username": "EvanChapman_",
                "name": "Evann"
            },
            {
                "id": "1500175779744862208",
                "username": "PutinWanker",
                "name": "PutinIsAWanker 🇺🇦"
            },
            {
                "id": "819682920264822784",
                "username": "BryanM2175",
                "name": "Blvckvst.crypto"
            },
            {
                "id": "114803868",
                "username": "william_usher",
                "name": "William Usher"
            },
            {
                "location": "Derby",
                "id": "793473738",
                "username": "TimboKey",
                "name": "Tim Key"
            },
            {
                "location": "manchester",
                "id": "1880089308",
                "username": "Dee6Denise",
                "name": "denise"
            },
            {
                "id": "1472689848058273806",
                "username": "linzylou2980",
                "name": "Lindsey Ellenton"
            },
            {
                "id": "92709292",
                "username": "RichWard99",
                "name": "Richard Ward"
            },
            {
                "id": "1263082148304760832",
                "username": "Law123John",
                "name": "John Law"
            }
        ],
        "tweets": [
            {
                "created_at": "2022-03-21T11:27:14.000Z",
                "text": "@62Sauzee We will always try to strike a balance between great value and best in class coverage. I'm really sorry that we could not find a package to suit your need on this occasion.\n\n2/2 -Gavin",
                "id": "1505868633393840128",
                "author_id": "7117212",
                "referenced_tweets": [
                    {
                        "type": "replied_to",
                        "id": "1505611136330199044"
                    }
                ]
            },
            {
                "created_at": "2022-03-21T10:21:04.000Z",
                "text": "@Michael57690152 @EE That's the one I went for.",
                "id": "1505851981541355527",
                "author_id": "793840820",
                "referenced_tweets": [
                    {
                        "type": "replied_to",
                        "id": "1505845291269906441"
                    }
                ]
            },
            {
                "created_at": "2022-03-21T11:14:11.000Z",
                "text": "@VodafoneUK Just went through the DMs service... Guess who got told to call up to solve my issue... Good job I am still on hold and didn't just try the DM route I guess. The wait goes on. Any other Internet providers, my DMs are open.",
                "id": "1505865347215331331",
                "author_id": "1017805106",
                "referenced_tweets": [
                    {
                        "type": "replied_to",
                        "id": "1505863490325696512"
                    }
                ]
            },
            {
                "created_at": "2022-02-24T10:24:49.000Z",
                "text": "Hey Leeds, choose the network that’s fastest in your city",
                "id": "1496793227613061121",
                "author_id": "7117212"
            },
            {
                "created_at": "2022-03-21T07:00:00.000Z",
                "text": "Who says Mondays have to be blue? There's a spring in our step, and we're here to help until 11pm.",
                "id": "1505801381738954757",
                "author_id": "7117212"
            },
            {
                "created_at": "2022-03-21T10:53:54.000Z",
                "text": "@mikeydee1986 We encourage any customer having difficulty paying their bill to contact us. (3/3) -Olivia",
                "id": "1505860243351293959",
                "author_id": "7117212",
                "referenced_tweets": [
                    {
                        "type": "replied_to",
                        "id": "1505860212858761225"
                    }
                ]
            },
            {
                "created_at": "2022-03-21T10:04:31.000Z",
                "text": "@ClareinDxb Hiya, Clare. I hope you've had a lovely weekend 😊\n\nI'd love to help you get your voicemail set up. Just to check, if you text 'VM ON' to 150, what response do you get back? -Georgia",
                "id": "1505847816991784962",
                "author_id": "7117212",
                "referenced_tweets": [
                    {
                        "type": "replied_to",
                        "id": "1505816787937546245"
                    }
                ]
            },
            {
                "created_at": "2022-03-21T09:54:29.000Z",
                "text": "@Punkdude1981 @EE O2 have this one in stock 👍 https://t.co/MQSaPnRulx",
                "id": "1505845291269906441",
                "author_id": "1016744626747772931",
                "referenced_tweets": [
                    {
                        "type": "replied_to",
                        "id": "1505837842123132929"
                    }
                ]
            },
            {
                "created_at": "2022-03-21T09:52:50.000Z",
                "text": "@Punkdude1981 @EE Yeah I’m giving them until today to answer me then I’m cancelling everything, as I’ve just looked online and there are a few ultra’s in stock, so I might go for that phone instead",
                "id": "1505844875073363971",
                "author_id": "1016744626747772931",
                "referenced_tweets": [
                    {
                        "type": "replied_to",
                        "id": "1505837842123132929"
                    }
                ]
            },
            {
                "created_at": "2022-03-21T10:08:49.000Z",
                "text": "@Paul_Mokks Hi Paul.\n\nI have replied to your DM so I can help further. -Linzi H",
                "id": "1505848900451766274",
                "author_id": "7117212",
                "referenced_tweets": [
                    {
                        "type": "replied_to",
                        "id": "1505816479446540288"
                    }
                ]
            },
            {
                "created_at": "2022-03-21T10:10:41.000Z",
                "text": "@charli_bigspuds Morning Charli, hope you've been keeping well? Sorry to see you're still waiting, that isn't ideal at all :( I'd love to have everything looked into further, can you pop over a DM with your EE mobile number? -Ashleigh https://t.co/m14c5xhQi0",
                "id": "1505849369639235592",
                "author_id": "7117212",
                "referenced_tweets": [
                    {
                        "type": "replied_to",
                        "id": "1505836796483190786"
                    }
                ]
            },
            {
                "created_at": "2022-03-19T07:10:53.000Z",
                "text": "Hello #evmos 🚀🚀🔥🔥\n\nEarly supporters airdrop rewards!\n\n✅Follow our twitter and retweet this tweet.\n✅Tag 3 friends\n\nFill in your information that we can rewards after launch.\n👉https://t.co/GKRzA2S2WU\n\n#evmos #cosmos #osmosis #juno #airdrop #plasmafinance https://t.co/Oi74bIEZx9",
                "id": "1505079346322878468",
                "author_id": "1505064843308855298"
            },
            {
                "created_at": "2022-03-21T09:24:53.000Z",
                "text": "@Michael57690152 @EE If I don't receive it this week I will be going further as the said I should have it within 14 days after I kicked off last week.",
                "id": "1505837842123132929",
                "author_id": "793840820",
                "referenced_tweets": [
                    {
                        "type": "replied_to",
                        "id": "1505835385246650372"
                    }
                ]
            },
            {
                "created_at": "2022-03-21T09:51:50.000Z",
                "text": "@Mufc__Jon Which colour are did you order, and where did you place your order? -Si",
                "id": "1505844626548310018",
                "author_id": "7117212",
                "referenced_tweets": [
                    {
                        "type": "replied_to",
                        "id": "1505843897905389569"
                    }
                ]
            },
            {
                "created_at": "2022-03-21T09:48:01.000Z",
                "text": "@Mufc__Jon Yeah, you would need to wait until you've received the device to make your claim on the promotion portal. -Si",
                "id": "1505843666149068806",
                "author_id": "7117212",
                "referenced_tweets": [
                    {
                        "type": "replied_to",
                        "id": "1505843132763619328"
                    }
                ]
            },
            {
                "created_at": "2022-03-21T09:43:07.000Z",
                "text": "@Mufc__Jon The promotions purchase period is the 25/02/2022 - 05/04/2022 and  claims must be made at https://t.co/xCqoMl9Aiw within 60 days of purchase or receipt.\n\nSo you're still well within the end date of the purchase period. -Si",
                "id": "1505842430997938184",
                "author_id": "7117212",
                "referenced_tweets": [
                    {
                        "type": "replied_to",
                        "id": "1505841627843149827"
                    }
                ]
            },
            {
                "created_at": "2022-03-21T09:39:25.000Z",
                "text": "@Mufc__Jon Was it the S22 or the S22 Ultra that you've ordered Jonny? -Si",
                "id": "1505841499552034819",
                "author_id": "7117212",
                "referenced_tweets": [
                    {
                        "type": "replied_to",
                        "id": "1505840496324849669"
                    }
                ]
            },
            {
                "created_at": "2022-03-21T09:30:08.000Z",
                "text": "@Mufc__Jon Hi there Jonny and morning! Thanks for getting in touch. Our trade in offers on the S22 doesn't include the Note 9 Ultra. But you could still trade your device in and get some cash back for it. You can check the value of the device on our recycle page- https://t.co/sPMCban4uS -Si",
                "id": "1505839162615902210",
                "author_id": "7117212",
                "referenced_tweets": [
                    {
                        "type": "replied_to",
                        "id": "1505666142844731409"
                    }
                ]
            },
            {
                "created_at": "2022-03-21T09:15:07.000Z",
                "text": "@Punkdude1981 @EE That’s what they did to me as well, I even got the watch which was delivered next day but I can’t use it until I get the phone lol but there still charging me £18 a month for the watch, now there ignoring people because they know we are right! @EE",
                "id": "1505835385246650372",
                "author_id": "1016744626747772931",
                "referenced_tweets": [
                    {
                        "type": "replied_to",
                        "id": "1505826821291528196"
                    }
                ]
            },
            {
                "created_at": "2022-03-21T09:09:20.000Z",
                "text": "@DerkHat Hi there, I hope you're well, sorry for the slow reply we're real busy right now.\n\nI'm happy to read that your wife has a nice new Pay As You Go handset, don't worry too that credit can certainly be transferred over, just get her to give us a call on 150 and we'll do that. -Tom",
                "id": "1505833931026927618",
                "author_id": "7117212",
                "referenced_tweets": [
                    {
                        "type": "replied_to",
                        "id": "1505632066272124937"
                    }
                ]
            },
            {
                "created_at": "2022-03-21T08:41:05.000Z",
                "text": "@Michael57690152 @EE Looks like the s22 range then I'm waiting on my S22 ultra ordered over a week ago when I upgraded no mention of a delay until I had agreed the contract and paid my delivery fee I'm not happy with the way EE have gone about it tbh.",
                "id": "1505826821291528196",
                "author_id": "793840820",
                "referenced_tweets": [
                    {
                        "type": "replied_to",
                        "id": "1505813332753797125"
                    }
                ]
            },
            {
                "created_at": "2022-03-21T07:47:29.000Z",
                "text": "@Punkdude1981 @EE No, just the normal s22 lol",
                "id": "1505813332753797125",
                "author_id": "1016744626747772931",
                "referenced_tweets": [
                    {
                        "type": "replied_to",
                        "id": "1505800932382191616"
                    }
                ]
            },
            {
                "created_at": "2022-03-17T12:00:15.000Z",
                "text": "iPhone 13 Pro with the best Pro camera system ever on iPhone. Now in Alpine Green on the UK’s best 5G network. Plus get Apple Music, Apple TV+ and Apple Arcade included in your plan for 24 months. And save £96 when you trade-in your iPhone. Annual price changes and terms apply",
                "id": "1504427390738608131",
                "author_id": "7117212"
            },
            {
                "created_at": "2022-03-19T17:09:13.000Z",
                "text": "@jjsmeiman I'm glad the SIM is up and running for you but I would want it to be sorted fully, once you feel like discussing it again then just send us a DM and we can pick-up where we left it. -Connor",
                "id": "1505229919013511169",
                "author_id": "7117212",
                "referenced_tweets": [
                    {
                        "type": "replied_to",
                        "id": "1505225938568687617"
                    }
                ]
            },
            {
                "created_at": "2022-03-21T08:06:06.000Z",
                "text": "@Coth_1888 Morning Dave, hope you had a lovely weekend and thank you for your patience during this busy time. Awesome to see you're looking at going to a SIM only, we've got some cracking plans out :) You'd not be subject to the increase till 2023 if you did that today. -Ashleigh",
                "id": "1505818016788975618",
                "author_id": "7117212",
                "referenced_tweets": [
                    {
                        "type": "replied_to",
                        "id": "1505596787897286660"
                    }
                ]
            },
            {
                "created_at": "2022-03-17T11:57:14.000Z",
                "text": "The new iPhone SE with 5G. Buy now on the UK’s best 5G network, and enjoy Apple Music, Apple TV+, Apple Arcade and Apple News+ free for 6 months. Plus, save £96 when you trade in your iPhone. Annual price changes and terms apply",
                "id": "1504426632890695682",
                "author_id": "7117212"
            },
            {
                "created_at": "2022-02-20T20:30:12.000Z",
                "text": "Check out Bee Trade Finance on CertiK’s Security Leaderboard!\nBee Trade Finance’s profile displays live on-chain and off-chain data thanks to CertiK’s Skynet product.\nhttps://t.co/OOQm3DF16B\n@CertiKCommunity",
                "id": "1495496027184721920",
                "author_id": "1471756010213675009"
            },
            {
                "created_at": "2022-03-21T06:58:13.000Z",
                "text": "@Michael57690152 @EE Wouldn't be the S22 ultra would it?",
                "id": "1505800932382191616",
                "author_id": "793840820",
                "referenced_tweets": [
                    {
                        "type": "replied_to",
                        "id": "1505637979523534850"
                    }
                ]
            },
            {
                "created_at": "2022-03-20T17:05:48.000Z",
                "text": "@KeithWa52317386 Afternoon Keith, awesome to see you've recently upgraded with EE, not so great you're seeing a worse off connection, especially with this happening everywhere you go. Did you just upgrade the price plan to enable 5G or the phone as well? -Ashleigh",
                "id": "1505591450377068548",
                "author_id": "7117212",
                "referenced_tweets": [
                    {
                        "type": "replied_to",
                        "id": "1505546212681863169"
                    }
                ]
            },
            {
                "created_at": "2022-03-20T19:10:54.000Z",
                "text": "@jnlangton @EE @virginmedia Ok, and?",
                "id": "1505622929635221511",
                "author_id": "1505618349480452102",
                "referenced_tweets": [
                    {
                        "type": "replied_to",
                        "id": "1505597912276951040"
                    }
                ]
            },
            {
                "created_at": "2022-03-21T07:00:04.000Z",
                "text": "With other bills going up, see if you can cut down what you spend on your mobile.\n\nSim costs are dirt cheap right now, so see if you can grab yourself a bargain, eg, 12GB of data for the equivalent of £5.50 😊\n\nhttps://t.co/aoOmX9J3qx #MSEDeals https://t.co/VqpqE5KN6H",
                "id": "1505801399371800582",
                "author_id": "40182630"
            },
            {
                "created_at": "2022-03-20T20:10:42.000Z",
                "text": "@EE Then send the other back! Because it’s saying online it will be delivered within 7 days??? But I’ve been waiting 2 weeks nearly and nothing 🤷",
                "id": "1505637979523534850",
                "author_id": "1016744626747772931",
                "referenced_tweets": [
                    {
                        "type": "replied_to",
                        "id": "1505637574785777667"
                    }
                ]
            },
            {
                "created_at": "2022-03-21T04:27:13.000Z",
                "text": "🌇 Infinite Virtual Space x Chill Bear Club 🐻\n\nWe are super excited to be giving away🎉\n\n3 x IVS WL\n3 x @chillbearclub WL\n\nTo Enter:\n✅ Follow @IVSProtocol &amp; @chillbearclub\n✅ Like &amp; Retweet\n✅ Tag 3 NFT friends\n\n💫 24 Hrs 💫 https://t.co/Z0uQVSE0ne",
                "id": "1505762931266314242",
                "author_id": "1435511062896336899"
            },
            {
                "created_at": "2021-05-21T14:57:51.000Z",
                "text": "No stunt doubles, no clever editing – just a robot barber on @EE’s network and my neck (literally) on the line. They said I could count on them #WhenItCounts, and I definitely took them up on that. #AD https://t.co/cKgjPMPAih",
                "id": "1395755723456323591",
                "author_id": "106753602"
            },
            {
                "created_at": "2022-03-20T16:08:30.000Z",
                "text": "@mattfrei @EE Ee were charging a friend of mine £27 a month for 1gig changed to sim only £10 a month 20gig rolling contract with Plusnet",
                "id": "1505577026593464325",
                "author_id": "1426830446109806596",
                "referenced_tweets": [
                    {
                        "type": "replied_to",
                        "id": "1505201761979613186"
                    }
                ]
            },
            {
                "created_at": "2022-03-20T14:32:44.000Z",
                "text": "@PDSc0tt Hey there Paul, I see what you mean. is there anything I can help you with? -Ellis",
                "id": "1505552927624159232",
                "author_id": "7117212",
                "referenced_tweets": [
                    {
                        "type": "replied_to",
                        "id": "1505481872566013958"
                    }
                ]
            },
            {
                "created_at": "2022-03-17T16:23:14.000Z",
                "text": "@Resurge888 @TwitVOR @EE I use cutthroat &amp; I 100% agree.",
                "id": "1504493573001125891",
                "author_id": "1243513036654198785",
                "referenced_tweets": [
                    {
                        "type": "replied_to",
                        "id": "1500481850518786049"
                    }
                ]
            },
            {
                "created_at": "2022-03-20T20:45:31.000Z",
                "text": "@SophieBur492 @Virgin @O2 @EE @VodafoneUK @SophieBur492 Hi Sophie, Thanks for reaching out. I shall tag in @virginmedia so they are aware of you tweet. Thanks, VH.",
                "id": "1505646740208291845",
                "author_id": "229866445",
                "referenced_tweets": [
                    {
                        "type": "replied_to",
                        "id": "1505621593216720898"
                    }
                ]
            },
            {
                "created_at": "2022-03-20T19:05:35.000Z",
                "text": "I would appreciate the help for cancer charities from some of the mobile networks @Virgin @O2 @EE @VodafoneUK",
                "id": "1505621593216720898",
                "author_id": "2905657017"
            },
            {
                "created_at": "2022-03-20T19:41:58.000Z",
                "text": "@GarethJHowells Evening Gareth. I hope you've had a lovely weekend, thank you for reaching out. Is this something you've since spoken to our customer service team regarding? -Ashleigh",
                "id": "1505630750309339136",
                "author_id": "7117212",
                "referenced_tweets": [
                    {
                        "type": "replied_to",
                        "id": "1505581991445598208"
                    }
                ]
            },
            {
                "created_at": "2022-01-31T20:24:39.000Z",
                "text": "Who would put their neck on the line to prove the power of a network? Brave and beautiful Tom Ellis, of course! Featuring a London Barber and Robot Arm. You just can’t make this up.",
                "id": "1488246872586268678",
                "author_id": "7117212"
            },
            {
                "created_at": "2022-02-22T16:25:38.000Z",
                "text": "Up your game with broadband that can handle anything. Connect 100 devices in your home with EE Full Fibre Broadband.",
                "id": "1496159255954694144",
                "author_id": "7117212"
            },
            {
                "created_at": "2022-03-20T19:50:07.000Z",
                "text": "@PutinWanker Good evening, I do hope you're keeping well and thank you for your patience during this busy time. Not great to see you've had such a huge drop in signal strength over the last two year. Is this happening all in the same area? -Ashleigh",
                "id": "1505632799663050753",
                "author_id": "7117212",
                "referenced_tweets": [
                    {
                        "type": "replied_to",
                        "id": "1505629627510923264"
                    }
                ]
            },
            {
                "created_at": "2022-03-20T09:25:17.000Z",
                "text": "@BryanM2175 Hiya Bryan 👋\nYou can change your smart benefit using your My EE app or online account.\nIf you'd prefer though, I could get it changed for you? -Chris S",
                "id": "1505475556216909829",
                "author_id": "7117212",
                "referenced_tweets": [
                    {
                        "type": "replied_to",
                        "id": "1505286106115457031"
                    }
                ]
            },
            {
                "created_at": "2022-03-20T20:09:05.000Z",
                "text": "@EE As I’ve had no answer from you lot today as to where my phone is after you have stole my money to upgrade! I’m going to order exactly the same phone tomorrow on an extra line and see which phone arrives first!!!",
                "id": "1505637574785777667",
                "author_id": "1016744626747772931",
                "referenced_tweets": [
                    {
                        "type": "replied_to",
                        "id": "1505635286855737346"
                    }
                ]
            },
            {
                "created_at": "2022-03-20T20:00:00.000Z",
                "text": "That’s all from the team today. We’re back at 7am. Looking to view your allowances or current usage? Try My EE https://t.co/7R4BhxGtq1",
                "id": "1505635286855737346",
                "author_id": "7117212"
            },
            {
                "created_at": "2022-03-20T19:58:30.000Z",
                "text": "@william_usher Is this an add-on you see in MyEE? This will likely be referring to the Apple Music 6 month trial from way back. It's different from the Smart Benefit of Apple Music, is that what you're referring to? 😊 -Michael B",
                "id": "1505634908982718470",
                "author_id": "7117212",
                "referenced_tweets": [
                    {
                        "type": "replied_to",
                        "id": "1505634431540899842"
                    }
                ]
            },
            {
                "created_at": "2022-03-20T19:52:30.000Z",
                "text": "@william_usher Hi William 👋🏻\n\nWill you be having the Apple Music service included as part of your new plan? -Michael B",
                "id": "1505633401725984768",
                "author_id": "7117212",
                "referenced_tweets": [
                    {
                        "type": "replied_to",
                        "id": "1505578226709635072"
                    }
                ]
            },
            {
                "created_at": "2022-02-18T19:48:04.000Z",
                "text": "@TimboKey amongst other key points, are called out.\n\nAll customers will receive a price rise notification informing them of the increases and what it means for them, from 31st Jan. (3/3) -Olivia",
                "id": "1494760648932216833",
                "author_id": "7117212",
                "referenced_tweets": [
                    {
                        "type": "replied_to",
                        "id": "1494760599363936259"
                    }
                ]
            },
            {
                "created_at": "2022-03-20T19:13:12.000Z",
                "text": "@Dee6Denise @EE Language Denise there’s kids on her.",
                "id": "1505623509002866690",
                "author_id": "1505618349480452102",
                "referenced_tweets": [
                    {
                        "type": "replied_to",
                        "id": "1505615073942945800"
                    }
                ]
            },
            {
                "created_at": "2022-03-20T13:01:55.000Z",
                "text": "@EE If you're the best network in the UK?\nHow come my signal strength has dropped 70% in the last 2 years?? #EE",
                "id": "1505530071393705984",
                "author_id": "1500175779744862208"
            }
        ]
    },
    "errors": [
        {
            "value": "1505861064625324032",
            "detail": "Could not find tweet with referenced_tweets.id: [1505861064625324032].",
            "title": "Not Found Error",
            "resource_type": "tweet",
            "parameter": "referenced_tweets.id",
            "resource_id": "1505861064625324032",
            "type": "https://api.twitter.com/2/problems/resource-not-found"
        },
        {
            "resource_id": "1505630201925050370",
            "parameter": "referenced_tweets.id",
            "resource_type": "tweet",
            "section": "includes",
            "title": "Authorization Error",
            "value": "1505630201925050370",
            "detail": "Sorry, you are not authorized to see the Tweet with referenced_tweets.id: [1505630201925050370].",
            "type": "https://api.twitter.com/2/problems/not-authorized-for-resource"
        }
    ],
    "meta": {
        "oldest_id": "1505629627510923264",
        "newest_id": "1505869157899845632",
        "previous_token": "77qpymm88g5h9vqklurc09ofkcaynqld8nicpet4kujoy",
        "result_count": 100,
        "next_token": "7140dibdnow9c7btw420ju5h2exh956zmivah93h74w1g"
    }
}