{
    "data": [
        {
            "referenced_tweets": [
                {
                    "type": "replied_to",
                    "id": "1505267520412004358"
                }
            ],
            "id": "1505450694366662658",
            "created_at": "2022-03-20T07:46:30.000Z",
            "author_id": "196520786",
            "text": "@Dominiclangan @bt_uk BT told us all the problems were in the house. Not their problem. Switched to Sky, instantly worked…"
        },
        {
            "referenced_tweets": [
                {
                    "type": "replied_to",
                    "id": "1505167206216306688"
                }
            ],
            "id": "1505446946252722178",
            "created_at": "2022-03-20T07:31:36.000Z",
            "author_id": "309678861",
            "text": "@bt_uk When does your mobile roaming charges start"
        },
        {
            "id": "1505306338859044868",
            "created_at": "2022-03-19T22:12:53.000Z",
            "author_id": "1542787387",
            "text": "@bt_uk engineer came round today. Although the issue not solved he  tried everything and was was helpful. He had to factory reset my hub and liked how he took his ear piercing out to use as a point to do so. Covid precautions long gone as body piercings are used as tools 😂"
        },
        {
            "referenced_tweets": [
                {
                    "type": "replied_to",
                    "id": "1504982414224990209"
                }
            ],
            "id": "1505304782797430785",
            "created_at": "2022-03-19T22:06:42.000Z",
            "author_id": "423530746",
            "text": "@bt_uk Worked this time, thanks :-)"
        },
        {
            "referenced_tweets": [
                {
                    "type": "replied_to",
                    "id": "1505163075862867969"
                }
            ],
            "id": "1505302760664846337",
            "created_at": "2022-03-19T21:58:39.000Z",
            "author_id": "128382842",
            "text": "@bt_uk Where should I send me details? And do you have contact details for the loyalty department?"
        },
        {
            "referenced_tweets": [
                {
                    "type": "replied_to",
                    "id": "1505267520412004358"
                }
            ],
            "id": "1505293249602334727",
            "created_at": "2022-03-19T21:20:52.000Z",
            "author_id": "54492618",
            "text": "@Dominiclangan @bt_uk Sky have always been great for me and always happy to negotiate with long term customers"
        },
        {
            "id": "1505288280979427333",
            "created_at": "2022-03-19T21:01:07.000Z",
            "author_id": "1221546979920162818",
            "text": "@bt_uk my broadband is down, no outages reported on your website for my number. No customer service. No chat service available. Been on hold on your web messaging service 20 minutes. Help"
        },
        {
            "id": "1505278686043553794",
            "created_at": "2022-03-19T20:23:00.000Z",
            "author_id": "45248686",
            "text": "@bt_uk broadband has been down since 1.30pm! No updates at all. What is going on?"
        },
        {
            "id": "1505274539231559681",
            "created_at": "2022-03-19T20:06:31.000Z",
            "author_id": "751347985519378433",
            "text": "Current speeds with @EE because we have to rely on them to hotspot our machines since it's taking @bt_uk over month to install our broadband. Hey at least there isn't a pandemic and we're working from home. First world country 🤣 https://t.co/lrSQDv4CIR"
        },
        {
            "referenced_tweets": [
                {
                    "type": "replied_to",
                    "id": "1505267520412004358"
                }
            ],
            "id": "1505273427602587650",
            "created_at": "2022-03-19T20:02:06.000Z",
            "author_id": "23621374",
            "text": "@Dominiclangan @bt_uk Try plusnet.  owned by BT but great customer service!"
        },
        {
            "referenced_tweets": [
                {
                    "type": "replied_to",
                    "id": "1505167206216306688"
                }
            ],
            "id": "1505272297891979268",
            "created_at": "2022-03-19T19:57:37.000Z",
            "author_id": "148044886",
            "text": "@bt_uk If anyones wondering if you get responses from dming them- you don’t. Happy to be of service."
        },
        {
            "referenced_tweets": [
                {
                    "type": "replied_to",
                    "id": "1505167206216306688"
                }
            ],
            "id": "1505271839848808448",
            "created_at": "2022-03-19T19:55:47.000Z",
            "author_id": "951450997",
            "text": "@bt_uk Broadband not working"
        },
        {
            "id": "1505271246656843783",
            "created_at": "2022-03-19T19:53:26.000Z",
            "author_id": "23304129",
            "text": "@WeAreOpenreach no wonder the phone doesn’t work?  80year old mother needs a phone that’s reliable!! @BBCWatchdog @helptheaged @bt_uk #shoddy https://t.co/6Y0bjm87x6"
        },
        {
            "id": "1505267520412004358",
            "created_at": "2022-03-19T19:38:38.000Z",
            "author_id": "86163944",
            "text": "I have not had any @BT_UK broadband for over 2 weeks now. At my wit’s end if I’m honest. Rung them numerous times, raised 2 complaints and written to the Omsbudman but got me nowhere. My 32 years with BT are coming to an end. Who do you recommend for my broadband replacement?"
        },
        {
            "id": "1505261515074588682",
            "created_at": "2022-03-19T19:14:46.000Z",
            "author_id": "183935633",
            "text": "@CBLsupport your support is abysmal. I have sent you numerous messages and emails over the last 3 weeks with no reply! I can only assume your service is as poor as your communication, in which case you can cancel my order I have waited for 6 weeks and I’ll stay with @bt_uk"
        },
        {
            "referenced_tweets": [
                {
                    "type": "replied_to",
                    "id": "1505167206216306688"
                }
            ],
            "id": "1505260017209032704",
            "created_at": "2022-03-19T19:08:49.000Z",
            "author_id": "932782613584056320",
            "text": "@bt_uk Any way you could elaborate on if BT is revamping the network in Newcastle or just taking the piss?\nEveryone in the areas internet is in and out, and best I get told is \"reset your routeur\" by an automated text."
        },
        {
            "referenced_tweets": [
                {
                    "type": "replied_to",
                    "id": "1505250873735319556"
                }
            ],
            "id": "1505251837552869376",
            "created_at": "2022-03-19T18:36:18.000Z",
            "author_id": "912329940",
            "text": "@EveryToryOut @charliekaliroy @bt_uk @Trustpilot I’m not defending them. But at least there’s a choice now for our comms (phones  &amp; broadband) The days when they had a monopoly were terrible. Standing charges, excessive connection costs, restrictions on when you could call. Maybe it’s not down to privatisation, just evolution?"
        },
        {
            "referenced_tweets": [
                {
                    "type": "replied_to",
                    "id": "1505250284561473541"
                }
            ],
            "id": "1505250873735319556",
            "created_at": "2022-03-19T18:32:29.000Z",
            "author_id": "439083468",
            "text": "@GrimTim_GTID @charliekaliroy As an unfortunate @bt_uk customer I wish it would go under, there’s a reason for their @Trustpilot rating\n\nhttps://t.co/rjZU0VH8On"
        },
        {
            "id": "1505250261094354944",
            "created_at": "2022-03-19T18:30:03.000Z",
            "author_id": "1316298564885250051",
            "text": "👀 Looking to progress in your content career? Check out our interview with Rachel McConnell (@Minette_78) ✨\n\nShe talks through developing in her roles, and what her current role as Content Design Manager @bt_uk involves 👇\n\nhttps://t.co/i0kI1ZFvZM"
        },
        {
            "referenced_tweets": [
                {
                    "type": "replied_to",
                    "id": "1505236190663950338"
                }
            ],
            "id": "1505237722889433089",
            "created_at": "2022-03-19T17:40:13.000Z",
            "author_id": "841594727086620676",
            "text": "@bt_uk No, he’s been told he has to wait until Monday to pay the bill."
        },
        {
            "id": "1505231643799433228",
            "created_at": "2022-03-19T17:16:04.000Z",
            "author_id": "841594727086620676",
            "text": "@bt_uk on hold for 30:17mins just to be told my 90yr old father’s landline has been cut off due to unpaid bill. This, after he had been reassured bill was paid. Shocking treatment of the elderly &amp; unacceptable customer service. Why do we have to put up with this?"
        },
        {
            "id": "1505221115966328833",
            "created_at": "2022-03-19T16:34:14.000Z",
            "author_id": "149274852",
            "text": "@bt_uk what has happened to your customer service? My broadband is down due to a broken drop wire caused by @WeAreOpenreach engineer fixing a drooping drop wire next door. Appointment 15th no show. OK now 17th. No show. 18th no show! Sir defo 19th...16.30 now and guess what!!"
        },
        {
            "referenced_tweets": [
                {
                    "type": "replied_to",
                    "id": "1504912551037046785"
                }
            ],
            "id": "1505215652658876421",
            "created_at": "2022-03-19T16:12:31.000Z",
            "author_id": "2886708814",
            "text": "@bt_uk I have sent you a direct message."
        },
        {
            "referenced_tweets": [
                {
                    "type": "replied_to",
                    "id": "1505205980820389888"
                }
            ],
            "id": "1505214233667158022",
            "created_at": "2022-03-19T16:06:53.000Z",
            "author_id": "2830478375",
            "text": "@bt_uk Seeing some improvement, had very little dropouts since I disconnected it. Open reach engineer said he would put it on my report back to BT. So I guess I will phone Monday if not heard anything and If I see no improvements with the hybrid disconnected."
        },
        {
            "referenced_tweets": [
                {
                    "type": "replied_to",
                    "id": "1505167206216306688"
                }
            ],
            "id": "1505213129222930435",
            "created_at": "2022-03-19T16:02:30.000Z",
            "author_id": "199792883",
            "text": "@bt_uk When are you going to provide a robust internet service to my local area. I lost 4 hours of work yesterday and when I tried again today it disappears again. I would like to compensated please #BT #Internetservice"
        },
        {
            "referenced_tweets": [
                {
                    "type": "replied_to",
                    "id": "1505150794273804292"
                }
            ],
            "id": "1505206924517777413",
            "created_at": "2022-03-19T15:37:50.000Z",
            "author_id": "1150109430731685893",
            "text": "@bt_uk Look up my details and see the notes. Shocking service."
        },
        {
            "referenced_tweets": [
                {
                    "type": "replied_to",
                    "id": "1505128057530728452"
                }
            ],
            "id": "1505204623300300808",
            "created_at": "2022-03-19T15:28:42.000Z",
            "author_id": "2830478375",
            "text": "@bt_uk Open reach here for 3hrs, no fault found. Recommended a new Hub. Bt Home tech Guy was here 17th. No fault found.\nAm at a loss tbh. Disconnected the hybrid hub from the smart hub.  I got a funny feeling because that was the only change in the last few weeks to my network."
        },
        {
            "referenced_tweets": [
                {
                    "type": "replied_to",
                    "id": "1505168474221522944"
                }
            ],
            "id": "1505204133338492930",
            "created_at": "2022-03-19T15:26:45.000Z",
            "author_id": "148044886",
            "text": "@bt_uk It’s not worked for over 2 hours just showing a purple light. We’ve done all the normal trouble shooting."
        },
        {
            "referenced_tweets": [
                {
                    "type": "replied_to",
                    "id": "1505199110709723136"
                }
            ],
            "id": "1505199777042075648",
            "created_at": "2022-03-19T15:09:26.000Z",
            "author_id": "198751197",
            "text": "@bt_uk Is that a joke? On the 14th I could be connected on the 18th, now on the 19th I cant be connected until the 25th. Why has the delay increased? That's not as soon as possible, the equipment is all there, this delay is unacceptable, due to your cancelling my order!! Wtf??"
        },
        {
            "referenced_tweets": [
                {
                    "type": "replied_to",
                    "id": "1505196703774818304"
                }
            ],
            "id": "1505197321004404736",
            "created_at": "2022-03-19T14:59:41.000Z",
            "author_id": "198751197",
            "text": "@bt_uk I shouldn't have to wait for anything, I was assured I'd be on by yesterday. Moved house with autistic teenagers and you've left us with no TV no Internet, after poaching me from @VodafoneUK claiming to be cheaper! Then you try doubling my charges! What a joke!"
        },
        {
            "referenced_tweets": [
                {
                    "type": "replied_to",
                    "id": "1505193771633414147"
                }
            ],
            "id": "1505196159060647941",
            "created_at": "2022-03-19T14:55:04.000Z",
            "author_id": "198751197",
            "text": "@bt_uk I've just spoken to someone, the new order has now had to be cancelled and I cant order for 24 hours. Absolutely abysmal service, marketing ploy? You cancel my original order then double my charges! I'm now without any connection for over a week! Disgusting #badservice"
        },
        {
            "id": "1505191200466550788",
            "created_at": "2022-03-19T14:35:21.000Z",
            "author_id": "198751197",
            "text": "@bt_uk hi there, I'm very unhappy with your service, I arranged to change my services to a new address, should have gone live yesterday. Turns out someone, not me, cancelled that order. Now my package has virtually doubled in price and I've got no service until the 25th"
        },
        {
            "referenced_tweets": [
                {
                    "type": "replied_to",
                    "id": "1505186178148052997"
                }
            ],
            "id": "1505186433367220226",
            "created_at": "2022-03-19T14:16:25.000Z",
            "author_id": "186780458",
            "text": "@bt_uk Connected via ethernet. I have restarted broadband incase that was causing the issue but still no difference"
        },
        {
            "id": "1505185961323503616",
            "created_at": "2022-03-19T14:14:32.000Z",
            "author_id": "186780458",
            "text": "@bt_uk my youview box has crashed/ Frozen 6 times in the last 3 days. Have restored to factory settings and turned off by the plug disconnected and it has frozen again. Any advice?"
        },
        {
            "referenced_tweets": [
                {
                    "type": "replied_to",
                    "id": "1505182429396488200"
                }
            ],
            "id": "1505183172564295680",
            "created_at": "2022-03-19T14:03:27.000Z",
            "author_id": "515946451",
            "text": "@bt_uk Many thanks Claire but l doubt that you can help as use already know there is a problem\nl have been complaining since boxing day"
        },
        {
            "referenced_tweets": [
                {
                    "type": "replied_to",
                    "id": "1505167206216306688"
                }
            ],
            "id": "1505182113997459461",
            "created_at": "2022-03-19T13:59:15.000Z",
            "author_id": "515946451",
            "text": "@bt_uk Any chance of finding out why my speed's have dropped to 0.03mp and use can't seem to fix it"
        },
        {
            "referenced_tweets": [
                {
                    "type": "replied_to",
                    "id": "1505181607040360463"
                }
            ],
            "id": "1505181958564888578",
            "created_at": "2022-03-19T13:58:38.000Z",
            "author_id": "868495680",
            "text": "@bt_uk Ok many thanks. I’ll change passwords  I was advised BT had their database hacked and leaked."
        },
        {
            "referenced_tweets": [
                {
                    "type": "replied_to",
                    "id": "1505176664233361408"
                }
            ],
            "id": "1505181246825054209",
            "created_at": "2022-03-19T13:55:48.000Z",
            "author_id": "868495680",
            "text": "@bt_uk So you there isn’t a way to manage devices then ?"
        },
        {
            "referenced_tweets": [
                {
                    "type": "replied_to",
                    "id": "1505178637850619906"
                }
            ],
            "id": "1505179495887773698",
            "created_at": "2022-03-19T13:48:51.000Z",
            "author_id": "1088160734528368641",
            "text": "@bt_uk I’ve messaged you"
        },
        {
            "referenced_tweets": [
                {
                    "type": "replied_to",
                    "id": "1505177586007224325"
                }
            ],
            "id": "1505179420839104518",
            "created_at": "2022-03-19T13:48:33.000Z",
            "author_id": "1486035587010379777",
            "text": "@MattKeena @bt_uk when i moved my mother to Virgin phone , BT demanded £98 disconnection fee. I told them to produce a contract with two wet signatures showing where she agreed to that in 1972, or id see them in court, they didnt ring back."
        },
        {
            "id": "1505177586007224325",
            "created_at": "2022-03-19T13:41:16.000Z",
            "author_id": "1088160734528368641",
            "text": "So @bt_uk you charging me £7.50 late fee from my last bill… only reason it was late was because you didn’t let me know it was due so that’s your fault not mine, I’m not paying the  £7.50 late fee https://t.co/ioPOpTvj1Y"
        },
        {
            "referenced_tweets": [
                {
                    "type": "replied_to",
                    "id": "1505173006741614600"
                }
            ],
            "id": "1505174285970812930",
            "created_at": "2022-03-19T13:28:09.000Z",
            "author_id": "868495680",
            "text": "@bt_uk It’s saying I can’t watch as two streams already being played."
        },
        {
            "referenced_tweets": [
                {
                    "type": "replied_to",
                    "id": "1505168242737913861"
                }
            ],
            "id": "1505173079772827659",
            "created_at": "2022-03-19T13:23:21.000Z",
            "author_id": "1306477939937210368",
            "text": "@bt_uk She just wants to revert back to what she was on and within the 14 day cooling off period is entitled to do so."
        },
        {
            "referenced_tweets": [
                {
                    "type": "replied_to",
                    "id": "1505172471611281413"
                }
            ],
            "id": "1505172713434157058",
            "created_at": "2022-03-19T13:21:54.000Z",
            "author_id": "1488276920248807426",
            "text": "Multiple efforts with @bt_uk to get broadband connected. @OpenreachHelp say there is an old @TalkTalk order preventing the @bt_uk orders going through….."
        },
        {
            "referenced_tweets": [
                {
                    "type": "replied_to",
                    "id": "1505168242737913861"
                }
            ],
            "id": "1505172691069935619",
            "created_at": "2022-03-19T13:21:48.000Z",
            "author_id": "1306477939937210368",
            "text": "@bt_uk But then decided not to and it seems to be a problem because the old “package” no longer exists but she doesn’t want the new package they pushed her into."
        },
        {
            "id": "1505172471611281413",
            "created_at": "2022-03-19T13:20:56.000Z",
            "author_id": "1488276920248807426",
            "text": "@OpenreachHelp @TalkTalk @bt_uk between these three companies trying to get broadband connected is robbing me of my will to live"
        },
        {
            "referenced_tweets": [
                {
                    "type": "replied_to",
                    "id": "1505168242737913861"
                }
            ],
            "id": "1505172213888176132",
            "created_at": "2022-03-19T13:19:55.000Z",
            "author_id": "1306477939937210368",
            "text": "@bt_uk Yes there has been a problem with changing the package but that’s just the tip of the iceberg it’s getting beyond a joke. Every time we speak with someone they don’t have a clue or they cut off the phone! Initially someone spoke about upgrading the packaging to which she agreed"
        },
        {
            "id": "1505171962670338052",
            "created_at": "2022-03-19T13:18:55.000Z",
            "author_id": "19355914",
            "text": "@bt_uk \nWednesday: text to say a Smart Hub 2 is on the way (I didn’t order one)\nThursday: text to say it’ll arrive today (it didn’t)\nSaturday: email to say if I don’t return it by May 15th I’ll be charged £50\n\nUnbelievable."
        },
        {
            "referenced_tweets": [
                {
                    "type": "replied_to",
                    "id": "1505171001730027529"
                }
            ],
            "id": "1505171311211032581",
            "created_at": "2022-03-19T13:16:19.000Z",
            "author_id": "868495680",
            "text": "@bt_uk Yes that’s it. Where can I manage the devices online for my account ?"
        },
        {
            "id": "1505167832677502977",
            "created_at": "2022-03-19T13:02:30.000Z",
            "author_id": "1306477939937210368",
            "text": "@bt_uk why do you have such poor customer service? My mum wants to change her BT package and has spoken to 6 different people in the last week and not one has has done as she has asked!"
        },
        {
            "referenced_tweets": [
                {
                    "type": "replied_to",
                    "id": "1505167206216306688"
                }
            ],
            "id": "1505167474706243587",
            "created_at": "2022-03-19T13:01:05.000Z",
            "author_id": "148044886",
            "text": "@bt_uk Pls my internet"
        },
        {
            "referenced_tweets": [
                {
                    "type": "replied_to",
                    "id": "1505167206216306688"
                }
            ],
            "id": "1505167413356154881",
            "created_at": "2022-03-19T13:00:50.000Z",
            "author_id": "57938385",
            "text": "@bt_uk Our fence is looking a bit tired. What’s the best paint to use?"
        },
        {
            "id": "1505164526869753857",
            "created_at": "2022-03-19T12:49:22.000Z",
            "author_id": "19966940",
            "text": "Side by side comparison #UHD #4K #HDR \n\n📡 #SkyF1 on #SkyQ #SamsungTV #BahrainGP #FP3 #satellite @SkyUK \n\n📶 #AVLARS on BT Sport Ultimate via #AppleTV on #SkyGlass #fibre @bt_uk \n\n#SportsBiz #SportsTech #PL #F1 #F12022 #NABShow #NAB2022 #NAB22 https://t.co/3CxuVpwzdT"
        },
        {
            "id": "1505163817285791753",
            "created_at": "2022-03-19T12:46:33.000Z",
            "author_id": "1207730341508734982",
            "text": "@bt_uk my mum has BT FTTP and her house has been destroyed in a fire. House will not be habitable from anything from 3 months to a year. Currently in temp accommodation. What can be done regarding the account?"
        },
        {
            "id": "1505162303947550727",
            "created_at": "2022-03-19T12:40:32.000Z",
            "author_id": "128382842",
            "text": "@bt_uk hi, I just paid for a monthly BT sport account but I can’t log in. I only wanted it for the Aston Villa v Arsenal game but as this has now started and I can’t watch it I’d like a refund and to cancel my account."
        },
        {
            "referenced_tweets": [
                {
                    "type": "replied_to",
                    "id": "1505158043792814084"
                }
            ],
            "id": "1505160544763920389",
            "created_at": "2022-03-19T12:33:33.000Z",
            "author_id": "3888335896",
            "text": "@bt_uk Aaaand a few seconds ago I got an email saying the router has been returned. I'm hoping this is just your systems catching up. I hope all this will be taken on board at BT to improve their internal practices. Thanks again Paul."
        },
        {
            "referenced_tweets": [
                {
                    "type": "replied_to",
                    "id": "1504879302134931457"
                }
            ],
            "id": "1505158043792814084",
            "created_at": "2022-03-19T12:23:36.000Z",
            "author_id": "3888335896",
            "text": "@bt_uk Thanks Paul, but if I log into my account I see it still shows the hub as outstanding. Also when I supplied the info requested by PM I got a message back still threatening to charge me £50."
        },
        {
            "referenced_tweets": [
                {
                    "type": "replied_to",
                    "id": "1505141637164552193"
                }
            ],
            "id": "1505147418425315330",
            "created_at": "2022-03-19T11:41:23.000Z",
            "author_id": "2396758689",
            "text": "@SkaterGnome @bt_uk No. I can’t understand it. Very frustrating - we’ve tried doing all the normal things to resolve a problem like this and nothing works."
        },
        {
            "referenced_tweets": [
                {
                    "type": "replied_to",
                    "id": "1505146189708156931"
                }
            ],
            "id": "1505147354156093442",
            "created_at": "2022-03-19T11:41:08.000Z",
            "author_id": "192108712",
            "text": "@SmxAnn @suziperry @jakedixonracing @SamLowes_22 @btsportmotogp @btsport I have BTS, landline, two mobiles and internet with @bt_uk Bit of research this week and moving it all, obviously they don't care about their customers.."
        },
        {
            "referenced_tweets": [
                {
                    "type": "replied_to",
                    "id": "1505117326433308673"
                }
            ],
            "id": "1505143644076052481",
            "created_at": "2022-03-19T11:26:23.000Z",
            "author_id": "3864070581",
            "text": "@HWTL_1881 @SAFCsharpy @bt_uk Just read your pinned tweet. Actually quite interesting. But I’ll still stick to Ha’way for us. It’s in the stadium and because of that the mags typically use Howay."
        },
        {
            "referenced_tweets": [
                {
                    "type": "replied_to",
                    "id": "1505126485438484484"
                }
            ],
            "id": "1505142388548898822",
            "created_at": "2022-03-19T11:21:24.000Z",
            "author_id": "310799674",
            "text": "Have now got through but am told that line can’t be reconnected until 30 March. Sigh, of course unacceptable. A survey then arrives by text: how was my customer experience today? There is something badly wrong with the way many large companies interact with public. @bt_uk https://t.co/CSY15yf80k"
        },
        {
            "referenced_tweets": [
                {
                    "type": "replied_to",
                    "id": "1504964278436118533"
                }
            ],
            "id": "1505141637164552193",
            "created_at": "2022-03-19T11:18:25.000Z",
            "author_id": "301724997",
            "text": "@MiraDreams @bt_uk Is it Sainsbury's? As I get a similar problem with my BitDefender AV which flags up an 'unmatching security certificate' error on Sainsbury's end:  unmatching security certificate to nectar360 . flavedo . io\n\nI assume this is a URL related to the Sainsbury's rewards card program"
        },
        {
            "referenced_tweets": [
                {
                    "type": "replied_to",
                    "id": "1505139775896010752"
                }
            ],
            "id": "1505140013725589504",
            "created_at": "2022-03-19T11:11:58.000Z",
            "author_id": "705442807759151104",
            "text": "@bt_uk Been hearing that for a month"
        },
        {
            "id": "1505139266908794884",
            "created_at": "2022-03-19T11:09:00.000Z",
            "author_id": "705442807759151104",
            "text": "@bt_uk really isn’t good 😓"
        },
        {
            "referenced_tweets": [
                {
                    "type": "replied_to",
                    "id": "1501967011282407430"
                }
            ],
            "id": "1505137158843256837",
            "created_at": "2022-03-19T11:00:37.000Z",
            "author_id": "3197530762",
            "text": "@bt_uk Hi, the router was reset but I’m still having the same issues. It will connect to the wifi for a minute or two before disconnecting and saying that it can’t be reached."
        },
        {
            "id": "1505132530638499845",
            "created_at": "2022-03-19T10:42:13.000Z",
            "author_id": "67856083",
            "text": "@bt_uk replacement hub arrived this morning. Thank you, that’s terrific service as I only reported the fault at 1400hrs Friday (yesterday)"
        },
        {
            "referenced_tweets": [
                {
                    "type": "replied_to",
                    "id": "1505130565699354624"
                }
            ],
            "id": "1505132295396732934",
            "created_at": "2022-03-19T10:41:17.000Z",
            "author_id": "1296839568570949632",
            "text": "@bt_uk Thanks Claire but I just rang technical support, they said that they are experiencing a few 'issues' so I will try again next week, thanks for your help"
        },
        {
            "referenced_tweets": [
                {
                    "type": "replied_to",
                    "id": "1505128559676899330"
                }
            ],
            "id": "1505129580666961923",
            "created_at": "2022-03-19T10:30:30.000Z",
            "author_id": "1296839568570949632",
            "text": "@bt_uk No issued with the cache, it redirects to this page ClaireC https://t.co/3235hbeSHK"
        },
        {
            "referenced_tweets": [
                {
                    "type": "quoted",
                    "id": "1505126485438484484"
                }
            ],
            "id": "1505128264825810952",
            "created_at": "2022-03-19T10:25:16.000Z",
            "author_id": "310799674",
            "text": "@bt_uk https://t.co/9dC48T08zQ"
        },
        {
            "referenced_tweets": [
                {
                    "type": "replied_to",
                    "id": "1505127806946222080"
                }
            ],
            "id": "1505128028933820420",
            "created_at": "2022-03-19T10:24:20.000Z",
            "author_id": "310799674",
            "text": "@Satchers @bt_uk Aha ✔️"
        },
        {
            "referenced_tweets": [
                {
                    "type": "replied_to",
                    "id": "1505126485438484484"
                }
            ],
            "id": "1505127806946222080",
            "created_at": "2022-03-19T10:23:27.000Z",
            "author_id": "22417100",
            "text": "@sricketts1 Try @bt_uk"
        },
        {
            "id": "1505126629126852611",
            "created_at": "2022-03-19T10:18:46.000Z",
            "author_id": "2830478375",
            "text": "Can't fault @bt_uk for there communication today. Just hope they find my fault today."
        },
        {
            "referenced_tweets": [
                {
                    "type": "replied_to",
                    "id": "1504579669697441807"
                }
            ],
            "id": "1505121998980198400",
            "created_at": "2022-03-19T10:00:23.000Z",
            "author_id": "259193268",
            "text": "@TheMarkTuson @bt_uk This has happened to me as well. Infact they cut my sister off by mistake an she had to wait two days for it to be fixed and mine has been intermittent since Tuesday. Had none at all yesterday and today have 12 Mb/s. The incompetence of an engineer has affect the street!"
        },
        {
            "referenced_tweets": [
                {
                    "type": "quoted",
                    "id": "1496556554363060229"
                },
                {
                    "type": "replied_to",
                    "id": "1504828503270821896"
                }
            ],
            "id": "1505118495910080513",
            "created_at": "2022-03-19T09:46:27.000Z",
            "author_id": "1075760562892488706",
            "text": "@SAFCsharpy @SAFCSpencer @bt_uk https://t.co/y2tRjhilpE"
        },
        {
            "referenced_tweets": [
                {
                    "type": "quoted",
                    "id": "1493664495251734532"
                },
                {
                    "type": "replied_to",
                    "id": "1504828503270821896"
                }
            ],
            "id": "1505117803078160384",
            "created_at": "2022-03-19T09:43:42.000Z",
            "author_id": "1075760562892488706",
            "text": "@SAFCsharpy @SAFCSpencer @bt_uk https://t.co/GmUQnXXsaJ"
        },
        {
            "referenced_tweets": [
                {
                    "type": "replied_to",
                    "id": "1504828503270821896"
                }
            ],
            "id": "1505117326433308673",
            "created_at": "2022-03-19T09:41:49.000Z",
            "author_id": "1075760562892488706",
            "text": "@SAFCsharpy @SAFCSpencer @bt_uk #howaythelads #safc https://t.co/QXysiW8TMZ"
        },
        {
            "referenced_tweets": [
                {
                    "type": "replied_to",
                    "id": "1504531022599307266"
                }
            ],
            "id": "1505112380480622592",
            "created_at": "2022-03-19T09:22:09.000Z",
            "author_id": "970524464",
            "text": "@bt_uk So let me get this straight, I have unlimited broadband at massive cost which my phone now uses to call but I still have to pay for them calls?  But I can use Wi-Fi calling on my mobile as included in the package at no cost?"
        },
        {
            "referenced_tweets": [
                {
                    "type": "replied_to",
                    "id": "1489249555874869270"
                }
            ],
            "id": "1505108157521178625",
            "created_at": "2022-03-19T09:05:22.000Z",
            "author_id": "705120421",
            "text": "@bt_global @BritAmBusiness @Brandpie Can you ask her about @interserve / @realisele setting up LLC in Saudi &amp; sent staff to work in colleges there illegally on visit visas &amp; fake job titles. Allowed Interserve to commit unlimited discrimination, racism &amp;unfair dismissals.Staff had no employment rights. @bt_uk @FT"
        },
        {
            "id": "1505104140581617666",
            "created_at": "2022-03-19T08:49:25.000Z",
            "author_id": "1494370463191076865",
            "text": "@bt_uk I have just spoken to a lovely BT call taker, Saskia. So kind and helpful, many thanks for 10/10 customer service. A credit to your company."
        },
        {
            "referenced_tweets": [
                {
                    "type": "replied_to",
                    "id": "1505103029825122306"
                }
            ],
            "id": "1505103348692881409",
            "created_at": "2022-03-19T08:46:16.000Z",
            "author_id": "15124145",
            "text": "@bt_uk I know, that what you’ve been spamming me about. Makes sense and I was ready to switch but then the next thing I know you’re asking for the hub back. No, I didn’t already have a hub 2."
        },
        {
            "id": "1505090433050976260",
            "created_at": "2022-03-19T07:54:57.000Z",
            "author_id": "716154032407097345",
            "text": "@bt_uk Bad customer service, BT blaming Openreach for my lack of service! Now day 6 no connection as they cancelled my old provider!! I would rather they say I don’t know than lie to me about what’s happening. Definitely wish I had read the reviews before changing provider.😡"
        },
        {
            "id": "1505077911681908745",
            "created_at": "2022-03-19T07:05:11.000Z",
            "author_id": "1352570440192057346",
            "text": "@bt_uk any ideas why I'm offered these upgrades, yet once selected am told they aren't available? https://t.co/1tyOzYI3JS"
        },
        {
            "referenced_tweets": [
                {
                    "type": "replied_to",
                    "id": "1390592966801117185"
                }
            ],
            "id": "1505066663116423169",
            "created_at": "2022-03-19T06:20:29.000Z",
            "author_id": "1407004506005639176",
            "text": "@MarcAllera @bt_uk Keep hearing this annoying advert and thinking the 3 minutes the cellular would take to kick in would result in the same rage portrayed."
        },
        {
            "referenced_tweets": [
                {
                    "type": "replied_to",
                    "id": "1504981246904082433"
                }
            ],
            "id": "1504982079938965505",
            "created_at": "2022-03-19T00:44:23.000Z",
            "author_id": "423530746",
            "text": "@bt_uk Hi Karen, no, its just a message stating the card number is invalid."
        },
        {
            "referenced_tweets": [
                {
                    "type": "replied_to",
                    "id": "1504176108807278592"
                }
            ],
            "id": "1504980933379866629",
            "created_at": "2022-03-19T00:39:50.000Z",
            "author_id": "54324842",
            "text": "@NickT85 @virginmedia @bt_uk No broadband for cuuuuunts"
        },
        {
            "id": "1504976100832731136",
            "created_at": "2022-03-19T00:20:38.000Z",
            "author_id": "423530746",
            "text": "@bt_uk hi, I'm trying to renew my BT Sport monthly subscription but when I enter my card number it keeps coming up invalid, I've also tried an alternative card too. :("
        },
        {
            "id": "1504964278436118533",
            "created_at": "2022-03-18T23:33:39.000Z",
            "author_id": "2396758689",
            "text": "@bt_uk  Since we updated our BT broadband security (Norton) as you requested we can’t check out our supermarket order. Supermarket can’t find any reason why - we are assuming now that it’s the Norton. What do you advise?"
        },
        {
            "referenced_tweets": [
                {
                    "type": "replied_to",
                    "id": "1504962384661786633"
                }
            ],
            "id": "1504963351402762245",
            "created_at": "2022-03-18T23:29:58.000Z",
            "author_id": "909012178975576064",
            "text": "@bt_uk What drink do you usually tend to go with in your meal deal ? Jack"
        },
        {
            "referenced_tweets": [
                {
                    "type": "replied_to",
                    "id": "1504960462076661763"
                }
            ],
            "id": "1504960744621752327",
            "created_at": "2022-03-18T23:19:36.000Z",
            "author_id": "909012178975576064",
            "text": "@bt_uk There is one thing actually"
        },
        {
            "referenced_tweets": [
                {
                    "type": "replied_to",
                    "id": "1504876220198141952"
                }
            ],
            "id": "1504959296655835136",
            "created_at": "2022-03-18T23:13:51.000Z",
            "author_id": "909012178975576064",
            "text": "@bt_uk Yeah had cum in the router all good now thanks Dee 😄"
        },
        {
            "id": "1504957300267794441",
            "created_at": "2022-03-18T23:05:55.000Z",
            "author_id": "1469298254",
            "text": "@bt_uk any chance you could please switch on my minihub like you said you would 10 hours ago when i reported that my fibre broadband had failed? thanks."
        },
        {
            "referenced_tweets": [
                {
                    "type": "replied_to",
                    "id": "1504930719147118609"
                }
            ],
            "id": "1504948614002618372",
            "created_at": "2022-03-18T22:31:24.000Z",
            "author_id": "20397168",
            "text": "@dfrancisgreen @bt_uk @WeAreOpenreach They’re a such great idea ,It would be a great project to engage the young &amp; older people in a community with their local history/heritage X street art ."
        },
        {
            "id": "1504944303302455296",
            "created_at": "2022-03-18T22:14:17.000Z",
            "author_id": "1595528894",
            "text": "@bt_uk \nMy broadband is clocking speeds that are 99% lower than what I am supposedly \"guaranteed\".\n\nIf I were to walk into a garage and pay for a car, only to receive an airbag, I don't think that business would be my preference for long.\n\nAm I to pay 1% of my bill this month? https://t.co/cR5GCFbHPp"
        },
        {
            "referenced_tweets": [
                {
                    "type": "replied_to",
                    "id": "1504884215917207560"
                }
            ],
            "id": "1504939100327010319",
            "created_at": "2022-03-18T21:53:36.000Z",
            "author_id": "234094552",
            "text": "@bt_uk What about the Xbox Series X?"
        },
        {
            "id": "1504938762312339456",
            "created_at": "2022-03-18T21:52:16.000Z",
            "author_id": "1175801857102491651",
            "text": "@bt_uk sort your internet out It’s disconnecting from devices and lagging everything. Fake fast fibre broadband"
        },
        {
            "referenced_tweets": [
                {
                    "type": "replied_to",
                    "id": "1504893641847975937"
                }
            ],
            "id": "1504930719147118609",
            "created_at": "2022-03-18T21:20:18.000Z",
            "author_id": "969863470777819136",
            "text": "@kellegall @bt_uk @WeAreOpenreach I love this. We saw a lot of these in Sheffield a few years back. There’s also a lot of these in Meanwood, Leeds (where I was brought up). I did raise the suggestion with council leadership a year or two ago. Your local heroes idea is great too 👍"
        },
        {
            "id": "1504926202116648960",
            "created_at": "2022-03-18T21:02:21.000Z",
            "author_id": "1488276920248807426",
            "text": "Have experienced breathtaking incompetence by @bt_uk this week #broadband #liarsorincompetent"
        },
        {
            "id": "1504920061798236163",
            "created_at": "2022-03-18T20:37:57.000Z",
            "author_id": "889856812404572160",
            "text": "@bt_uk started home mover process a month before moving, due to be connected at new place 1 March, several delays and missed promises, still waiting, no explanation. Today we are told no record of home mover request. Appalling and inept service. @Ofcom @SkyUK can you help??"
        },
        {
            "referenced_tweets": [
                {
                    "type": "replied_to",
                    "id": "1503390818043895808"
                }
            ],
            "id": "1504918550208823312",
            "created_at": "2022-03-18T20:31:57.000Z",
            "author_id": "1395648791450116096",
            "text": "@bt_uk How do I get this fixed? Speed has been absolute garbage for 3-4 weeks now. https://t.co/A5h8YynQjP"
        },
        {
            "referenced_tweets": [
                {
                    "type": "replied_to",
                    "id": "1504914080582320132"
                }
            ],
            "id": "1504915935978831881",
            "created_at": "2022-03-18T20:21:33.000Z",
            "author_id": "81554436",
            "text": "@bt_uk We’re hearing it could take over 24 hours to fix. It’s right across the city. Mares!"
        }
    ],
    "includes": {
        "users": [
            {
                "username": "RobScullion",
                "id": "196520786",
                "name": "Robert Scullion"
            },
            {
                "username": "Bluebro1lfc",
                "id": "309678861",
                "name": "Thomas"
            },
            {
                "username": "GymSim",
                "id": "1542787387",
                "name": "Gymsim"
            },
            {
                "username": "ShockLad",
                "id": "423530746",
                "name": "Craig Price"
            },
            {
                "username": "Jack_Sibley",
                "id": "128382842",
                "name": "Jack Sibley",
                "location": "Chelmsford, Essex"
            },
            {
                "username": "tyredcyclist",
                "id": "54492618",
                "name": "Will O'Driscoll",
                "location": "Peterborough UK"
            },
            {
                "username": "RachelL42802653",
                "id": "1221546979920162818",
                "name": "Rachel Lindsay"
            },
            {
                "username": "nadinematheson",
                "id": "45248686",
                "name": "Nadine Matheson",
                "location": "London, UK"
            },
            {
                "username": "xerscot",
                "id": "751347985519378433",
                "name": "Red Williams",
                "location": "Oporto, Portugal"
            },
            {
                "username": "wildoolimited",
                "id": "23621374",
                "name": "Wildoo",
                "location": "Milton Keynes"
            },
            {
                "username": "Earl_Kay",
                "id": "148044886",
                "name": "Teabag",
                "location": "London, England"
            },
            {
                "username": "chowna0",
                "id": "951450997",
                "name": "chowna"
            },
            {
                "username": "jakjaks",
                "id": "23304129",
                "name": "Windsor Coloured Ryelands"
            },
            {
                "username": "Dominiclangan",
                "id": "86163944",
                "name": "Dominic Langan",
                "location": "Rickmansworth and Wapping"
            },
            {
                "username": "baz6767",
                "id": "183935633",
                "name": "Barry Davies",
                "location": "Cambridge UK"
            },
            {
                "username": "LenraTrafin",
                "id": "932782613584056320",
                "name": "Ashara fenneris"
            },
            {
                "username": "GrimTim_GTID",
                "id": "912329940",
                "name": "Grim Tim 🏁🏁🏁",
                "location": "FishOutOfWater in SleepyHollow"
            },
            {
                "username": "EveryToryOut",
                "id": "439083468",
                "name": "#EveryToryOut",
                "location": "No.10 Down-it ‘PARTY’ Strreet"
            },
            {
                "username": "wicontent",
                "id": "1316298564885250051",
                "name": "WorkingInContent.com – #Perspectives2022",
                "location": "Remote"
            },
            {
                "username": "LetsGoLudlow",
                "id": "841594727086620676",
                "name": "Let's Go! Ludlow",
                "location": "Ludlow, England"
            },
            {
                "username": "largerbaloo",
                "id": "149274852",
                "name": "David Yardley",
                "location": "Croydon, London"
            },
            {
                "username": "NSE_Latchmere",
                "id": "2886708814",
                "name": "Network Southeast Latchmere ❤️🤍💙",
                "location": "Latchmere, S.E. England "
            },
            {
                "username": "Barinthus74",
                "id": "2830478375",
                "name": "Daniel krafczyk",
                "location": "Ludlow"
            },
            {
                "username": "Levity63",
                "id": "199792883",
                "name": "SO'Brien💙",
                "location": "UK"
            },
            {
                "username": "kylrav",
                "id": "1150109430731685893",
                "name": "Kyle Raven",
                "location": "Plymouth, England"
            },
            {
                "username": "BuffyIles",
                "id": "198751197",
                "name": "Buffy Iles",
                "location": "Nottingham, England"
            },
            {
                "username": "ralphingizmo",
                "id": "186780458",
                "name": "Jamie Weaver",
                "location": "West Midlands, Birmingham"
            },
            {
                "username": "darkbluezephyr",
                "id": "515946451",
                "name": "thomas"
            },
            {
                "username": "Darren6270",
                "id": "868495680",
                "name": "Darren"
            },
            {
                "username": "MattKeena",
                "id": "1088160734528368641",
                "name": "🏳️‍🌈Matt Keena🏳️‍🌈",
                "location": "Durham, England"
            },
            {
                "username": "StephanieSadie2",
                "id": "1486035587010379777",
                "name": "Stephanie Sadie"
            },
            {
                "username": "saskiamuln1",
                "id": "1306477939937210368",
                "name": "saskiamuln1",
                "location": "West Midlands, England"
            },
            {
                "username": "DaveASpencer",
                "id": "1488276920248807426",
                "name": "David Spencer"
            },
            {
                "username": "richardinthebay",
                "id": "19355914",
                "name": "Richard Aitken",
                "location": "Newcastle / Wokingham"
            },
            {
                "username": "JohnWumz",
                "id": "57938385",
                "name": "John"
            },
            {
                "username": "paolopescatore",
                "id": "19966940",
                "name": "Paolo Pescatore #NAB2022",
                "location": "London"
            },
            {
                "username": "adarrenbilivit",
                "id": "1207730341508734982",
                "name": "Dazzlejeuse, Dazzlejeuse, Dazzlejeuse"
            },
            {
                "username": "MarkblokeN",
                "id": "3888335896",
                "name": "Mark N"
            },
            {
                "username": "MiraDreams",
                "id": "2396758689",
                "name": "the wayward nun",
                "location": "uk"
            },
            {
                "username": "DanniPowell71",
                "id": "192108712",
                "name": "Danni Powell",
                "location": "West Yorkshire, England"
            },
            {
                "username": "SAFCSpencer",
                "id": "3864070581",
                "name": "Spencer Davison",
                "location": "Sunderland, England"
            },
            {
                "username": "sricketts1",
                "id": "310799674",
                "name": "Simon Ricketts",
                "location": "UK"
            },
            {
                "username": "SkaterGnome",
                "id": "301724997",
                "name": "SkaterGnome",
                "location": "London"
            },
            {
                "username": "BNardz7",
                "id": "705442807759151104",
                "name": "Nardz",
                "location": "London, England"
            },
            {
                "username": "_whatlizloves",
                "id": "3197530762",
                "name": "Liz 🌎",
                "location": "Rugby, England"
            },
            {
                "username": "WYSIW",
                "id": "67856083",
                "name": "Just an ordinary bloke",
                "location": "18.9775 miles from Marble Arch"
            },
            {
                "username": "FatEvilBuddha",
                "id": "1296839568570949632",
                "name": "photoshop Tourette’s 🇺🇦"
            },
            {
                "username": "Satchers",
                "id": "22417100",
                "name": "Hilary Satchwell",
                "location": "London UK"
            },
            {
                "username": "JPMIDB",
                "id": "259193268",
                "name": "Jemma"
            },
            {
                "username": "HWTL_1881",
                "id": "1075760562892488706",
                "name": "Ha’way The Lads 1881",
                "location": "Heaton, Newcastle upon Tyne"
            },
            {
                "username": "almacleod79",
                "id": "970524464",
                "name": "Al"
            },
            {
                "username": "InterserveBully",
                "id": "705120421",
                "name": "Interserve visa scandal"
            },
            {
                "username": "Jacquel41523245",
                "id": "1494370463191076865",
                "name": "Jacqueline Whale"
            },
            {
                "username": "trampled",
                "id": "15124145",
                "name": "Matt Hollander",
                "location": "London"
            },
            {
                "username": "shell0296",
                "id": "716154032407097345",
                "name": "Michelle Dodd"
            },
            {
                "username": "feefle_moose",
                "id": "1352570440192057346",
                "name": "Luke Horton"
            },
            {
                "username": "JamesBurnetts",
                "id": "1407004506005639176",
                "name": "James Burnett"
            },
            {
                "username": "Tiernobyl",
                "id": "54324842",
                "name": "Paul Tierney",
                "location": "Aberdeen, Scotland"
            },
            {
                "username": "JPrest0",
                "id": "909012178975576064",
                "name": "Presto",
                "location": "UK"
            },
            {
                "username": "BradleyGaz",
                "id": "1469298254",
                "name": "gary bradley",
                "location": "Esher, South East"
            },
            {
                "username": "kellegall",
                "id": "20397168",
                "name": "Kelle💙",
                "location": "Newcastle "
            },
            {
                "username": "JoeSBDev",
                "id": "1595528894",
                "name": "Joe",
                "location": "Lancashire"
            },
            {
                "username": "MrVocalCord",
                "id": "234094552",
                "name": "Shah",
                "location": "London"
            },
            {
                "username": "Frankie60996202",
                "id": "1175801857102491651",
                "name": "Frankie"
            },
            {
                "username": "dfrancisgreen",
                "id": "969863470777819136",
                "name": "Cllr David Francis",
                "location": "South Shields, England"
            },
            {
                "username": "S_F9753",
                "id": "889856812404572160",
                "name": "Sarah Jones"
            },
            {
                "username": "RJMacReadyBTC",
                "id": "1395648791450116096",
                "name": "₿itcoin MacReady ⚡🐺🔥🛸🇳🇴",
                "location": "US Outpost #31"
            },
            {
                "username": "Bob__Hudson",
                "id": "81554436",
                "name": "Bob Hudson",
                "location": "Durham City UK"
            }
        ],
        "tweets": [
            {
                "id": "1505267520412004358",
                "created_at": "2022-03-19T19:38:38.000Z",
                "author_id": "86163944",
                "text": "I have not had any @BT_UK broadband for over 2 weeks now. At my wit’s end if I’m honest. Rung them numerous times, raised 2 complaints and written to the Omsbudman but got me nowhere. My 32 years with BT are coming to an end. Who do you recommend for my broadband replacement?"
            },
            {
                "id": "1505167206216306688",
                "created_at": "2022-03-19T13:00:01.000Z",
                "author_id": "118750085",
                "text": "We're here to help, pop over a DM with any queries you may have!"
            },
            {
                "referenced_tweets": [
                    {
                        "type": "replied_to",
                        "id": "1504982079938965505"
                    }
                ],
                "id": "1504982414224990209",
                "created_at": "2022-03-19T00:45:43.000Z",
                "author_id": "118750085",
                "text": "@ShockLad Can you clear the cache / history and try again? ^Karen"
            },
            {
                "referenced_tweets": [
                    {
                        "type": "replied_to",
                        "id": "1505162303947550727"
                    }
                ],
                "id": "1505163075862867969",
                "created_at": "2022-03-19T12:43:36.000Z",
                "author_id": "118750085",
                "text": "@Jack_Sibley Hi Jack\n\nSorry to hear this.\n\nCould you pop over your BT Account details or Email address so we can look into this for you.\n\nIn order to cancel the account you may need to speak to a member of our loyalty department who deal with the cancellations. ^Anthony"
            },
            {
                "referenced_tweets": [
                    {
                        "type": "replied_to",
                        "id": "1505250284561473541"
                    }
                ],
                "id": "1505250873735319556",
                "created_at": "2022-03-19T18:32:29.000Z",
                "author_id": "439083468",
                "text": "@GrimTim_GTID @charliekaliroy As an unfortunate @bt_uk customer I wish it would go under, there’s a reason for their @Trustpilot rating\n\nhttps://t.co/rjZU0VH8On"
            },
            {
                "referenced_tweets": [
                    {
                        "type": "replied_to",
                        "id": "1505243289372479489"
                    }
                ],
                "id": "1505250284561473541",
                "created_at": "2022-03-19T18:30:08.000Z",
                "author_id": "912329940",
                "text": "@charliekaliroy @EveryToryOut The only one I can think of maybe  is BT….telecommunications have changed so much since the days of party lines etc &amp; it might well have just gone under in any case with new technologies being introduced over the years"
            },
            {
                "referenced_tweets": [
                    {
                        "type": "replied_to",
                        "id": "1505233436197412866"
                    }
                ],
                "id": "1505236190663950338",
                "created_at": "2022-03-19T17:34:08.000Z",
                "author_id": "118750085",
                "text": "@LetsGoLudlow Hello, I'm so sorry to hear that happened. Is there someone looking into this? ^LauraG"
            },
            {
                "referenced_tweets": [
                    {
                        "type": "replied_to",
                        "id": "1504912128028860417"
                    }
                ],
                "id": "1504912551037046785",
                "created_at": "2022-03-18T20:08:06.000Z",
                "author_id": "118750085",
                "text": "@NSE_Latchmere Hello there. I'm very sorry to hear your engineer scheduled for today couldn't complete your install. Please drop me a DM with your BT account number, name and let me know if your the account holder. I'll have a look at this for you. ^Eamon"
            },
            {
                "referenced_tweets": [
                    {
                        "type": "replied_to",
                        "id": "1505204623300300808"
                    }
                ],
                "id": "1505205980820389888",
                "created_at": "2022-03-19T15:34:05.000Z",
                "author_id": "118750085",
                "text": "@Barinthus74 I see, that's not good. Are you seeing any improvement with the hybrid hub disconnected? Has a new hub been arranged for you? ^ClaireC"
            },
            {
                "referenced_tweets": [
                    {
                        "type": "replied_to",
                        "id": "1505149308064129027"
                    }
                ],
                "id": "1505150794273804292",
                "created_at": "2022-03-19T11:54:48.000Z",
                "author_id": "118750085",
                "text": "@kylrav Kyle I'm very sorry to hear this, have you contacted us about this before? ^Jules"
            },
            {
                "referenced_tweets": [
                    {
                        "type": "replied_to",
                        "id": "1505126629126852611"
                    }
                ],
                "id": "1505128057530728452",
                "created_at": "2022-03-19T10:24:27.000Z",
                "author_id": "118750085",
                "text": "@Barinthus74 Let us know how things Daniel or indeed if you need anything else ^ClaireC"
            },
            {
                "referenced_tweets": [
                    {
                        "type": "replied_to",
                        "id": "1505167474706243587"
                    }
                ],
                "id": "1505168474221522944",
                "created_at": "2022-03-19T13:05:03.000Z",
                "author_id": "118750085",
                "text": "@Earl_Kay What's the problem Kay? ^Kevin"
            },
            {
                "referenced_tweets": [
                    {
                        "type": "replied_to",
                        "id": "1505197321004404736"
                    }
                ],
                "id": "1505199110709723136",
                "created_at": "2022-03-19T15:06:47.000Z",
                "author_id": "118750085",
                "text": "@BuffyIles I understand how you feel Buffy and I'm sorry that happened. The team dealing will be doing all they can to get you connected as quickly as possible. ^Kevin"
            },
            {
                "referenced_tweets": [
                    {
                        "type": "replied_to",
                        "id": "1505196159060647941"
                    }
                ],
                "id": "1505196703774818304",
                "created_at": "2022-03-19T14:57:14.000Z",
                "author_id": "118750085",
                "text": "@BuffyIles I'm sorry that happened. The team dealing will get the new order placed and I'm sure they will be able to get it at the original price. They may need to wait for the order to complete to do this. ^Kevin"
            },
            {
                "referenced_tweets": [
                    {
                        "type": "replied_to",
                        "id": "1505191200466550788"
                    }
                ],
                "id": "1505193771633414147",
                "created_at": "2022-03-19T14:45:34.000Z",
                "author_id": "118750085",
                "text": "@BuffyIles I'm sorry that happened Buffy,\n\nI can look into this for you. Once the order is completed I'm sure we can get the service provided at the original price. DM me the full address and account holders name. ^Kevin"
            },
            {
                "referenced_tweets": [
                    {
                        "type": "replied_to",
                        "id": "1505185961323503616"
                    }
                ],
                "id": "1505186178148052997",
                "created_at": "2022-03-19T14:15:24.000Z",
                "author_id": "118750085",
                "text": "@ralphingizmo Sorry to hear that Jamie, can you tell me is it connected to the hub via ethernet cable or powerline adapters? ^Dee"
            },
            {
                "referenced_tweets": [
                    {
                        "type": "replied_to",
                        "id": "1505182113997459461"
                    }
                ],
                "id": "1505182429396488200",
                "created_at": "2022-03-19T14:00:30.000Z",
                "author_id": "118750085",
                "text": "@darkbluezephyr I can look into this for you Thomas, yes. Please DM the BT account number, full address &amp; name on the account &amp; I'll get back to you shortly ^ClaireC"
            },
            {
                "referenced_tweets": [
                    {
                        "type": "replied_to",
                        "id": "1505181246825054209"
                    }
                ],
                "id": "1505181607040360463",
                "created_at": "2022-03-19T13:57:14.000Z",
                "author_id": "118750085",
                "text": "@Darren6270 No, not for BT Sport as you don't have to register what devices can log in. ^LauraG"
            },
            {
                "referenced_tweets": [
                    {
                        "type": "replied_to",
                        "id": "1505174285970812930"
                    }
                ],
                "id": "1505176664233361408",
                "created_at": "2022-03-19T13:37:36.000Z",
                "author_id": "118750085",
                "text": "@Darren6270 Did you open a stream on a browser before the app? It can take a while for any pervious streams to completely stop. If you think someone else is using your log in, you'd be best changing your password. ^LauraG"
            },
            {
                "referenced_tweets": [
                    {
                        "type": "replied_to",
                        "id": "1505177586007224325"
                    }
                ],
                "id": "1505178637850619906",
                "created_at": "2022-03-19T13:45:26.000Z",
                "author_id": "118750085",
                "text": "@MattKeena Hello Matt so sorry to see your post can you pop us over the full name, address and acc num on DM and we'll have a look at things for you ^Alannah"
            },
            {
                "id": "1505177586007224325",
                "created_at": "2022-03-19T13:41:16.000Z",
                "author_id": "1088160734528368641",
                "text": "So @bt_uk you charging me £7.50 late fee from my last bill… only reason it was late was because you didn’t let me know it was due so that’s your fault not mine, I’m not paying the  £7.50 late fee https://t.co/ioPOpTvj1Y"
            },
            {
                "referenced_tweets": [
                    {
                        "type": "replied_to",
                        "id": "1505171311211032581"
                    }
                ],
                "id": "1505173006741614600",
                "created_at": "2022-03-19T13:23:04.000Z",
                "author_id": "118750085",
                "text": "@Darren6270 What's the error message you're getting, Darren? You can only manage your devices if you have BT TV. The BT Sport app can be installed on any number of devices without registration subject to a maximum of two streams at any given time. ^LauraG"
            },
            {
                "referenced_tweets": [
                    {
                        "type": "replied_to",
                        "id": "1505167832677502977"
                    }
                ],
                "id": "1505168242737913861",
                "created_at": "2022-03-19T13:04:08.000Z",
                "author_id": "118750085",
                "text": "@saskiamuln1 I'm really sorry to hear this. Have we said if there is a problem changing the package. What is your mother looking to change to? ^Elaine"
            },
            {
                "id": "1505172471611281413",
                "created_at": "2022-03-19T13:20:56.000Z",
                "author_id": "1488276920248807426",
                "text": "@OpenreachHelp @TalkTalk @bt_uk between these three companies trying to get broadband connected is robbing me of my will to live"
            },
            {
                "referenced_tweets": [
                    {
                        "type": "replied_to",
                        "id": "1505170452502749184"
                    }
                ],
                "id": "1505171001730027529",
                "created_at": "2022-03-19T13:15:06.000Z",
                "author_id": "118750085",
                "text": "@Darren6270 hi Darren ,  are you trying to watch BT Sport on the app? ^Rita"
            },
            {
                "referenced_tweets": [
                    {
                        "type": "replied_to",
                        "id": "1504879302134931457"
                    }
                ],
                "id": "1505158043792814084",
                "created_at": "2022-03-19T12:23:36.000Z",
                "author_id": "3888335896",
                "text": "@bt_uk Thanks Paul, but if I log into my account I see it still shows the hub as outstanding. Also when I supplied the info requested by PM I got a message back still threatening to charge me £50."
            },
            {
                "referenced_tweets": [
                    {
                        "type": "replied_to",
                        "id": "1504877448831328259"
                    }
                ],
                "id": "1504879302134931457",
                "created_at": "2022-03-18T17:55:59.000Z",
                "author_id": "118750085",
                "text": "@MarkblokeN Hi Mark, sorry for any confusion over this, I have marked on your account that you have returned the hub so there will be no charge. ^Paul"
            },
            {
                "referenced_tweets": [
                    {
                        "type": "replied_to",
                        "id": "1504964278436118533"
                    }
                ],
                "id": "1505141637164552193",
                "created_at": "2022-03-19T11:18:25.000Z",
                "author_id": "301724997",
                "text": "@MiraDreams @bt_uk Is it Sainsbury's? As I get a similar problem with my BitDefender AV which flags up an 'unmatching security certificate' error on Sainsbury's end:  unmatching security certificate to nectar360 . flavedo . io\n\nI assume this is a URL related to the Sainsbury's rewards card program"
            },
            {
                "referenced_tweets": [
                    {
                        "type": "replied_to",
                        "id": "1505117831570022401"
                    }
                ],
                "id": "1505146189708156931",
                "created_at": "2022-03-19T11:36:30.000Z",
                "author_id": "496237666",
                "text": "@DanniPowell71 @suziperry @jakedixonracing @SamLowes_22 @btsportmotogp @btsport I too find it so frustrating not to be able watch on demand when unable to watch live. Other channels manage this &amp; thought BTSport would get into the 21st century 🤷"
            },
            {
                "referenced_tweets": [
                    {
                        "type": "replied_to",
                        "id": "1504828503270821896"
                    }
                ],
                "id": "1505117326433308673",
                "created_at": "2022-03-19T09:41:49.000Z",
                "author_id": "1075760562892488706",
                "text": "@SAFCsharpy @SAFCSpencer @bt_uk #howaythelads #safc https://t.co/QXysiW8TMZ"
            },
            {
                "id": "1505126485438484484",
                "created_at": "2022-03-19T10:18:12.000Z",
                "author_id": "310799674",
                "text": "tfw you listen to a #BT recorded message for 10 mins saying call centre is exceptionally busy (ie have too few staff) &amp; then you’re chucked out. Problem was that an elderly person’s only contact with outside world has been wrongly terminated I SEE WHY YOU AREN’T ON TWITTER #BT"
            },
            {
                "id": "1504964278436118533",
                "created_at": "2022-03-18T23:33:39.000Z",
                "author_id": "2396758689",
                "text": "@bt_uk  Since we updated our BT broadband security (Norton) as you requested we can’t check out our supermarket order. Supermarket can’t find any reason why - we are assuming now that it’s the Norton. What do you advise?"
            },
            {
                "referenced_tweets": [
                    {
                        "type": "replied_to",
                        "id": "1505139266908794884"
                    }
                ],
                "id": "1505139775896010752",
                "created_at": "2022-03-19T11:11:01.000Z",
                "author_id": "118750085",
                "text": "@BNardz7 Hello so sorry to see your post what is it that seems to be the issue? We'll be happy to help further if you can let us know the issues your facing :) ^Alannah"
            },
            {
                "referenced_tweets": [
                    {
                        "type": "replied_to",
                        "id": "1501966732281454594"
                    }
                ],
                "id": "1501967011282407430",
                "created_at": "2022-03-10T17:03:35.000Z",
                "author_id": "118750085",
                "text": "@_whatlizloves I can do from here, no need to be home. I just check in advance as it will knock broadband off for about 5/10 mins. ^Trevor"
            },
            {
                "referenced_tweets": [
                    {
                        "type": "replied_to",
                        "id": "1505128559676899330"
                    }
                ],
                "id": "1505130565699354624",
                "created_at": "2022-03-19T10:34:25.000Z",
                "author_id": "118750085",
                "text": "@FatEvilBuddha Have you tried a different device/browser? If so, PM the BT account number, full address &amp; name on the account &amp; I'll look into this for you ^ClaireC"
            },
            {
                "referenced_tweets": [
                    {
                        "type": "replied_to",
                        "id": "1505127384651124745"
                    }
                ],
                "id": "1505128559676899330",
                "created_at": "2022-03-19T10:26:27.000Z",
                "author_id": "118750085",
                "text": "@FatEvilBuddha Sorry to hear you're unbale to log into your account. Have you tried a different device/browser? It may also be worth clearing cache/cookies ^ClaireC"
            },
            {
                "referenced_tweets": [
                    {
                        "type": "replied_to",
                        "id": "1505126485438484484"
                    }
                ],
                "id": "1505127806946222080",
                "created_at": "2022-03-19T10:23:27.000Z",
                "author_id": "22417100",
                "text": "@sricketts1 Try @bt_uk"
            },
            {
                "id": "1504579669697441807",
                "created_at": "2022-03-17T22:05:21.000Z",
                "author_id": "262292689",
                "text": "@TalkTalk @bt_uk what the hell is this? There was an Openreach van working near my house in FY5 earlier today - this evening, some time after it leaves, this happens. https://t.co/9PO5LSPAmf"
            },
            {
                "referenced_tweets": [
                    {
                        "type": "quoted",
                        "id": "1493664495251734532"
                    }
                ],
                "id": "1496556554363060229",
                "created_at": "2022-02-23T18:44:21.000Z",
                "author_id": "1075760562892488706",
                "text": "Ha’way and Howay - Part 2a\n\nA closer look at the Geordie dialectal words meaning ‘go on’ and ‘come on’ with examples of their usage over time.\n\n#howaythelads #geordies #hawaythelads #nufc\n\nPart 1 here: https://t.co/rUKn4zQxFH"
            },
            {
                "referenced_tweets": [
                    {
                        "type": "replied_to",
                        "id": "1504826216674701312"
                    }
                ],
                "id": "1504828503270821896",
                "created_at": "2022-03-18T14:34:08.000Z",
                "author_id": "1002153906271551488",
                "text": "@SAFCSpencer @bt_uk sort it out. It’s Haway not Howay"
            },
            {
                "id": "1493664495251734532",
                "created_at": "2022-02-15T19:12:21.000Z",
                "author_id": "1075760562892488706",
                "text": "Geordie spelling / Mackem spelling?\n\nA short thread on Ha’way and Howay:"
            },
            {
                "referenced_tweets": [
                    {
                        "type": "replied_to",
                        "id": "1504530578569367560"
                    }
                ],
                "id": "1504531022599307266",
                "created_at": "2022-03-17T18:52:03.000Z",
                "author_id": "118750085",
                "text": "@almacleod79 Hi Al, you'll still be using the fibre line so line rental is included in your package and any calling plan will be charging for the calls based on the plan you have. ^Dee"
            },
            {
                "referenced_tweets": [
                    {
                        "type": "quoted",
                        "id": "1488534449394536459"
                    }
                ],
                "id": "1489249555874869270",
                "created_at": "2022-02-03T14:48:57.000Z",
                "author_id": "112700518",
                "text": "The #PowerOfPurpose series showcases leaders who are making a mark by using purpose to energise their organisations and deliver sustainable growth 📈. Join our Group HR Director, Debbie White as she joins the panel next Tuesday 8th Feb. \n\n#HR2022 @BritAmBusiness @Brandpie https://t.co/Ib228jP9tw"
            },
            {
                "referenced_tweets": [
                    {
                        "type": "replied_to",
                        "id": "1505102245339279361"
                    }
                ],
                "id": "1505103029825122306",
                "created_at": "2022-03-19T08:45:00.000Z",
                "author_id": "118750085",
                "text": "@trampled I'm sorry about that. The Smart Hub 2 is required to support the DV service. Did you not take the DV service or did you already have a hub 2? ^Kevin"
            },
            {
                "id": "1390592966801117185",
                "created_at": "2021-05-07T09:02:53.000Z",
                "author_id": "769134102796697600",
                "text": "Looking forward to seeing our new @bt_uk ad on TV from tonight! \n\nBacked up by EE’s award-winning mobile network, BT’s hybrid wi-fi is a new chapter in our convergence story and a bold step towards ending broadband rage – so we wanted an equally bold creative approach. https://t.co/NjHW8CKEFN"
            },
            {
                "referenced_tweets": [
                    {
                        "type": "replied_to",
                        "id": "1504976100832731136"
                    }
                ],
                "id": "1504981246904082433",
                "created_at": "2022-03-19T00:41:05.000Z",
                "author_id": "118750085",
                "text": "@ShockLad Hi Craig, are you getting an error code? ^Karen"
            },
            {
                "id": "1504176108807278592",
                "created_at": "2022-03-16T19:21:45.000Z",
                "author_id": "25095229",
                "text": "@virginmedia Hi I’m hoping you can help me. I was supposed to have my broadband installed on Monday and it’s been delayed. My @bt_uk internet is being cut off on Friday leaving me nothing for 10 days. I’ve rung up and been hung up on twice. #virginmedia #help"
            },
            {
                "referenced_tweets": [
                    {
                        "type": "replied_to",
                        "id": "1504960744621752327"
                    }
                ],
                "id": "1504962384661786633",
                "created_at": "2022-03-18T23:26:08.000Z",
                "author_id": "118750085",
                "text": "@JPrest0 Hey , Please ask away 🙂, if we can help you we will ? ^Robbie https://t.co/hBbj6tVEyH"
            },
            {
                "referenced_tweets": [
                    {
                        "type": "replied_to",
                        "id": "1504959296655835136"
                    }
                ],
                "id": "1504960462076661763",
                "created_at": "2022-03-18T23:18:29.000Z",
                "author_id": "118750085",
                "text": "@JPrest0 Hey , that's amazing news and thanks for letting us know the router arrived safely 🙂 ,if you need our help with anything else in the future please come back to us at anytime 👍 ^Robbie"
            },
            {
                "referenced_tweets": [
                    {
                        "type": "replied_to",
                        "id": "1504875089615106050"
                    }
                ],
                "id": "1504876220198141952",
                "created_at": "2022-03-18T17:43:44.000Z",
                "author_id": "118750085",
                "text": "@JPrest0 Sorry to hear that, are there any faults listed here for your area - https://t.co/MzA036xsMJ ^Dee"
            },
            {
                "referenced_tweets": [
                    {
                        "type": "replied_to",
                        "id": "1504893641847975937"
                    }
                ],
                "id": "1504930719147118609",
                "created_at": "2022-03-18T21:20:18.000Z",
                "author_id": "969863470777819136",
                "text": "@kellegall @bt_uk @WeAreOpenreach I love this. We saw a lot of these in Sheffield a few years back. There’s also a lot of these in Meanwood, Leeds (where I was brought up). I did raise the suggestion with council leadership a year or two ago. Your local heroes idea is great too 👍"
            },
            {
                "id": "1504884215917207560",
                "created_at": "2022-03-18T18:15:31.000Z",
                "author_id": "118750085",
                "text": "We've more PlayStation 5 stock landing next week for BT broadband customers to buy via https://t.co/vn4dQFCbvZ.⁣\n⁣\nWe'll post here when they’re available, so you can have the chance to secure one. https://t.co/p3z31MPPCh"
            },
            {
                "referenced_tweets": [
                    {
                        "type": "quoted",
                        "id": "1504714879550304256"
                    }
                ],
                "id": "1504893641847975937",
                "created_at": "2022-03-18T18:52:58.000Z",
                "author_id": "20397168",
                "text": "What a GREAT idea @bt_uk @WeAreOpenreach I wish the ones in my neighbourhood had the faces of the local heroes who made it 👍 https://t.co/ygIdpPlbQE"
            },
            {
                "id": "1503390818043895808",
                "created_at": "2022-03-14T15:21:17.000Z",
                "author_id": "118750085",
                "text": "Good afternoon everyone! We're here to answer your BT questions 😀"
            },
            {
                "referenced_tweets": [
                    {
                        "type": "replied_to",
                        "id": "1504913623432536075"
                    }
                ],
                "id": "1504914080582320132",
                "created_at": "2022-03-18T20:14:11.000Z",
                "author_id": "118750085",
                "text": "@Bob__Hudson Not so good Bob, keep a check on the tracker and it'll keep you updated on the progress. Should the tracker show the fault as cleared and if you're still having bother restart your Hub, if still the same let us know. ^Dom"
            }
        ]
    },
    "meta": {
        "oldest_id": "1504915935978831881",
        "newest_id": "1505450694366662658",
        "previous_token": "77qpymm88g5h9vqklurc09n8d29lajemzcoww37gzvyuw",
        "result_count": 100,
        "next_token": "7140dibdnow9c7btw420js1n8tmblaxbkrkdc8s9an229"
    }
}