{
    "data": [
        {
            "created_at": "2022-03-22T02:09:44.000Z",
            "id": "1506090721417310214",
            "text": "@EE phone bill wrong again how hard is to calculate a bill up correctly",
            "author_id": "1503394586533797897"
        },
        {
            "created_at": "2022-03-22T01:50:10.000Z",
            "id": "1506085797379940357",
            "referenced_tweets": [
                {
                    "type": "replied_to",
                    "id": "1498717329911435269"
                }
            ],
            "text": "@EE Are you able to offer these deals because of increasing the prices of loyal customers I wonder 🤔",
            "author_id": "600561474"
        },
        {
            "created_at": "2022-03-22T01:28:37.000Z",
            "id": "1506080374463823876",
            "referenced_tweets": [
                {
                    "type": "replied_to",
                    "id": "1506075514129498113"
                }
            ],
            "text": "@LOcommunityNFT @SkillSyrup @kkrebeccalai @EE",
            "author_id": "1440231117408247817"
        },
        {
            "created_at": "2022-03-22T01:10:23.000Z",
            "id": "1506075787589525504",
            "referenced_tweets": [
                {
                    "type": "replied_to",
                    "id": "1506021206637568009"
                }
            ],
            "text": "@ACEK1NGzZ @EE Having the same problem but not seeing anyone else except you",
            "author_id": "848301510"
        },
        {
            "created_at": "2022-03-22T00:34:34.000Z",
            "id": "1506066773753286659",
            "referenced_tweets": [
                {
                    "type": "replied_to",
                    "id": "1505922567445561349"
                }
            ],
            "text": "@helloimnicholas @O2 @EE Another one for EE! Not had an issue with them",
            "author_id": "1420453595888160774"
        },
        {
            "created_at": "2022-03-22T00:27:17.000Z",
            "id": "1506064940028903427",
            "referenced_tweets": [
                {
                    "type": "replied_to",
                    "id": "1504760319490641955"
                }
            ],
            "text": "@EE £85ppm???? 🤣🤣",
            "author_id": "908993756875120640"
        },
        {
            "created_at": "2022-03-21T23:46:21.000Z",
            "id": "1506054639841644550",
            "referenced_tweets": [
                {
                    "type": "replied_to",
                    "id": "1506042336794529796"
                }
            ],
            "text": "@EE I don’t agree. You should be able to keep your prices inline with CPI and still be able to reinvest. \nEnd off.",
            "author_id": "3670364841"
        },
        {
            "created_at": "2022-03-21T23:38:09.000Z",
            "id": "1506052575598100481",
            "referenced_tweets": [
                {
                    "type": "replied_to",
                    "id": "1505947615413817349"
                }
            ],
            "text": "@helloimnicholas @Medic_Russell @O2 @EE https://t.co/qQtreHa7v7",
            "author_id": "89982479"
        },
        {
            "created_at": "2022-03-21T23:04:39.000Z",
            "id": "1506044142576717828",
            "text": "@EE Mehtinks that you'd better send me a 4G Wi-Fi dongle free of charge before you switch my 3G signal off: there is no way on this or any other planet or in any other universe that I can afford £90 to pay for one, as I am unemployed and on Universal Credit! OR ELSE!!!",
            "author_id": "3066059969"
        },
        {
            "created_at": "2022-03-21T23:02:48.000Z",
            "id": "1506043678091059211",
            "referenced_tweets": [
                {
                    "type": "replied_to",
                    "id": "1506040472430694403"
                }
            ],
            "text": "@EE I feel bad I thought it was spam and put the phone down on her oops lol",
            "author_id": "831608865443741698"
        },
        {
            "created_at": "2022-03-21T23:01:10.000Z",
            "id": "1506043268450164757",
            "referenced_tweets": [
                {
                    "type": "replied_to",
                    "id": "1506042979492012038"
                }
            ],
            "text": "@EE Good night",
            "author_id": "1487174332904316932"
        },
        {
            "created_at": "2022-03-21T23:00:16.000Z",
            "id": "1506043042104590337",
            "referenced_tweets": [
                {
                    "type": "replied_to",
                    "id": "1506042979492012038"
                }
            ],
            "text": "@EE Good night sleep well EE",
            "author_id": "1337862046088638464"
        },
        {
            "created_at": "2022-03-21T22:44:15.000Z",
            "id": "1506039010082369542",
            "text": "@SamsungUK @EE have told me this is a handset issue, please confirm other Galaxy M52 handsets have been dropping Internet when not on WiFi so that I can move forward and find a solution 🙄 https://t.co/t1wjkJYWZW",
            "author_id": "28990441"
        },
        {
            "created_at": "2022-03-21T22:42:52.000Z",
            "id": "1506038660499750912",
            "referenced_tweets": [
                {
                    "type": "replied_to",
                    "id": "1505858244471836672"
                }
            ],
            "text": "@EE I fixed it now but thanx for getting back to me",
            "author_id": "331867020"
        },
        {
            "created_at": "2022-03-21T22:41:16.000Z",
            "id": "1506038261017415687",
            "text": "@EE Ta for the info,\nalways grateful for news about Wales, \nhiraeth etc.,\n\nwhat with Saturday, ...the Italians! \n(who'd have thought!!!)\nyou've probably forgot that I now live 1,928km away from Aberbrân,\n&amp; have been trying for almost 4 years to be taken off your mailing list\n#EE https://t.co/OTUQBTwq1i",
            "author_id": "906159480605466624"
        },
        {
            "created_at": "2022-03-21T22:41:08.000Z",
            "id": "1506038223700742150",
            "referenced_tweets": [
                {
                    "type": "replied_to",
                    "id": "1505904767335342081"
                }
            ],
            "text": "@Ofcom @Offcom @Number10press @VodafoneGroup @O2 @EE @ThreeUK Thanks for responding. \n\nHowever this doesn't address the specific point I was making, which is that hospitals should be given special priority for targeted coverage.\n\nFor 2.5 years of #pandemic, this has been critically important.\n\nAre there any specific plans to address this?",
            "author_id": "1037140534471663618"
        },
        {
            "created_at": "2022-03-21T22:31:36.000Z",
            "id": "1506035826211405830",
            "text": "@EE my phone is been slow all@day it’s anyone get this today I. South England",
            "author_id": "319779512"
        },
        {
            "created_at": "2022-03-21T22:07:08.000Z",
            "id": "1506029670088810505",
            "referenced_tweets": [
                {
                    "type": "replied_to",
                    "id": "1504760319490641955"
                }
            ],
            "text": "@EE £85 a month.... 🤣😂🤣😂",
            "author_id": "92231630"
        },
        {
            "created_at": "2022-03-21T21:50:47.000Z",
            "id": "1506025555682111493",
            "referenced_tweets": [
                {
                    "type": "replied_to",
                    "id": "1494336377877532676"
                }
            ],
            "text": "@EE Can I upgrade with a phone that doesn't work at all? Or is it not literally any condition??",
            "author_id": "240904432"
        },
        {
            "created_at": "2022-03-21T21:49:04.000Z",
            "id": "1506025123681292295",
            "referenced_tweets": [
                {
                    "type": "replied_to",
                    "id": "1506013758090489856"
                }
            ],
            "text": "@MMittermeier Ja! Sozusagen👆 Sehr KLUG!\nEhrlich gesagt:\n- 7 Akw's hochfahren ( Ein Muss!)\n- Ende von #AKW in Verfassung \n- Pflicht zu @EE auch in Verfassung\n= AKW asap abschalten",
            "author_id": "1228321385661026305"
        },
        {
            "created_at": "2022-03-21T21:43:39.000Z",
            "id": "1506023759563530240",
            "text": "Hey @EE @MarcAllera let today be great: start showing support &amp; enact a policy for customers affected by domestic abuse #CorporateAccountability #CorporateResponsibility #DoSomething #victimblaming #SurvivorShaming #MeToo #CoerciveControl #FinancialAbuse #DomesticAbuse #Day1043",
            "author_id": "928947142156316674"
        },
        {
            "created_at": "2022-03-21T21:42:58.000Z",
            "id": "1506023588323028992",
            "referenced_tweets": [
                {
                    "type": "replied_to",
                    "id": "1506022994547773440"
                }
            ],
            "text": "@EE Thank you very much. She's Keeping us busy https://t.co/Ynv24n11lL",
            "author_id": "837395064632528896"
        },
        {
            "created_at": "2022-03-21T21:36:35.000Z",
            "id": "1506021982294646785",
            "referenced_tweets": [
                {
                    "type": "replied_to",
                    "id": "1506021504861220865"
                }
            ],
            "text": "@goglentw @tescomobile @EE @ThreeUK Not the same service. Three give you everything. I pay £16 per month for unlimited everything sim only on all our phones. I have a tower near my house so the speed is quicker than my broadband. It’s great for us.",
            "author_id": "27845595"
        },
        {
            "created_at": "2022-03-21T21:35:48.000Z",
            "id": "1506021784893616128",
            "referenced_tweets": [
                {
                    "type": "replied_to",
                    "id": "1505541793449922568"
                }
            ],
            "text": "@EE I have been looking around and found a Samsung A32 5G phone from tescos for £14.84 per month With 3GB data which by looking at the EE website can’t be matched on the same phone.",
            "author_id": "867743004"
        },
        {
            "created_at": "2022-03-21T21:34:41.000Z",
            "id": "1506021504861220865",
            "referenced_tweets": [
                {
                    "type": "replied_to",
                    "id": "1506017468489211905"
                }
            ],
            "text": "@domvitz @tescomobile @EE @ThreeUK Why did you regret it? And do three keep the price the same with no prize rises? Thanks",
            "author_id": "1718291322"
        },
        {
            "created_at": "2022-03-21T21:33:30.000Z",
            "id": "1506021206637568009",
            "text": "@EE broadbands down for a while now usually works after 5 - 10 mins of down time is there an outage??",
            "author_id": "4306163601"
        },
        {
            "created_at": "2022-03-21T21:28:26.000Z",
            "id": "1506019930990612480",
            "referenced_tweets": [
                {
                    "type": "replied_to",
                    "id": "1505998577109250059"
                }
            ],
            "text": "@EE Thanks, but what about 3.9% on top of CPI ?",
            "author_id": "3670364841"
        },
        {
            "created_at": "2022-03-21T21:27:13.000Z",
            "id": "1506019622625103880",
            "text": "My broadband connection has been dropping having to restart my hub every other day now @EE not a happy bunny to be honest 🙄🙄",
            "author_id": "1444661386626404354"
        },
        {
            "created_at": "2022-03-21T21:25:08.000Z",
            "id": "1506019098119249920",
            "text": "@EE any reason I’m not getting any coverage on my phone? No bars since morning.",
            "author_id": "1500487483850727424"
        },
        {
            "created_at": "2022-03-21T21:18:39.000Z",
            "id": "1506017468489211905",
            "referenced_tweets": [
                {
                    "type": "replied_to",
                    "id": "1505506541507694594"
                }
            ],
            "text": "@goglentw @tescomobile @EE Before you do have a look at @ThreeUK I moved from EE to Tesco and regretted it. Moved to three on 2015 and never looked back. Our family has 5 phones with them.",
            "author_id": "27845595"
        },
        {
            "created_at": "2022-03-21T21:17:02.000Z",
            "id": "1506017059276484609",
            "referenced_tweets": [
                {
                    "type": "replied_to",
                    "id": "1505998577109250059"
                }
            ],
            "text": "@EE @tngap69v4u @EE are robbing bastards. Highest increase dor me as well. Absolute knobs",
            "author_id": "2349393221"
        },
        {
            "created_at": "2022-03-21T21:15:07.000Z",
            "id": "1506016577199685643",
            "referenced_tweets": [
                {
                    "type": "replied_to",
                    "id": "1506016122822447117"
                }
            ],
            "text": "@EE We had a new arrival 😍👋 https://t.co/ppPQlpHmyJ",
            "author_id": "837395064632528896"
        },
        {
            "created_at": "2022-03-21T21:00:24.000Z",
            "id": "1506012874195763204",
            "referenced_tweets": [
                {
                    "type": "replied_to",
                    "id": "1505801381738954757"
                }
            ],
            "text": "@EE Hello, I have upgraded recently to sim only plan but on my app/bill it says the old price and hasn’t reduced and im still paying old amount? Plsss help",
            "author_id": "1146489871181242371"
        },
        {
            "created_at": "2022-03-21T20:54:58.000Z",
            "id": "1506011507632775168",
            "text": "A frosty Yorkshire start to the day @StormHour @SamsungUK @ee #MondayMotivaton #firstdayofspring #Weather https://t.co/Fvj5yJf51d",
            "author_id": "837395064632528896"
        },
        {
            "created_at": "2022-03-21T20:53:13.000Z",
            "id": "1506011067914199054",
            "referenced_tweets": [
                {
                    "type": "replied_to",
                    "id": "1505801381738954757"
                }
            ],
            "text": "@EE Hello I'm interested in an upgrade to an oppo x5 but says no plan available.",
            "author_id": "1191339656"
        },
        {
            "created_at": "2022-03-21T20:51:55.000Z",
            "id": "1506010738908876800",
            "referenced_tweets": [
                {
                    "type": "replied_to",
                    "id": "1501221703170539521"
                }
            ],
            "text": "@EE https://t.co/HBeJ7Ec2O8",
            "author_id": "1060218480"
        },
        {
            "created_at": "2022-03-21T20:51:35.000Z",
            "id": "1506010656688185347",
            "text": "@EE I’ve got a notification on the app to say there are extra charges on my bill for this month but it’s not showing me how much extra?",
            "author_id": "435143752"
        },
        {
            "created_at": "2022-03-21T20:50:01.000Z",
            "id": "1506010263446822913",
            "text": "@EE hi I’ve received a spam email, could you give me an email address so I can forward it, many thanks",
            "author_id": "1134723026694627329"
        },
        {
            "created_at": "2022-03-21T20:40:33.000Z",
            "id": "1506007881837031424",
            "referenced_tweets": [
                {
                    "type": "replied_to",
                    "id": "1505998577109250059"
                }
            ],
            "text": "@EE @tngap69v4u Don't you make enough money?  Con artists?",
            "author_id": "46767540"
        },
        {
            "created_at": "2022-03-21T20:39:32.000Z",
            "id": "1506007624952680453",
            "text": "Another day, another site survey, this time near Dronfield. Client is paying for 2 broadband connections at the moment and getting around 10mB download (on a good day)... \n\nHere's our test result as demonstrated to a disbelieving client 😂 free site survey anybody? @EE #EE5G https://t.co/rc5825kLBb",
            "author_id": "66683915"
        },
        {
            "created_at": "2022-03-21T20:35:03.000Z",
            "id": "1506006494696910853",
            "text": "Hi @EE, have messaged you about my missing new phone, please look out for my DM",
            "author_id": "1384387932614692864"
        },
        {
            "created_at": "2022-03-21T20:32:20.000Z",
            "id": "1506005811989995529",
            "referenced_tweets": [
                {
                    "type": "replied_to",
                    "id": "1505912933431361540"
                }
            ],
            "text": "@MarcAllera @EE Amazing job 👏",
            "author_id": "349301826"
        },
        {
            "created_at": "2022-03-21T20:20:24.000Z",
            "id": "1506002808176320521",
            "referenced_tweets": [
                {
                    "type": "replied_to",
                    "id": "1506001325942841349"
                }
            ],
            "text": "@EE I'm ready",
            "author_id": "2156472027"
        },
        {
            "created_at": "2022-03-21T20:15:45.000Z",
            "id": "1506001637801971722",
            "referenced_tweets": [
                {
                    "type": "replied_to",
                    "id": "1505922567445561349"
                }
            ],
            "text": "@helloimnicholas @O2 @EE Can 10000% recommend @EE as NHS staff too - they’re the only company I know that kept NHS discounts going throughout pandemic &amp; beyond! Pretty sure it’s 20% off up to 5 people and I’m still getting unlimited data I think!",
            "author_id": "20532927"
        },
        {
            "created_at": "2022-03-21T20:12:34.000Z",
            "id": "1506000837553930244",
            "referenced_tweets": [
                {
                    "type": "replied_to",
                    "id": "1505927417386393602"
                }
            ],
            "text": "@JacquesH93 @LiteratiTo @EE Well done 👏🏻 What did the 6ft street cleaner say when you removed him?",
            "author_id": "338613901"
        },
        {
            "created_at": "2022-03-21T20:11:11.000Z",
            "id": "1506000487505698821",
            "referenced_tweets": [
                {
                    "type": "replied_to",
                    "id": "1505998577109250059"
                }
            ],
            "text": "@EE @tngap69v4u So you're giving all your employees a 9% pay rise then?",
            "author_id": "150987397"
        },
        {
            "created_at": "2022-03-21T20:06:36.000Z",
            "id": "1505999337423314947",
            "text": "@EE hey guys, I’m trying to set up my Xbox ultimate with the series x I got through the add an accessory offer and I’m not getting the verification code coming through, can you help?",
            "author_id": "46234681"
        },
        {
            "created_at": "2022-03-21T20:05:33.000Z",
            "id": "1505999070824910855",
            "referenced_tweets": [
                {
                    "type": "replied_to",
                    "id": "1505997293744529412"
                }
            ],
            "text": "@EE Sent over a message",
            "author_id": "2156472027"
        },
        {
            "created_at": "2022-03-21T20:04:18.000Z",
            "id": "1505998758408253444",
            "referenced_tweets": [
                {
                    "type": "replied_to",
                    "id": "1501221383099101194"
                }
            ],
            "text": "@EE Not at those prices thanks",
            "author_id": "428437606"
        },
        {
            "created_at": "2022-03-21T20:01:30.000Z",
            "id": "1505998053987307521",
            "referenced_tweets": [
                {
                    "type": "quoted",
                    "id": "1505997590583824389"
                }
            ],
            "text": "Dear @VodafoneUK, @EE,\n\nI’m up for it if you promise we’d do better than that.\n\nLet me know. https://t.co/43wilgRovE",
            "author_id": "44154082"
        },
        {
            "created_at": "2022-03-21T20:01:17.000Z",
            "id": "1505997996420444161",
            "text": "@EE ordered tv through the online store. Spoke to someone 13/03 who advised issue with parcelforce but be resolved within the week. Spoke to someone 18/03 who advised another week. Is there any update",
            "author_id": "41915741"
        },
        {
            "created_at": "2022-03-21T20:00:36.000Z",
            "id": "1505997828035944455",
            "referenced_tweets": [
                {
                    "type": "replied_to",
                    "id": "1505997257107197968"
                }
            ],
            "text": "@EE Yes they did. So no benefit to being a loyal customer of BT and EE for many years. Should I move away from both do you think? Then you can entice me back (maybe) with some nice ‘new customer’ offers??",
            "author_id": "847361081844445185"
        },
        {
            "created_at": "2022-03-21T19:58:59.000Z",
            "id": "1505997419401592843",
            "referenced_tweets": [
                {
                    "type": "replied_to",
                    "id": "1505983675778879491"
                }
            ],
            "text": "o2 5g in Manchester 🤣🤣🤣🤣🤣🤣 @o2 @ee",
            "author_id": "1102961846204723200"
        },
        {
            "created_at": "2022-03-21T19:37:42.000Z",
            "id": "1505992062621126662",
            "text": "@ee Can I say many thanks to Harkesh on EE’s Digital Care team for their time and help in upgrading my Sim only plan. 👍",
            "author_id": "488248468"
        },
        {
            "created_at": "2022-03-21T19:17:13.000Z",
            "id": "1505986907297263624",
            "text": "@EE number 1 network MY ARSE!!!",
            "author_id": "1057951104103780359"
        },
        {
            "created_at": "2022-03-21T19:16:24.000Z",
            "id": "1505986704729124870",
            "text": "@EE Do you have people cold calling about supposed Internet issues in the S12 area. There is a man knocking on doors with an EE branded hi-vis vest on, but couldn't give me any details when I asked about the issues.",
            "author_id": "214607496"
        },
        {
            "created_at": "2022-03-21T19:05:09.000Z",
            "id": "1505983871447449609",
            "text": "@BT @EE  you have the bare faced cheek @EE to send me a bill for £9.00 from s mobile I have never been given via that shyte company 'Enjoy' based in Blackburn who wouldn't give me the phone I had arranged, you can swivel for it! End Of.🖕",
            "author_id": "19499734"
        },
        {
            "created_at": "2022-03-21T19:04:22.000Z",
            "id": "1505983675778879491",
            "text": "@o2 your signal is consistently awful. I’m a business customer and i’m leaving for @ee cya 👋🏻",
            "author_id": "1102961846204723200"
        },
        {
            "created_at": "2022-03-21T19:01:41.000Z",
            "id": "1505983001381027841",
            "text": "@EE have you just left unidays or was I imagining that you had deals on there?",
            "author_id": "4869873249"
        },
        {
            "created_at": "2022-03-21T19:00:05.000Z",
            "id": "1505982597209464832",
            "text": ".@Rudimental and @ariellefree take to the decks at @EE's 5G powered night club 'Parallel 5G'. https://t.co/DrhDl1TEab https://t.co/7LaIdjxYRH",
            "author_id": "37012816"
        },
        {
            "created_at": "2022-03-21T18:59:21.000Z",
            "id": "1505982413578645509",
            "referenced_tweets": [
                {
                    "type": "replied_to",
                    "id": "1505801381738954757"
                }
            ],
            "text": "@EE Is there any reason why your internet has been down since 8am this morning?",
            "author_id": "1356744152701145090"
        },
        {
            "created_at": "2022-03-21T18:47:46.000Z",
            "id": "1505979496452833289",
            "text": "@EE My elderly mother switched to you a few months ago, she wasnt told of upcoming price increase. Also seems shes been sold a business plan with 60GB of Data. Shes a pensioner, cant afford an increase of almost ten pounds on an already too expensive bill. So predatory.",
            "author_id": "304898318"
        },
        {
            "created_at": "2022-03-21T18:46:01.000Z",
            "id": "1505979057019756552",
            "text": "Hands up who is the proud owner of the new iPhone SE? 🙋\nWith lightning-fast A15 Bionic chip, fast 5G.1, big-time battery life and a superstar camera, plus the toughest glass in a smartphone and a home button with secure Touch iD, it's giving us phone envy 📱 ask in store at @EE https://t.co/EFKXkLL5Uq",
            "author_id": "2668770841"
        },
        {
            "created_at": "2022-03-21T18:40:57.000Z",
            "id": "1505977782211391490",
            "text": "@EE can you advise if your mifi devices have coverage in Rothbury, Northumberland (NE65) please?",
            "author_id": "1544042425"
        },
        {
            "created_at": "2022-03-21T18:40:04.000Z",
            "id": "1505977560324354049",
            "text": "@EE 50 mins to get through to sort out a bill, then 15 mins on the phone with adviser in Falkirk who said she needed to speak to someone else, and then the line went dead. Expecting us to pay £130 for a contract that finished a month ago",
            "author_id": "344946423"
        },
        {
            "created_at": "2022-03-21T18:39:41.000Z",
            "id": "1505977462089527303",
            "text": "@EE I'm abroad but my roaming isn't working. I've tried to turn it on via my account login and the option is greyed out.",
            "author_id": "767294797"
        },
        {
            "created_at": "2022-03-21T18:38:02.000Z",
            "id": "1505977048413712385",
            "referenced_tweets": [
                {
                    "type": "replied_to",
                    "id": "1505801381738954757"
                }
            ],
            "text": "@EE Can I take out a new broadband package but nominate a date in may. The website is only allowing for two weeks into the future?",
            "author_id": "182738194"
        },
        {
            "created_at": "2022-03-21T18:37:32.000Z",
            "id": "1505976920130863108",
            "referenced_tweets": [
                {
                    "type": "replied_to",
                    "id": "1505963668340682758"
                }
            ],
            "text": "@helloimnicholas @O2 @EE I need to switch provider though as Three don’t currently support Watch sims. So it works fine when it’s near my phone but wouldn’t away from it.",
            "author_id": "733465814"
        },
        {
            "created_at": "2022-03-21T18:36:46.000Z",
            "id": "1505976727532679182",
            "referenced_tweets": [
                {
                    "type": "replied_to",
                    "id": "1505963668340682758"
                }
            ],
            "text": "@helloimnicholas @O2 @EE https://t.co/4SA5P5ZuMn",
            "author_id": "733465814"
        },
        {
            "created_at": "2022-03-21T18:18:15.000Z",
            "id": "1505972068927561733",
            "referenced_tweets": [
                {
                    "type": "replied_to",
                    "id": "1494336377877532676"
                }
            ],
            "text": "@EE Better deals as a new customer with Vodafone and even Tesco mobile than I can get as an EE customer for about 20 years.\n\nI'll be off once my contact ends in June",
            "author_id": "875806441214443525"
        },
        {
            "created_at": "2022-03-21T18:09:09.000Z",
            "id": "1505969779680718848",
            "referenced_tweets": [
                {
                    "type": "replied_to",
                    "id": "1505869048965382145"
                }
            ],
            "text": "@StaceyGriffin @EE Never had problems with 3 💪",
            "author_id": "357165279"
        },
        {
            "created_at": "2022-03-21T18:05:48.000Z",
            "id": "1505968935824461832",
            "text": "@EE hi - I did an upgrade about two months ago and signed up to a new 18 month contract - does this mean that I now pay for roaming charges or because I have been an ee customer since before July 2021 so I still get roaming included in my allowance",
            "author_id": "52337923"
        },
        {
            "created_at": "2022-03-21T18:05:41.000Z",
            "id": "1505968908267835393",
            "referenced_tweets": [
                {
                    "type": "replied_to",
                    "id": "1505963469111275522"
                }
            ],
            "text": "@EE Sent a DM but no response",
            "author_id": "574036809"
        },
        {
            "created_at": "2022-03-21T17:51:28.000Z",
            "id": "1505965328685228032",
            "text": "@EE kitikpa la cha unu anya. How can you owe me £50 after I returned an upgraded phone within the 14 day cooling off period only to be billed £99. The idiot I spoke to on 150 said nothing can be done cos that my bill. Imagine the audacity? Arant nonsense.. Afọ SA gbue unu dia.",
            "author_id": "153118474"
        },
        {
            "created_at": "2022-03-21T17:51:26.000Z",
            "id": "1505965319982039049",
            "text": "@EE how to really hack off your loyal customers…phone me to tell me I can have 10% off my mobile phone bill if I switch broadband provider to BT. Except  I’m already with BT so I can’t get the discount. Cheers 🙄",
            "author_id": "847361081844445185"
        },
        {
            "created_at": "2022-03-21T17:45:55.000Z",
            "id": "1505963932988674049",
            "text": "@EE how long to book a return into the warehouse then had my return Friday and its still not been done",
            "author_id": "2156472027"
        },
        {
            "created_at": "2022-03-21T17:44:52.000Z",
            "id": "1505963668340682758",
            "referenced_tweets": [
                {
                    "type": "replied_to",
                    "id": "1505955037515763728"
                }
            ],
            "text": "@TootinandBeepin @O2 @EE HOW? Im so jealous 😭😭",
            "author_id": "787951830353534976"
        },
        {
            "created_at": "2022-03-21T17:43:50.000Z",
            "id": "1505963407148789766",
            "referenced_tweets": [
                {
                    "type": "replied_to",
                    "id": "1505962239035158534"
                }
            ],
            "text": "@EE Any postcode I put in https://t.co/I5M7NNmUGx",
            "author_id": "574036809"
        },
        {
            "created_at": "2022-03-21T17:42:53.000Z",
            "id": "1505963170380271624",
            "referenced_tweets": [
                {
                    "type": "replied_to",
                    "id": "1505943078984630273"
                }
            ],
            "text": "@JoLouiseJordan @EE @TheO2 In our last house we had the same problems with o2 and we went to EE then. Had to fight them but eventually they let me out of the contract because there was insufficient signal.",
            "author_id": "1448944728"
        },
        {
            "created_at": "2022-03-21T17:42:32.000Z",
            "id": "1505963082006286338",
            "text": "An example of when over the top 5G #marketing goes wrong.😀 Pasting #5G on just about anything is not helping build credbility for the tech. #5G #5Gforconsumers @EE #5Gusecase #music https://t.co/rI9wfRGSZV",
            "author_id": "122886403"
        },
        {
            "created_at": "2022-03-21T17:42:24.000Z",
            "id": "1505963045868253187",
            "referenced_tweets": [
                {
                    "type": "replied_to",
                    "id": "1505962239035158534"
                }
            ],
            "text": "@EE Only noticed maps not working",
            "author_id": "574036809"
        },
        {
            "created_at": "2022-03-21T17:37:54.000Z",
            "id": "1505961912907010054",
            "text": "Hi @EE your network broke. Maps not working",
            "author_id": "574036809"
        },
        {
            "created_at": "2022-03-21T17:33:56.000Z",
            "id": "1505960917246296067",
            "referenced_tweets": [
                {
                    "type": "replied_to",
                    "id": "1505947615413817349"
                }
            ],
            "text": "@helloimnicholas @Medic_Russell @O2 @EE https://t.co/96UPyLgLbs",
            "author_id": "168327303"
        },
        {
            "created_at": "2022-03-21T17:22:52.000Z",
            "id": "1505958131880407041",
            "text": "@EE customer service were fantastic today. A colleague from work has racked up a substantial bill calling his Ukrainian mum and wanted to change his tariff. They were fantastic and he's now able to keep in contact with his mum in hospital. Absolutely fantastic from @EE #Ukraine",
            "author_id": "147179653"
        },
        {
            "created_at": "2022-03-21T17:15:20.000Z",
            "id": "1505956233999695874",
            "text": "@EE help, I have received my new Samsung Galaxy S22 which is fantastic.  However  I have not received the packaging needed to return my old 1. I phoned 11/3 and was told would be resent, still not arrived. I only have a limited time before offer expires. How do I send it back?",
            "author_id": "996126105437458434"
        },
        {
            "created_at": "2022-03-21T17:10:34.000Z",
            "id": "1505955037515763728",
            "referenced_tweets": [
                {
                    "type": "replied_to",
                    "id": "1505942866102738954"
                }
            ],
            "text": "@helloimnicholas @O2 @EE Yep £400 voucher. So i bought the metal strap for it ( which was rather expensive )",
            "author_id": "733465814"
        },
        {
            "created_at": "2022-03-21T17:08:57.000Z",
            "id": "1505954628470550534",
            "referenced_tweets": [
                {
                    "type": "replied_to",
                    "id": "1502980257275875330"
                }
            ],
            "text": "@AirdropDaily_ Nice\n@ttguweiz @EE @TrickyAirdrops",
            "author_id": "1482655617538043909"
        },
        {
            "created_at": "2022-03-21T17:07:11.000Z",
            "id": "1505954183757070338",
            "referenced_tweets": [
                {
                    "type": "replied_to",
                    "id": "1505883089238642691"
                }
            ],
            "text": "@mattfrei @EE @kevinbacon i don’t know what happened here but I have to admit that I am perplexed on a daily basis that people who earn a very good living in any industry that makes them ‘celebrity’ feel the need to earn even more money by advertising stuff! I can only assume they are indeed shallow and…",
            "author_id": "1233685406123773952"
        },
        {
            "created_at": "2022-03-21T17:03:39.000Z",
            "id": "1505953295197777931",
            "text": "Paid by @EE today https://t.co/WCz9a14UDi",
            "author_id": "902669523039518728"
        },
        {
            "created_at": "2022-03-21T16:59:01.000Z",
            "id": "1505952129088999432",
            "text": "Parties are great use cases... not sure if they make sense this time for #5G. @EE hosts a ‘hybrid club night' somehow powered by 5G UK MNO EE put on a livestreamed clubbing event in Leeds #IoT @IDC_EMEA  https://t.co/o0YpWS5w6y",
            "author_id": "7986852"
        },
        {
            "created_at": "2022-03-21T16:55:48.000Z",
            "id": "1505951320854913037",
            "text": "@EE  my mother has had these charges added to her account and she don’t know why and how , what should she do ? https://t.co/DfJBCO0ZEA",
            "author_id": "487759752"
        },
        {
            "created_at": "2022-03-21T16:54:50.000Z",
            "id": "1505951078319276035",
            "text": "@EE are my tweets showing up? 🥺",
            "author_id": "2429595887"
        },
        {
            "created_at": "2022-03-21T16:51:32.000Z",
            "id": "1505950244424593418",
            "text": "Definitely an issue with @EE signal since the weekend. Barely getting 1 bar! What's going on?",
            "author_id": "102024176"
        },
        {
            "created_at": "2022-03-21T16:50:49.000Z",
            "id": "1505950066082725888",
            "referenced_tweets": [
                {
                    "type": "replied_to",
                    "id": "1505947615413817349"
                }
            ],
            "text": "@helloimnicholas @Medic_Russell @O2 @EE https://t.co/f5mGvqUQKf",
            "author_id": "1190249472787439616"
        },
        {
            "created_at": "2022-03-21T16:47:57.000Z",
            "id": "1505949342305247238",
            "referenced_tweets": [
                {
                    "type": "replied_to",
                    "id": "1505945919803510784"
                }
            ],
            "text": "@EE Agree. I just need a cheaper tariff next year and no increase.",
            "author_id": "19773901"
        },
        {
            "created_at": "2022-03-21T16:41:53.000Z",
            "id": "1505947816585273350",
            "referenced_tweets": [
                {
                    "type": "replied_to",
                    "id": "1505946304958058498"
                }
            ],
            "text": "@EE Ok - The nice man at @EE has sent a one time PIN. Not sure I’m into one night PIN stands",
            "author_id": "109924051"
        },
        {
            "created_at": "2022-03-21T16:41:05.000Z",
            "id": "1505947615413817349",
            "referenced_tweets": [
                {
                    "type": "replied_to",
                    "id": "1505946544993939468"
                }
            ],
            "text": "@Medic_Russell @O2 @EE How’s the canal?",
            "author_id": "787951830353534976"
        },
        {
            "created_at": "2022-03-21T16:36:50.000Z",
            "id": "1505946544993939468",
            "referenced_tweets": [
                {
                    "type": "replied_to",
                    "id": "1505922567445561349"
                }
            ],
            "text": "@helloimnicholas @O2 @EE Can’t believe they said that! There’s so much else to call you stupid over?",
            "author_id": "389775226"
        },
        {
            "created_at": "2022-03-21T16:35:52.000Z",
            "id": "1505946304958058498",
            "text": "So somewhere I have an @EE password that I don’t know about and don’t ever remember setting up and yet that is the one that @EE needs to know before they can give me support.  Not thrilled",
            "author_id": "109924051"
        },
        {
            "created_at": "2022-03-21T16:34:42.000Z",
            "id": "1505946010853560326",
            "referenced_tweets": [
                {
                    "type": "replied_to",
                    "id": "1504379972001140736"
                }
            ],
            "text": "@EE Hi ya, no we didn’t and weren’t made aware of it either before we left…",
            "author_id": "394876387"
        }
    ],
    "includes": {
        "users": [
            {
                "name": "Grant Goldberg",
                "id": "1503394586533797897",
                "username": "GrantGoldberg3"
            },
            {
                "name": "Mark Bell",
                "location": "Essex",
                "id": "600561474",
                "username": "mightymarkuk"
            },
            {
                "name": "MQangel",
                "location": "China",
                "id": "1440231117408247817",
                "username": "mmqq8660"
            },
            {
                "name": "rxry",
                "location": "United Kingdom",
                "id": "848301510",
                "username": "rxrykillen"
            },
            {
                "name": "Samuel",
                "location": "Swindon, England",
                "id": "1420453595888160774",
                "username": "HelloItsSamuel"
            },
            {
                "name": "Paul Smith",
                "id": "908993756875120640",
                "username": "smudga55"
            },
            {
                "name": "John Adrian Langley",
                "location": "Eagles by birth. Brentwood now",
                "id": "3670364841",
                "username": "tngap69v4u"
            },
            {
                "name": "#HelloMyNameIs Rob",
                "location": "Swindon",
                "id": "89982479",
                "username": "Rob_SWASTCFR"
            },
            {
                "name": "Kevin S Russell - proudly woke - #RejoinEU - #FBPE",
                "location": "Bradford, England",
                "id": "3066059969",
                "username": "kevin_mindworks"
            },
            {
                "name": "Callum Siddall",
                "location": "Ashton-under-Lyne, England",
                "id": "831608865443741698",
                "username": "HandsCallum"
            },
            {
                "name": "Danielle Lee",
                "location": "Leighton Buzzard, England",
                "id": "1487174332904316932",
                "username": "Danielle____Lee"
            },
            {
                "name": "Evie",
                "location": "she/her",
                "id": "1337862046088638464",
                "username": "SpaceEvie"
            },
            {
                "name": "Vikki",
                "location": "Swanley, Kent, UK",
                "id": "28990441",
                "username": "Wattsit01"
            },
            {
                "name": "Aaron hassan",
                "id": "331867020",
                "username": "custardwarrior"
            },
            {
                "name": "JMZ",
                "location": "An Pholainn / Poland / Polska",
                "id": "906159480605466624",
                "username": "J_MZed"
            },
            {
                "name": "BrightKnight",
                "location": "London, England",
                "id": "1037140534471663618",
                "username": "BrightKnight15"
            },
            {
                "name": "Branden",
                "id": "319779512",
                "username": "branden48"
            },
            {
                "name": "Ross Field",
                "location": "UK",
                "id": "92231630",
                "username": "ross_F1984"
            },
            {
                "name": "Zombie Rocker",
                "location": "Death Valley ⚰⚰",
                "id": "240904432",
                "username": "ZombieRocker86"
            },
            {
                "name": "Jakop",
                "location": "Baden-Württemberg",
                "id": "1228321385661026305",
                "username": "ShabJako"
            },
            {
                "name": "Lucie B",
                "location": "London, England",
                "id": "928947142156316674",
                "username": "goodbooksLB"
            },
            {
                "name": "Lee",
                "location": "Doncaster, England",
                "id": "837395064632528896",
                "username": "ideasandphotos"
            },
            {
                "name": "domvitz",
                "location": "United Kingdom",
                "id": "27845595",
                "username": "domvitz"
            },
            {
                "name": "Rob",
                "id": "867743004",
                "username": "SkyWatcherRob"
            },
            {
                "name": "goglen",
                "id": "1718291322",
                "username": "goglentw"
            },
            {
                "name": "SSJ ACE",
                "id": "4306163601",
                "username": "ACEK1NGzZ"
            },
            {
                "name": "✨🌟Cinders 🌟✨",
                "id": "1444661386626404354",
                "username": "Cinders12345678"
            },
            {
                "name": "TJF",
                "id": "1500487483850727424",
                "username": "TJF_92"
            },
            {
                "name": "G Singh D",
                "location": "Manchester, England",
                "id": "2349393221",
                "username": "Gsingh1981"
            },
            {
                "name": "Lauren 🤍✨",
                "location": "Worksop, England",
                "id": "1146489871181242371",
                "username": "laurenwilson__x"
            },
            {
                "name": "Mr Fonzie",
                "location": "retired rugby union number 9 .",
                "id": "1191339656",
                "username": "MR_FONZIE"
            },
            {
                "name": "Emma",
                "location": "London, England",
                "id": "1060218480",
                "username": "emmaydorman"
            },
            {
                "name": "Molly Stringer",
                "id": "435143752",
                "username": "MollieeStringer"
            },
            {
                "name": "🌱ivegoneout🌱",
                "location": "South West, England",
                "id": "1134723026694627329",
                "username": "ivegoneout"
            },
            {
                "name": "s",
                "id": "46767540",
                "username": "simioneelborno"
            },
            {
                "name": "VOOT",
                "location": "Sheffield, England",
                "id": "66683915",
                "username": "voottelecom"
            },
            {
                "name": "Wes Viola",
                "location": "London",
                "id": "1384387932614692864",
                "username": "WesViola"
            },
            {
                "name": "liesa low",
                "id": "349301826",
                "username": "liesacochrane"
            },
            {
                "name": "Chezzy Go",
                "location": "London, England",
                "id": "2156472027",
                "username": "ChezzyGo83"
            },
            {
                "name": "Rebecca Crawley",
                "location": "Yorkshire and The Humber",
                "id": "20532927",
                "username": "crawleyrh"
            },
            {
                "name": "Christopher",
                "id": "338613901",
                "username": "ChrisJMcGowan"
            },
            {
                "name": "Blake Antcliff",
                "location": "UK",
                "id": "150987397",
                "username": "BlakeAntcliff"
            },
            {
                "name": "Old-Age Mutant Ninja Chimpo",
                "location": "Bury, England",
                "id": "46234681",
                "username": "ChimpInATopHat"
            },
            {
                "name": "4hopeandhealth",
                "location": "N.ireland",
                "id": "428437606",
                "username": "4hopeandhealth"
            },
            {
                "name": "Ilker Mutlu",
                "location": "London, England",
                "id": "44154082",
                "username": "ilkermutlu"
            },
            {
                "name": "Sean",
                "location": "York",
                "id": "41915741",
                "username": "thewestwell"
            },
            {
                "name": "Dawn",
                "location": "South West, England",
                "id": "847361081844445185",
                "username": "louds_dawn"
            },
            {
                "name": "Telford Mon",
                "location": "Telford, England",
                "id": "1102961846204723200",
                "username": "telfordmon"
            },
            {
                "name": "Neal Hinton",
                "location": "Rugby, Warwickshire, UK",
                "id": "488248468",
                "username": "nealh74"
            },
            {
                "name": "Louis_Ryo99",
                "id": "1057951104103780359",
                "username": "Louis_Ryo99"
            },
            {
                "name": "Nick",
                "location": "Sheffield, England",
                "id": "214607496",
                "username": "SheffGinge"
            },
            {
                "name": "kaleniUK",
                "location": "UK",
                "id": "19499734",
                "username": "NodstahNash"
            },
            {
                "name": "Oliver James Robertson",
                "id": "4869873249",
                "username": "MrZ3st"
            },
            {
                "name": "Little Black Book",
                "location": "London",
                "id": "37012816",
                "username": "LBBOnline"
            },
            {
                "name": "Liam Mac",
                "location": "Ireland",
                "id": "1356744152701145090",
                "username": "liammac43"
            },
            {
                "name": "Hairy Godfather 🧚",
                "id": "304898318",
                "username": "Hairy_Godfather"
            },
            {
                "name": "Aintree Shopping",
                "location": "Aintree, Liverpool",
                "id": "2668770841",
                "username": "AintreeSP"
            },
            {
                "name": "Chris Moffitt",
                "location": "North East, England",
                "id": "1544042425",
                "username": "moffwalla"
            },
            {
                "name": "Gareth Lewis",
                "location": "Porthcawl, Wales",
                "id": "344946423",
                "username": "Bogster1976"
            },
            {
                "name": "Steve Chandler",
                "id": "767294797",
                "username": "chad956"
            },
            {
                "name": "A. Clarke",
                "location": "NI, Pool, Faen, Draigland",
                "id": "182738194",
                "username": "TonyIsLaw"
            },
            {
                "name": "Adam Harvey 💙",
                "location": "United Kingdom",
                "id": "733465814",
                "username": "TootinandBeepin"
            },
            {
                "name": "just me",
                "location": "flying blind on a rocket cycle",
                "id": "875806441214443525",
                "username": "theproperKP"
            },
            {
                "name": "Jack ⚫⚪",
                "id": "357165279",
                "username": "madebyclancy"
            },
            {
                "name": "Ian Bavey",
                "location": "iPhone: 51.543579,-3.194566",
                "id": "52337923",
                "username": "Bavey"
            },
            {
                "name": "Matthew Bowater",
                "location": "Birmingham",
                "id": "574036809",
                "username": "MBowater"
            },
            {
                "name": "Gov Soludo's PA (He/Him) 🇳🇬 🇬🇧",
                "location": "Hertfordshire ",
                "id": "153118474",
                "username": "Mazipita"
            },
            {
                "name": "nicholas 🇺🇦",
                "location": "Hull / York, UK",
                "id": "787951830353534976",
                "username": "helloimnicholas"
            },
            {
                "name": "Sue Meehan",
                "location": "Cambridge, England",
                "id": "1448944728",
                "username": "suesasinger"
            },
            {
                "name": "Jasmeet Sethi",
                "location": "Sweden",
                "id": "122886403",
                "username": "JasmetSeth"
            },
            {
                "name": "Keith Ip",
                "location": "Scotland, United Kingdom",
                "id": "168327303",
                "username": "DrIpFeed4"
            },
            {
                "name": "Jon Rocke",
                "location": "Wrexham, Wales",
                "id": "147179653",
                "username": "JonRocke"
            },
            {
                "name": "Suzystiddy",
                "id": "996126105437458434",
                "username": "suzystiddy"
            },
            {
                "name": "Bruk Melese",
                "id": "1482655617538043909",
                "username": "Fasthabesha"
            },
            {
                "name": "Nick Marsh",
                "location": "Newhaven, England",
                "id": "1233685406123773952",
                "username": "NickMar78971984"
            },
            {
                "name": "Arron saints cables LFC",
                "location": "Prescot, England",
                "id": "902669523039518728",
                "username": "ArronJamesLyon2"
            },
            {
                "name": "Alejandro Cadenas",
                "location": "Madrid, Comunidad de Madrid",
                "id": "7986852",
                "username": "acadenas"
            },
            {
                "name": "Gareth hancock",
                "id": "487759752",
                "username": "Gaziboi1990"
            },
            {
                "name": "Linda Housego🐶💟🇬🇧🇮🇪☘",
                "location": "Cornwall, England",
                "id": "2429595887",
                "username": "Lahousego"
            },
            {
                "name": "AJ",
                "id": "102024176",
                "username": "LethalEffect"
            },
            {
                "name": "Ads30",
                "location": "Caerdydd ",
                "id": "1190249472787439616",
                "username": "Ads302"
            },
            {
                "name": "Paul K",
                "id": "19773901",
                "username": "mrpaulk"
            },
            {
                "name": "Paul Clayton.",
                "location": "London, England",
                "id": "109924051",
                "username": "Claytoncast"
            },
            {
                "name": "Dr Russell MBE #CanalSurvivor",
                "location": "London, England",
                "id": "389775226",
                "username": "Medic_Russell"
            },
            {
                "name": "Natalie Sherman (nee Luckham)",
                "location": "#Wiltshire #Huntingdon",
                "id": "394876387",
                "username": "Nat_lucks"
            }
        ],
        "tweets": [
            {
                "created_at": "2022-03-01T17:50:30.000Z",
                "id": "1498717329911435269",
                "text": "Our monthly price has never been lower on the Samsung Galaxy Watch4. Plus, claim a £50 Google Play Voucher. Get yours now for only £16 per month, £0 upfront on a 4GB plan.",
                "author_id": "7117212"
            },
            {
                "created_at": "2022-03-22T01:09:18.000Z",
                "id": "1506075514129498113",
                "text": "Mei bringing the chill vibes\n\nx3 OG and WL spots\n\n🎵 Follow @LOcommunityNFT \n🎵 RT &amp; Like❤️\n🎵 Tag 2 of your crew\n\nOriginal beats produced by @SkillSyrup \n\n#NFT #NFTs #NFTCommmunity https://t.co/t1WpQONMjz",
                "author_id": "1489064925272371203"
            },
            {
                "created_at": "2022-03-21T21:33:30.000Z",
                "id": "1506021206637568009",
                "text": "@EE broadbands down for a while now usually works after 5 - 10 mins of down time is there an outage??",
                "author_id": "4306163601"
            },
            {
                "created_at": "2022-03-21T15:01:33.000Z",
                "id": "1505922567445561349",
                "text": "Worst customer service from @O2 today. Pushy salesperson +++. You would have had a customer buying a new apple watch today but seen as though you call me ‘stupid’ for not upgrading my phone (which is a 3 year contract which *you* provide) at same time I’ll think I’ll go see @EE",
                "author_id": "787951830353534976"
            },
            {
                "created_at": "2022-03-18T10:03:11.000Z",
                "id": "1504760319490641955",
                "text": "iPhone 13 Pro with the best Pro camera system ever on iPhone. Now in Alpine Green on the UK’s best 5G network. Plus get Apple Music, Apple TV+ and Apple Arcade included in your plan for 24 months. And save £96 when you trade-in your iPhone. Annual price changes and terms apply",
                "author_id": "7117212"
            },
            {
                "created_at": "2022-03-21T22:57:28.000Z",
                "id": "1506042336794529796",
                "referenced_tweets": [
                    {
                        "type": "replied_to",
                        "id": "1506019930990612480"
                    }
                ],
                "text": "@tngap69v4u CPI+3.9% reflects the level of investment we need to make within our business to continue our major investments in Networks and Service, while also protecting vulnerable customers suffering from financial hardship or digital exclusion. -Sam",
                "author_id": "7117212"
            },
            {
                "created_at": "2022-03-21T16:41:05.000Z",
                "id": "1505947615413817349",
                "referenced_tweets": [
                    {
                        "type": "replied_to",
                        "id": "1505946544993939468"
                    }
                ],
                "text": "@Medic_Russell @O2 @EE How’s the canal?",
                "author_id": "787951830353534976"
            },
            {
                "created_at": "2022-03-21T22:50:04.000Z",
                "id": "1506040472430694403",
                "referenced_tweets": [
                    {
                        "type": "replied_to",
                        "id": "1505859968020406272"
                    }
                ],
                "text": "@HandsCallum Don't forget you can also leave us a review here: https://t.co/04HlBoQHAt -Olivia",
                "author_id": "7117212"
            },
            {
                "created_at": "2022-03-21T23:00:01.000Z",
                "id": "1506042979492012038",
                "text": "That’s our team done for the evening. We’ll be back at 7am tomorrow. Want to pay a bill through the night? Head over to My EE https://t.co/bXUtaDKlCL",
                "author_id": "7117212"
            },
            {
                "created_at": "2022-03-21T10:45:57.000Z",
                "id": "1505858244471836672",
                "referenced_tweets": [
                    {
                        "type": "replied_to",
                        "id": "1505736161695879174"
                    }
                ],
                "text": "@custardwarrior Morning, Aaron. \n\nI am very sorry to see hear about the experience you have had with our Broadband service, it's certainly not what we would want or expect. \n\nCan you please let me know more about what has happened? You can DM if you would prefer. - David C",
                "author_id": "7117212"
            },
            {
                "created_at": "2022-03-21T13:50:49.000Z",
                "id": "1505904767335342081",
                "referenced_tweets": [
                    {
                        "type": "replied_to",
                        "id": "1505256111934476291"
                    }
                ],
                "text": "@BrightKnight15 @Offcom @Number10press @VodafoneGroup @O2 @EE @ThreeUK Hi there, improving mobile coverage is a priority area for Ofcom. This work is ongoing and you can find further information regarding this in our proposed plan of work for 2022/2023 here: https://t.co/0OP0wziGkk",
                "author_id": "18689388"
            },
            {
                "created_at": "2022-02-17T15:42:10.000Z",
                "id": "1494336377877532676",
                "text": "Get the epic new Samsung Galaxy S22 Ultra and save  £336 with trade-in in any condition, plus claim a pair of Galaxy Buds pro. And get Netflix on selected plans.",
                "author_id": "7117212"
            },
            {
                "created_at": "2022-03-21T21:03:54.000Z",
                "id": "1506013758090489856",
                "text": "AKWs verlängern um weniger abhängig zu werden. Ok, und das Uran popelt ihr aus der Nase?",
                "author_id": "49924310"
            },
            {
                "created_at": "2022-03-21T21:40:37.000Z",
                "id": "1506022994547773440",
                "referenced_tweets": [
                    {
                        "type": "replied_to",
                        "id": "1506016577199685643"
                    }
                ],
                "text": "@ideasandphotos Congratulations! Absolutely gorgeous ❤ -Olivia",
                "author_id": "7117212"
            },
            {
                "created_at": "2022-03-21T21:34:41.000Z",
                "id": "1506021504861220865",
                "referenced_tweets": [
                    {
                        "type": "replied_to",
                        "id": "1506017468489211905"
                    }
                ],
                "text": "@domvitz @tescomobile @EE @ThreeUK Why did you regret it? And do three keep the price the same with no prize rises? Thanks",
                "author_id": "1718291322"
            },
            {
                "created_at": "2022-03-20T13:48:29.000Z",
                "id": "1505541793449922568",
                "referenced_tweets": [
                    {
                        "type": "replied_to",
                        "id": "1505501315950170112"
                    }
                ],
                "text": "@SkyWatcherRob Afternoon Rob, I'm sorry to see you're looking at leaving EE, and that you've been struggling to do so. The cancellation team are available by calling 150 until 8pm. Do you mind me asking why you're looking at leaving? -Ashleigh",
                "author_id": "7117212"
            },
            {
                "created_at": "2022-03-21T21:18:39.000Z",
                "id": "1506017468489211905",
                "referenced_tweets": [
                    {
                        "type": "replied_to",
                        "id": "1505506541507694594"
                    }
                ],
                "text": "@goglentw @tescomobile @EE Before you do have a look at @ThreeUK I moved from EE to Tesco and regretted it. Moved to three on 2015 and never looked back. Our family has 5 phones with them.",
                "author_id": "27845595"
            },
            {
                "created_at": "2022-03-21T20:03:35.000Z",
                "id": "1505998577109250059",
                "referenced_tweets": [
                    {
                        "type": "replied_to",
                        "id": "1505966519838257164"
                    }
                ],
                "text": "@tngap69v4u Hi John. Many providers will change their prices at any time during the customer’s contract with them, we have been upfront about our price changes when customers agreed to their contract, and we are using CPI linked as a measure for these increases. -Mark B",
                "author_id": "7117212"
            },
            {
                "created_at": "2022-03-20T11:28:25.000Z",
                "id": "1505506541507694594",
                "referenced_tweets": [
                    {
                        "type": "replied_to",
                        "id": "1504431156711899136"
                    }
                ],
                "text": "@tescomobile Can’t wait to come over to you guys. I can’t wait for my contract to finish with @EE !",
                "author_id": "1718291322"
            },
            {
                "created_at": "2022-03-21T21:13:18.000Z",
                "id": "1506016122822447117",
                "referenced_tweets": [
                    {
                        "type": "replied_to",
                        "id": "1506011507632775168"
                    }
                ],
                "text": "@ideasandphotos I've not seen you in a while Lee - love this photo! Looks freezing 🥶 -Olivia",
                "author_id": "7117212"
            },
            {
                "created_at": "2022-03-21T07:00:00.000Z",
                "id": "1505801381738954757",
                "text": "Who says Mondays have to be blue? There's a spring in our step, and we're here to help until 11pm.",
                "author_id": "7117212"
            },
            {
                "created_at": "2022-03-08T15:42:00.000Z",
                "id": "1501221703170539521",
                "text": "Pre-order the epic new OPPO Find X5 Pro 5G today and get a free gift pack worth £373 on the UK’s best network. Hurry, offer ends 23rd March. Annual price changes and terms apply.",
                "author_id": "7117212"
            },
            {
                "created_at": "2022-03-21T14:23:16.000Z",
                "id": "1505912933431361540",
                "referenced_tweets": [
                    {
                        "type": "quoted",
                        "id": "1505910275605676037"
                    }
                ],
                "text": "Love to see our @EE teams using their volunteering days to play their part in their local communities 💪\n\nAwesome stuff, Brian and team. https://t.co/BolJRQCENL",
                "author_id": "769134102796697600"
            },
            {
                "created_at": "2022-03-21T20:14:30.000Z",
                "id": "1506001325942841349",
                "referenced_tweets": [
                    {
                        "type": "replied_to",
                        "id": "1505999070824910855"
                    }
                ],
                "text": "@ChezzyGo83 Hey Paul, I'm just picking this up for my colleague Megan.  \nI just need to go through security. If you can let me know when you're ready? -Shabs",
                "author_id": "7117212"
            },
            {
                "created_at": "2022-03-21T15:20:49.000Z",
                "id": "1505927417386393602",
                "referenced_tweets": [
                    {
                        "type": "quoted",
                        "id": "1505910275605676037"
                    }
                ],
                "text": "Another brilliant day out with @LiteratiTo 👏🏽 unbelievable how much stuff has been dumped in one small stretch. Brilliant work 💛 @EE https://t.co/VV988YGUyq",
                "author_id": "41682174"
            },
            {
                "created_at": "2022-03-21T19:58:29.000Z",
                "id": "1505997293744529412",
                "referenced_tweets": [
                    {
                        "type": "replied_to",
                        "id": "1505963932988674049"
                    }
                ],
                "text": "@ChezzyGo83 Hey, how are you? 😊\n\nIt can take a few days for the team to process your return, I would love to help you further. Can you pop me over a DM please? -Megan https://t.co/m14c5xhQi0",
                "author_id": "7117212"
            },
            {
                "created_at": "2022-03-08T15:40:43.000Z",
                "id": "1501221383099101194",
                "text": "Pre-order the epic new OPPO Find X5 Pro 5G today and get a free gift pack worth £373 on the UK’s best network. Hurry, offer ends 23rd March. Annual price changes and terms apply.",
                "author_id": "7117212"
            },
            {
                "created_at": "2022-03-21T19:59:40.000Z",
                "id": "1505997590583824389",
                "text": "Dear @bt_uk,\n\nThis is getting worse by the day.\n\nMy Internet speed is 18Mbps. How FAST is your Internet? https://t.co/AZh50Cyx9u",
                "author_id": "44154082"
            },
            {
                "created_at": "2022-03-21T19:58:20.000Z",
                "id": "1505997257107197968",
                "referenced_tweets": [
                    {
                        "type": "replied_to",
                        "id": "1505965319982039049"
                    }
                ],
                "text": "@louds_dawn Hey Dawn, \n\nI'm really sorry that you've been left feeling so let down by the service, I do appreciate that this whole experience has really left you feeling very disappointed. \n\nDid the team advise that this discount was only available to customers switching over? - Jess",
                "author_id": "7117212"
            },
            {
                "created_at": "2022-03-21T19:04:22.000Z",
                "id": "1505983675778879491",
                "text": "@o2 your signal is consistently awful. I’m a business customer and i’m leaving for @ee cya 👋🏻",
                "author_id": "1102961846204723200"
            },
            {
                "created_at": "2022-03-21T17:44:52.000Z",
                "id": "1505963668340682758",
                "referenced_tweets": [
                    {
                        "type": "replied_to",
                        "id": "1505955037515763728"
                    }
                ],
                "text": "@TootinandBeepin @O2 @EE HOW? Im so jealous 😭😭",
                "author_id": "787951830353534976"
            },
            {
                "created_at": "2022-03-21T17:44:05.000Z",
                "id": "1505963469111275522",
                "referenced_tweets": [
                    {
                        "type": "replied_to",
                        "id": "1505963045868253187"
                    }
                ],
                "text": "@MBowater If it's just one app not working it would point more to that app rather than connection but we can absolutely take a look. Can you pop me over a DM so I can take a little more information from you? -Sam https://t.co/m14c5xhQi0",
                "author_id": "7117212"
            },
            {
                "created_at": "2022-03-21T17:10:34.000Z",
                "id": "1505955037515763728",
                "referenced_tweets": [
                    {
                        "type": "replied_to",
                        "id": "1505942866102738954"
                    }
                ],
                "text": "@helloimnicholas @O2 @EE Yep £400 voucher. So i bought the metal strap for it ( which was rather expensive )",
                "author_id": "733465814"
            },
            {
                "created_at": "2022-03-21T17:39:11.000Z",
                "id": "1505962239035158534",
                "referenced_tweets": [
                    {
                        "type": "replied_to",
                        "id": "1505961912907010054"
                    }
                ],
                "text": "@MBowater Hi Matthew. Hope you're well. Let's see if we can take a look at what's going on for you. Is it just maps that's not working or are you having issues connection to other apps too? -Sam",
                "author_id": "7117212"
            },
            {
                "created_at": "2022-03-21T16:23:03.000Z",
                "id": "1505943078984630273",
                "text": "I changed from @EE to @TheO2 as frankly was about £15 cheaper a month: I now know why. I live in Bham, hardly the sticks, but I've never any signal, get 3G mostly and yet to see a 5g so far. Not really fit for purpose currently 🙄 don't do it.",
                "author_id": "375286819"
            },
            {
                "created_at": "2022-03-21T16:22:13.000Z",
                "id": "1505942866102738954",
                "referenced_tweets": [
                    {
                        "type": "replied_to",
                        "id": "1505937540414640128"
                    }
                ],
                "text": "@TootinandBeepin @O2 @EE What. WHAT.",
                "author_id": "787951830353534976"
            },
            {
                "created_at": "2022-03-13T12:09:52.000Z",
                "id": "1502980257275875330",
                "text": "🔰 Rewards Bunny Airdrop\n🎁 Join Airdrop: 150,000 $RBUNNY (~$600)\n👥 Referral: 50,000 $RBUNNY (~$200)\n🧶 Rate: ⭐️⭐️⭐️⭐️⭐️\n📅 End Date: April 2, 2022\n🚀 Distribution Date: April 4, 2022\n\n📚 Airdrop Link: https://t.co/wT43hqOHTT\n\n📑Additional Information:\n      ♦️ Winners: All User https://t.co/pu6kdT7M3G",
                "author_id": "1469881757449089024"
            },
            {
                "created_at": "2022-03-21T12:24:41.000Z",
                "id": "1505883089238642691",
                "text": "Just off the phone with @EE who not only did not apologise for their misleading sales info but have refused outright to find a solution. Appalled @kevinbacon how could you lend your talents to that lot?",
                "author_id": "90918950"
            },
            {
                "created_at": "2022-03-21T16:34:21.000Z",
                "id": "1505945919803510784",
                "referenced_tweets": [
                    {
                        "type": "replied_to",
                        "id": "1505940927738744840"
                    }
                ],
                "text": "@mrpaulk Hi Paul. \n\nWe tell customers clearly at the point of sale when, and how any price rise will be calculated by how much, we will increase their prices, whether that’s because they’re joining as a new customer or renewing their package with us, and be that on the (1) -Olivia",
                "author_id": "7117212"
            },
            {
                "created_at": "2022-03-21T16:35:52.000Z",
                "id": "1505946304958058498",
                "text": "So somewhere I have an @EE password that I don’t know about and don’t ever remember setting up and yet that is the one that @EE needs to know before they can give me support.  Not thrilled",
                "author_id": "109924051"
            },
            {
                "created_at": "2022-03-21T16:36:50.000Z",
                "id": "1505946544993939468",
                "referenced_tweets": [
                    {
                        "type": "replied_to",
                        "id": "1505922567445561349"
                    }
                ],
                "text": "@helloimnicholas @O2 @EE Can’t believe they said that! There’s so much else to call you stupid over?",
                "author_id": "389775226"
            },
            {
                "created_at": "2022-03-17T08:51:50.000Z",
                "id": "1504379972001140736",
                "referenced_tweets": [
                    {
                        "type": "replied_to",
                        "id": "1504242340617089025"
                    }
                ],
                "text": "@Nat_lucks Hi Natalie, we want your travels to be trouble free, so I'm sorry to hear about this. Have you checked out our Roam Abroad add on, which is £10 per month https://t.co/SzfqKZwm1Z? -Rach",
                "author_id": "7117212"
            }
        ]
    },
    "errors": [
        {
            "resource_id": "1505869048965382145",
            "parameter": "referenced_tweets.id",
            "resource_type": "tweet",
            "section": "includes",
            "title": "Authorization Error",
            "value": "1505869048965382145",
            "detail": "Sorry, you are not authorized to see the Tweet with referenced_tweets.id: [1505869048965382145].",
            "type": "https://api.twitter.com/2/problems/not-authorized-for-resource"
        }
    ],
    "meta": {
        "oldest_id": "1505946010853560326",
        "newest_id": "1506090721417310214",
        "result_count": 100,
        "next_token": "7140dibdnow9c7btw420ju6dipnk9k3kt96q1r777pgdy"
    }
}