{
    "data": [
        {
            "created_at": "2022-03-14T20:03:49.000Z",
            "text": "@VodafoneUK Thank you @VodafoneUK  I will DM shortly  and hope you can not only resolve my issue but review your processes. The first two people I spoke too during my call today were good and understood my issues. But having to repeat everything multiple times later on was so not helpful.",
            "id": "1503461922112425990",
            "referenced_tweets": [
                {
                    "type": "replied_to",
                    "id": "1503451536956997632"
                }
            ],
            "author_id": "4204665382"
        },
        {
            "created_at": "2022-03-14T19:48:08.000Z",
            "text": "@aaronconnolly12 @VodafoneUK They got back to me Aaron, known issues in the area",
            "id": "1503457973942771715",
            "referenced_tweets": [
                {
                    "type": "replied_to",
                    "id": "1503422324170801157"
                }
            ],
            "author_id": "16236773"
        },
        {
            "created_at": "2022-03-14T19:40:25.000Z",
            "text": "@VodafoneUK broadband down in Heswall, Wirral for about the last hour. Is there a network outage? Can you help? Tried all the recommended troubleshooting but appears to be an issue at the exchange or off my property.",
            "id": "1503456032659582984",
            "author_id": "58767216"
        },
        {
            "created_at": "2022-03-14T19:37:44.000Z",
            "text": "@VodafoneUK Finally managed to talk to someone who was able to offer some explanation and offer a tentative timeframe for a fix. Fingers crossed that their best guess is right…",
            "id": "1503455356957118465",
            "referenced_tweets": [
                {
                    "type": "replied_to",
                    "id": "1503334957120376835"
                }
            ],
            "author_id": "4363649537"
        },
        {
            "created_at": "2022-03-14T19:12:24.000Z",
            "text": "@alitwy @lesleymacniven @VodafoneUK @tescomobile Definitely and it takes our #energy as we have to listen and wait for the person to speak. Simple solutions:\nAsk us do we want to listen to the music\nDo we want a call back. Its not rocket science.",
            "id": "1503448980327444483",
            "referenced_tweets": [
                {
                    "type": "replied_to",
                    "id": "1503429303400374280"
                }
            ],
            "author_id": "4204665382"
        },
        {
            "created_at": "2022-03-14T17:34:45.000Z",
            "text": "@aaronconnolly12 @VodafoneUK Not yet",
            "id": "1503424406198140929",
            "referenced_tweets": [
                {
                    "type": "replied_to",
                    "id": "1503422324170801157"
                }
            ],
            "author_id": "16236773"
        },
        {
            "created_at": "2022-03-14T17:12:50.000Z",
            "text": "@VodafoneUK \nDo you think it’s acceptable for a disabled person to be on the phone for 2 hours plus + still not have an issue resolved ? It’s not.  I was refused a call back until the last minute.. and ignored when I asked for the hold music to be silenced. #EnergyImpairment https://t.co/MrCCtfJr6R",
            "id": "1503418890629656579",
            "author_id": "4204665382"
        },
        {
            "created_at": "2022-03-14T16:11:11.000Z",
            "text": "@VodafoneUK ordered a phone Friday for my Fiancées 30th because you didn’t have any in stock  you told me it would be in store today on his birthday today so I didn’t go else we’re. I went this morning and you haven’t even delivered the phone!!",
            "id": "1503403378038222857",
            "author_id": "46233702"
        },
        {
            "created_at": "2022-03-14T16:04:48.000Z",
            "text": "Experiencing dreadful voice and internet performance @VodafoneUK in Belfast. Is there an ongoing issue ? Thanks for reminding me that E network speeds exist, fully expecting to see GPRS soon",
            "id": "1503401770483163138",
            "author_id": "16236773"
        },
        {
            "created_at": "2022-03-14T14:43:49.000Z",
            "text": "What is wrong with @VodafoneUK network today!? #VodaFAIL #Vodafonedown",
            "id": "1503381392041955332",
            "author_id": "418491621"
        },
        {
            "created_at": "2022-03-14T13:38:09.000Z",
            "text": "@VodafoneUK OKI CDL700E",
            "id": "1503364865712222208",
            "referenced_tweets": [
                {
                    "type": "replied_to",
                    "id": "1502645594212356098"
                }
            ],
            "author_id": "1060099112845086720"
        },
        {
            "created_at": "2022-03-14T13:17:23.000Z",
            "text": "@VodafoneUK Hi, need to speak to someone on phone about cancelling a home broadband order, is there a number I can call? Thanks",
            "id": "1503359639852826625",
            "author_id": "385316012"
        },
        {
            "created_at": "2022-03-14T12:23:11.000Z",
            "text": "@VodafoneUK So I will have no coverage for 5 days??",
            "id": "1503345997849706504",
            "referenced_tweets": [
                {
                    "type": "replied_to",
                    "id": "1503345671788769288"
                }
            ],
            "author_id": "2387746611"
        },
        {
            "created_at": "2022-03-14T12:03:17.000Z",
            "text": "@VodafoneUK Trying different answers eventually elicits \"If you’ve tried all of the above ... &lt;please speak to an adviser&gt;\" which links to a page - that then directs you back into the TOBi automated advisor\n\nHey @VodafoneUK, how the &lt;mildly_bad_word&gt; do I login to my vodafone account?",
            "id": "1503340989552943104",
            "referenced_tweets": [
                {
                    "type": "replied_to",
                    "id": "1503339517591408641"
                }
            ],
            "author_id": "14336263"
        },
        {
            "created_at": "2022-03-14T12:02:37.000Z",
            "text": "Anyone else struggling with phone Signal? @VodafoneUK any problems in the ST5 area?",
            "id": "1503340821436932105",
            "author_id": "2387746611"
        },
        {
            "created_at": "2022-03-14T11:57:26.000Z",
            "text": "Is @VodafoneUK's automated chat support branching out into answering general questions?\n\nReplying to \"An unexpected error occurred\" with \"Something went in error on server [5xx]\",  doesn't exactly _help_ the customer https://t.co/r5X1K5LFTT",
            "id": "1503339517591408641",
            "author_id": "14336263"
        },
        {
            "created_at": "2022-03-14T11:51:08.000Z",
            "text": "@VodafoneUK Your web chat is an absolute joke. Over an hour being past pillar to post, being put everywhere except where I ask. Can you get a MANAGER to phone me? Someone from the UK. 4th time broadband has been cancelled and I'm left paying more than I need to be.",
            "id": "1503337931703992321",
            "author_id": "419065848"
        },
        {
            "created_at": "2022-03-14T11:43:54.000Z",
            "text": "@DocRMills @VodafoneUK Hi Rachel, CityFibre does not provide internet services, we work with internet services providers to connect homes and business. For internet service-related queries, please contact your broadband provider. Thanks.",
            "id": "1503336110822412294",
            "referenced_tweets": [
                {
                    "type": "replied_to",
                    "id": "1502641056944381952"
                }
            ],
            "author_id": "350830442"
        },
        {
            "created_at": "2022-03-14T11:42:07.000Z",
            "text": "@RobIzzard @VodafoneUK @Trustpilot Hi Robert, we usually have multiple provider options. To find out which providers and services are available in your city visit and use our availability checker https://t.co/RnaGLvqgjc. Thanks.",
            "id": "1503335662476574722",
            "referenced_tweets": [
                {
                    "type": "replied_to",
                    "id": "1502584611871805440"
                }
            ],
            "author_id": "350830442"
        },
        {
            "created_at": "2022-03-14T11:37:54.000Z",
            "text": "@VodafoneUK surely this is a cruel joke? No explanation after nearly 2 months with no broadband, just “it’s cancelled, dunno why”. Heartless and uncaring are word that come to mind to describe your customer service and service as a whole. Painful too. https://t.co/uVd6PtBPO7",
            "id": "1503334603238608899",
            "author_id": "526688968"
        },
        {
            "created_at": "2022-03-14T10:56:52.000Z",
            "text": "@VodafoneUK so turns out, my phone battery was overheating because my USB plug was faulty so the charger was giving off a lot of heat! so after letting it cool down and pluging the wireless charger into a brand new @AnkerOfficial usb charger, worked a treat!",
            "id": "1503324276203601921",
            "referenced_tweets": [
                {
                    "type": "replied_to",
                    "id": "1502606577072750595"
                }
            ],
            "author_id": "16575839"
        },
        {
            "created_at": "2022-03-14T10:36:14.000Z",
            "text": "@timshutt @VodafoneUK @giffgaff That's cold. 😂",
            "id": "1503319083844091907",
            "referenced_tweets": [
                {
                    "type": "replied_to",
                    "id": "1503317646447685632"
                }
            ],
            "author_id": "598604937"
        },
        {
            "created_at": "2022-03-14T10:29:05.000Z",
            "text": "@VodafoneUK Hi Keely, sent message, however the automated response from vodafone didn’t show all the options and I’m now struggling",
            "id": "1503317284152041473",
            "referenced_tweets": [
                {
                    "type": "replied_to",
                    "id": "1503293175103950853"
                }
            ],
            "author_id": "33886409"
        },
        {
            "created_at": "2022-03-14T09:36:10.000Z",
            "text": "@VodafoneUK i did that and sent my post code in messages but got your annoying bot! there is still an issue LE10 0PJ 4G showing and devices stating no internet can you check or i will simply move providers!",
            "id": "1503303965999611907",
            "referenced_tweets": [
                {
                    "type": "replied_to",
                    "id": "1501914733548556290"
                }
            ],
            "author_id": "42243202"
        },
        {
            "created_at": "2022-03-14T09:27:16.000Z",
            "text": "@VodafoneUK At Birmingham University and this is the best 5g I could get, not exactly a ringing endorsement of the service is it? https://t.co/HS0NT1hUy0",
            "id": "1503301727759572992",
            "author_id": "20665740"
        },
        {
            "created_at": "2022-03-14T09:07:00.000Z",
            "text": ". @Apple Event Spring 2022: All the big announcements\n\nhttps://t.co/rrfroKES0V\narticle from @VodafoneUK \n#tech #iOS #iPhone #Phones https://t.co/RScxxef5UD",
            "id": "1503296625653035011",
            "author_id": "2196460500"
        },
        {
            "created_at": "2022-03-14T08:47:50.000Z",
            "text": "@VodafoneUK hi, I can’t login in using my usual username and password. Your reset/ temporary password sent to my email doesn’t work, please help?",
            "id": "1503291805265182723",
            "author_id": "33886409"
        },
        {
            "created_at": "2022-03-14T08:00:58.000Z",
            "text": "Mobile operators @ThreeUK @VMO2News and @VodafoneUK have joined the UK National Databank, to help tackle current #datapoverty within the UK. Find out more in our blog here: https://t.co/fDQfCp0LgR \n\n#BuildingMobileBritain #MobileMonday #5GCheckTheFacts https://t.co/IKvq8GZU41",
            "id": "1503280009594781697",
            "author_id": "825005097457315841"
        },
        {
            "created_at": "2022-03-14T07:49:25.000Z",
            "text": "@VodafoneUK @SamsungMobile Hey I upgraded my phone to a A52s a couple of months ago, but the camera always freezes after I take one photo, so have to close it down and restart. Is there a fix as really annoying and its only 2 months old ?",
            "id": "1503277104506589191",
            "author_id": "24916677"
        },
        {
            "created_at": "2022-03-14T07:47:17.000Z",
            "text": "@EvanZir I have one because @VodafoneUK were awesome and I could pay the same amount and get a better phone.\n\niPhone 8 is now in the bin.",
            "id": "1503276567014875140",
            "referenced_tweets": [
                {
                    "type": "replied_to",
                    "id": "1503276365176610818"
                }
            ],
            "author_id": "1068203133699010562"
        },
        {
            "created_at": "2022-03-13T22:08:35.000Z",
            "text": "@zoli_xf @ThreeUKSupport @VodafoneUK Actually thank you so much for recommending that website I managed to find a deal for O2 with double data and double Virgin Media broadband speed boost, fingers crossed the speeds are decent",
            "id": "1503130929862168582",
            "referenced_tweets": [
                {
                    "type": "replied_to",
                    "id": "1503123483496271875"
                }
            ],
            "author_id": "571341825"
        },
        {
            "created_at": "2022-03-13T21:45:07.000Z",
            "text": "Please respond @VodafoneUK @VodafoneGroup we have no wifi",
            "id": "1503125025003810816",
            "author_id": "205688499"
        },
        {
            "created_at": "2022-03-13T21:40:12.000Z",
            "text": "@zoli_xf @ThreeUKSupport @VodafoneUK I’m with EE now but for the unlimited plan (I don’t like limits) - it’s so freaking expensive and every single network that has good value unlimited plans are @ThreeUKSupport",
            "id": "1503123787746885633",
            "referenced_tweets": [
                {
                    "type": "replied_to",
                    "id": "1503123483496271875"
                }
            ],
            "author_id": "571341825"
        },
        {
            "created_at": "2022-03-13T21:07:28.000Z",
            "text": "Also why is every mobile network that offers decent priced unlimited data plans is @ThreeUKSupport which has the worst speeds on the market!! Don’t get me started on @VodafoneUK s stupid service that has “speed tiers”",
            "id": "1503115551970938882",
            "author_id": "571341825"
        },
        {
            "created_at": "2022-03-13T20:18:38.000Z",
            "text": "Phoning @VodafoneUK on my landline because I have no signal or data and their best advice is to go online to their website..",
            "id": "1503103262043652101",
            "author_id": "1030983132"
        },
        {
            "created_at": "2022-03-13T19:23:56.000Z",
            "text": "@stevetaylor10 @EE @VodafoneUK Everywhere else in the UK I think Vodafone is probably unbeatable.    Doesn’t surprise me what you say about @O2  however.   I won’t even consider going to them,  a carrier pigeon would be faster and probably more reliable.  Just frustrated I live in a Vodafone black spot.",
            "id": "1503089496333733899",
            "referenced_tweets": [
                {
                    "type": "replied_to",
                    "id": "1503082623329091590"
                }
            ],
            "author_id": "802169472"
        },
        {
            "created_at": "2022-03-13T19:16:41.000Z",
            "text": "@Shawn80654585 @CellC_Support @_Natt_Turner_ @Vodacom @Vodacom111 @VodafoneUK @VodafoneGroup @VodafoneAU Hi There, sorry to hear that you feel this way. Are your services currently with Vodafone New Zealand? ^N.N",
            "id": "1503087671287349249",
            "referenced_tweets": [
                {
                    "type": "replied_to",
                    "id": "1503014083309850633"
                }
            ],
            "author_id": "15734473"
        },
        {
            "created_at": "2022-03-13T19:10:11.000Z",
            "text": "@William_Leggett @VodafoneUK You're not alone. Vodafone constantly break OfCom's rules. https://t.co/VwWhcPqeXq",
            "id": "1503086033788882957",
            "referenced_tweets": [
                {
                    "type": "replied_to",
                    "id": "1503074345261977602"
                }
            ],
            "author_id": "3225483490"
        }
    ],
    "includes": {
        "users": [
            {
                "name": "Dr Jenny Ceolta-Smith #OTs4Ukraine 🇺🇦💙💛",
                "username": "JCeoltaSmith",
                "id": "4204665382"
            },
            {
                "location": "Belfast, Northern Ireland",
                "name": "Ian Moran",
                "username": "ianmoran",
                "id": "16236773"
            },
            {
                "location": "Heswall, England",
                "name": "Pete Askew",
                "username": "TV_Eyes",
                "id": "58767216"
            },
            {
                "name": "Rachel Mills",
                "username": "DocRMills",
                "id": "4363649537"
            },
            {
                "location": "Liverpool",
                "name": "Lay2024",
                "username": "laytoncl",
                "id": "46233702"
            },
            {
                "location": "London, United Kingdom",
                "name": "Angela",
                "username": "angemelekk",
                "id": "418491621"
            },
            {
                "location": "UK / Europe",
                "name": "The Telco PM",
                "username": "TelcoPm",
                "id": "1060099112845086720"
            },
            {
                "location": "Aberdare",
                "name": "Rob Knapman",
                "username": "Robknapman1",
                "id": "385316012"
            },
            {
                "location": "West Midlands, England",
                "name": "Andy Steele",
                "username": "ABailes2014",
                "id": "2387746611"
            },
            {
                "location": "London, UK",
                "name": "David Brownlee",
                "username": "abs0",
                "id": "14336263"
            },
            {
                "location": "Scotland",
                "name": "Unknown",
                "username": "ManiacMaver",
                "id": "419065848"
            },
            {
                "location": "London, UK",
                "name": "CityFibre",
                "username": "CityFibre",
                "id": "350830442"
            },
            {
                "location": "Milton Keynes, England",
                "name": "Ben Duffin",
                "username": "duffin_b",
                "id": "526688968"
            },
            {
                "location": "Wallasey, Wirral",
                "name": "Si458",
                "username": "si458",
                "id": "16575839"
            },
            {
                "location": "Reading, England",
                "name": "Martyi7",
                "username": "Martyi767",
                "id": "598604937"
            },
            {
                "location": "carlisle, UK",
                "name": "Carol McDermott",
                "username": "paintercarol",
                "id": "33886409"
            },
            {
                "location": "Hinckley, England",
                "name": "Daria Osman",
                "username": "Kicia77",
                "id": "42243202"
            },
            {
                "name": "rick_x",
                "username": "rick_x",
                "id": "20665740"
            },
            {
                "location": "South East England, UK",
                "name": "Cellular Solutions",
                "username": "CellularSol",
                "id": "2196460500"
            },
            {
                "location": "United Kingdom",
                "name": "Mobile UK",
                "username": "MobileUK_News",
                "id": "825005097457315841"
            },
            {
                "location": "Newark-on-Trent, England",
                "name": "Sarah Haddi",
                "username": "SarahColdron",
                "id": "24916677"
            },
            {
                "location": "United Kingdom",
                "name": "The Uniqetz Show",
                "username": "Uniqetz",
                "id": "1068203133699010562"
            },
            {
                "location": "Pin Oak Court",
                "name": "Richie #SaveNeighbours",
                "username": "RichieUK_TTV",
                "id": "571341825"
            },
            {
                "location": "United Kingdom",
                "name": "Nicola Ferguson",
                "username": "agentnicola",
                "id": "205688499"
            },
            {
                "location": "London, England",
                "name": "Christine Venner Meritocracy First",
                "username": "ChristineVenner",
                "id": "1030983132"
            },
            {
                "name": "Damian Davis",
                "username": "DamianPDavis",
                "id": "802169472"
            },
            {
                "location": "Auckland, New Zealand",
                "name": "Vodafone New Zealand",
                "username": "vodafoneNZ",
                "id": "15734473"
            },
            {
                "location": "Nork Rise, UK",
                "name": "ed francis",
                "username": "pompeyhedge",
                "id": "3225483490"
            }
        ],
        "tweets": [
            {
                "created_at": "2022-03-14T19:22:33.000Z",
                "text": "@JCeoltaSmith As Mo previously mentioned, we would love to get your issue resolved. If you would like us to look into this for you over social media, please drop us a DM to with your name, number and query so we can help 🙂 Select 'Get Started' and 'Asked to DM' when you come through. Steph https://t.co/zZC6gSR1Ak",
                "id": "1503451536956997632",
                "referenced_tweets": [
                    {
                        "type": "replied_to",
                        "id": "1503448980327444483"
                    }
                ],
                "author_id": "20678384"
            },
            {
                "created_at": "2022-03-14T17:26:28.000Z",
                "text": "@ianmoran @VodafoneUK Did you ever find out ? From Belfast myself was awful today",
                "id": "1503422324170801157",
                "referenced_tweets": [
                    {
                        "type": "replied_to",
                        "id": "1503401770483163138"
                    }
                ],
                "author_id": "242496582"
            },
            {
                "created_at": "2022-03-14T11:39:19.000Z",
                "text": "@DocRMills Hey Rachel, sorry to see this. Please DM us your full name, mobile or account number and your query so we can do our best to assist you. When you DM us, you'll be greeted by our friendly BOT select \"Get started\" and \"Asked to DM\" Sadie",
                "id": "1503334957120376835",
                "referenced_tweets": [
                    {
                        "type": "replied_to",
                        "id": "1503332724093952001"
                    }
                ],
                "author_id": "20678384"
            },
            {
                "created_at": "2022-03-14T17:54:12.000Z",
                "text": "@lesleymacniven @JCeoltaSmith @VodafoneUK @tescomobile It’s amazing how annoying the music can be when you’re on hold ….I was thinking this this morning while waiting to speak to my GP!",
                "id": "1503429303400374280",
                "referenced_tweets": [
                    {
                        "type": "replied_to",
                        "id": "1503420434875887630"
                    }
                ],
                "author_id": "271044800"
            },
            {
                "created_at": "2022-03-12T14:00:02.000Z",
                "text": "What phone do you think no one but YOU seems to remember?",
                "id": "1502645594212356098",
                "author_id": "20678384"
            },
            {
                "created_at": "2022-03-14T12:21:53.000Z",
                "text": "@ABailes2014 Hey Andy 👋 I've taken a closer look into the general area ST5 and can see there is some maintenance undergoing in the close surrounding area, due to complete on the 19th March. If you require any further assistance with this or anything else please pop us over a DM below. Lucy https://t.co/zZC6gSR1Ak",
                "id": "1503345671788769288",
                "referenced_tweets": [
                    {
                        "type": "replied_to",
                        "id": "1503340821436932105"
                    }
                ],
                "author_id": "20678384"
            },
            {
                "created_at": "2022-03-14T11:57:26.000Z",
                "text": "Is @VodafoneUK's automated chat support branching out into answering general questions?\n\nReplying to \"An unexpected error occurred\" with \"Something went in error on server [5xx]\",  doesn't exactly _help_ the customer https://t.co/r5X1K5LFTT",
                "id": "1503339517591408641",
                "author_id": "14336263"
            },
            {
                "created_at": "2022-03-12T13:42:00.000Z",
                "text": "@VodafoneUK @CityFibre no broadband for a week and a half. Having to chase every day for updates. all properties affected by service disruption being given different info. This is poor customer service, especially given price paid for what is advertised as a reliable service.",
                "id": "1502641056944381952",
                "author_id": "4363649537"
            },
            {
                "created_at": "2022-03-12T09:57:42.000Z",
                "text": "@CityFibre hello! you're advertising new fibre in Cambridge, with @vodafoneuk as a partner. Given their customer service reviews on @Trustpilot are some of the worst ever seen, do you only plan to have them as partners, or will there be others with better service in future? thx!",
                "id": "1502584611871805440",
                "author_id": "373262112"
            },
            {
                "created_at": "2022-03-12T11:24:59.000Z",
                "text": "@si458 Hey 👋 We can help get this repaired for you! If you drop us a DM, you'll first be presented with our BOT. If you select 'Get Started' and then 'Asked to DM', we can look into this for you 🕵️‍♀️ Karla https://t.co/zZC6gSR1Ak",
                "id": "1502606577072750595",
                "referenced_tweets": [
                    {
                        "type": "replied_to",
                        "id": "1502604499986399233"
                    }
                ],
                "author_id": "20678384"
            },
            {
                "created_at": "2022-03-14T10:30:31.000Z",
                "text": "@VodafoneUK I'm quite fine thanks ^Jay\nHave a nice day. 👍\n@giffgaff",
                "id": "1503317646447685632",
                "referenced_tweets": [
                    {
                        "type": "replied_to",
                        "id": "1503316638468292623"
                    }
                ],
                "author_id": "2268844744"
            },
            {
                "created_at": "2022-03-14T08:53:17.000Z",
                "text": "@paintercarol Hey Carol 🖐️ Thanks for getting in touch and we're sorry to hear that you are having issues logging into your account. Please try clearing your cache &amp; cookies and then use another browser - type the password, not copy &amp; paste. If the issue persists, drop us a DM below 👇🙂 Keely https://t.co/zZC6gSR1Ak",
                "id": "1503293175103950853",
                "referenced_tweets": [
                    {
                        "type": "replied_to",
                        "id": "1503291805265182723"
                    }
                ],
                "author_id": "20678384"
            },
            {
                "created_at": "2022-03-10T13:35:51.000Z",
                "text": "@Kicia77 Hey Daria, hope you're well. This isn't how we want our customers feeling. We're wanting to turn this around for you. Please send us a private DM with a few more details of your query, and your full postcode so that we can investigate further 🔎 Saf\nhttps://t.co/zZC6gSR1Ak",
                "id": "1501914733548556290",
                "referenced_tweets": [
                    {
                        "type": "replied_to",
                        "id": "1501911440202027008"
                    }
                ],
                "author_id": "20678384"
            },
            {
                "created_at": "2022-03-14T07:46:29.000Z",
                "text": "@EvanZir Hello Twitter.\n\nThis is my first reply to this tweet on my iPhone 13 Pro (blue)",
                "id": "1503276365176610818",
                "referenced_tweets": [
                    {
                        "type": "replied_to",
                        "id": "1503124792093859850"
                    }
                ],
                "author_id": "1068203133699010562"
            },
            {
                "created_at": "2022-03-13T21:38:59.000Z",
                "text": "@RichieUK_TTV @ThreeUKSupport @VodafoneUK I’m with EE, on a 10gb package for £10 a month :) Have you tried them before? I used a site called Sim Sherpa to get a special offer, which isn’t available on the main network sites so give them a go :)",
                "id": "1503123483496271875",
                "referenced_tweets": [
                    {
                        "type": "replied_to",
                        "id": "1503115551970938882"
                    }
                ],
                "author_id": "444730277"
            },
            {
                "created_at": "2022-03-13T18:56:37.000Z",
                "text": "@DamianPDavis @EE @VodafoneUK It's the other way round here in Milton Keynes. Vodafone have rapidly erected many new 5G masts &amp; their 4G speeds now reach 150MBs. EE refarmed their 3G to 4G which meant we lost coverage completely! As for o2 all the masts and equipment are so old you're lucky to get 2Mbs on 4G!",
                "id": "1503082623329091590",
                "referenced_tweets": [
                    {
                        "type": "replied_to",
                        "id": "1503017584211468295"
                    }
                ],
                "author_id": "26474214"
            },
            {
                "created_at": "2022-03-13T14:24:16.000Z",
                "text": "@CellC_Support @_Natt_Turner_ Absolutely crap rubbish useless pathetic junk useless f-up useless network coverage since Cell C uses  @Vodacom @Vodacom111 @VodafoneUK @VodafoneGroup @vodafoneNZ @VodafoneAU wonder if everyone else in the world dealing with Cell networks using Vodacom Towers yet 2G coverage 😀",
                "id": "1503014083309850633",
                "referenced_tweets": [
                    {
                        "type": "replied_to",
                        "id": "1502975853784936450"
                    }
                ],
                "author_id": "1354782609218424833"
            },
            {
                "created_at": "2022-03-13T18:23:44.000Z",
                "text": "@VodafoneUK Hi I’ve been trying to get my PAC code all day and the systems aren’t working. Online chat bot fails and so does texting 65075. Can you please help. Thanks",
                "id": "1503074345261977602",
                "author_id": "3393801652"
            }
        ]
    },
    "meta": {
        "oldest_id": "1503086033788882957",
        "newest_id": "1503461922112425990",
        "previous_token": "77qpymm88g5h9vqklurc05ds3x6l4ebuknfp6gvr1lkq8",
        "result_count": 38
    }
}