{
    "data": [
        {
            "created_at": "2022-03-20T17:00:48.000Z",
            "text": "@VodafoneUK I’m so happy when you are in the sun and you are keeping me safe 😂! Loving #InternationalDayOfHappiness what with being a smiler and all that it’s right up my street 😃",
            "id": "1505590191741939714",
            "referenced_tweets": [
                {
                    "type": "replied_to",
                    "id": "1505484294088642563"
                }
            ],
            "author_id": "20637713"
        },
        {
            "created_at": "2022-03-20T16:52:24.000Z",
            "text": "@VodafoneUK I get free stuff from Vodafone 🤣🤣🤣",
            "id": "1505588077397430275",
            "referenced_tweets": [
                {
                    "type": "replied_to",
                    "id": "1505484294088642563"
                }
            ],
            "author_id": "150766223"
        },
        {
            "created_at": "2022-03-20T16:49:58.000Z",
            "text": "@VodafoneUK #InternationalDayOfHappiness I’m so happy when I go visit my baby girl at uni",
            "id": "1505587464349564933",
            "referenced_tweets": [
                {
                    "type": "replied_to",
                    "id": "1505484294088642563"
                }
            ],
            "author_id": "383169990"
        },
        {
            "created_at": "2022-03-20T16:48:43.000Z",
            "text": "@VodafoneUK #DreamHoliday I'd be wrestling an Aardvark in Costa Rica!",
            "id": "1505587149277700103",
            "referenced_tweets": [
                {
                    "type": "replied_to",
                    "id": "1503778049203924994"
                }
            ],
            "author_id": "3167273529"
        },
        {
            "created_at": "2022-03-20T16:34:58.000Z",
            "text": "@VodafoneUK i'm so happy when i saw your face",
            "id": "1505583689165647876",
            "referenced_tweets": [
                {
                    "type": "replied_to",
                    "id": "1505484294088642563"
                }
            ],
            "author_id": "2398017625"
        },
        {
            "created_at": "2022-03-20T16:31:32.000Z",
            "text": "@VodafoneUK I’m so happy when you get to my house today please thank you all for my birthday gift #VodafoneTreats",
            "id": "1505582826569318402",
            "referenced_tweets": [
                {
                    "type": "replied_to",
                    "id": "1505484294088642563"
                }
            ],
            "author_id": "1493239256898224135"
        },
        {
            "created_at": "2022-03-20T16:26:13.000Z",
            "text": "@VodafoneUK here we go again then……are you illiterate? Can your team not read the supposed notes captured from the last 5 months of messages and calls I’ve had to make to you. Repeatedly. Sort this out now!!!!!!! https://t.co/YrKjWj1qBs",
            "id": "1505581486044594181",
            "author_id": "17646802"
        },
        {
            "created_at": "2022-03-20T16:25:52.000Z",
            "text": "@VodafoneUK I’m so happy when I get a signal with Vodafone!",
            "id": "1505581397288833026",
            "referenced_tweets": [
                {
                    "type": "replied_to",
                    "id": "1505484294088642563"
                }
            ],
            "author_id": "363146204"
        },
        {
            "created_at": "2022-03-20T16:22:11.000Z",
            "text": "@VodafoneUK #VodaphoneTreats\nI'm so happy when I have seen the last few months of winter go and the sun comes out.",
            "id": "1505580472419721217",
            "referenced_tweets": [
                {
                    "type": "replied_to",
                    "id": "1505484294088642563"
                }
            ],
            "author_id": "979411542616788992"
        },
        {
            "created_at": "2022-03-20T16:16:28.000Z",
            "text": "@VodafoneUK I’m so happy when we are home safe love love this love love it baby baby I’m happy for Christmas #VodafoneTreats",
            "id": "1505579032460603394",
            "referenced_tweets": [
                {
                    "type": "replied_to",
                    "id": "1505484294088642563"
                }
            ],
            "author_id": "163061010"
        },
        {
            "created_at": "2022-03-20T16:16:09.000Z",
            "text": "@VodafoneUK I’m so happy when you call",
            "id": "1505578951938387976",
            "referenced_tweets": [
                {
                    "type": "replied_to",
                    "id": "1505484294088642563"
                }
            ],
            "author_id": "164633252"
        },
        {
            "created_at": "2022-03-20T16:15:44.000Z",
            "text": "@Eddystone506 @VodafoneUK Must be a Tory MP doing one of their second jobs 😉",
            "id": "1505578847131086853",
            "referenced_tweets": [
                {
                    "type": "replied_to",
                    "id": "1505575714019495940"
                }
            ],
            "author_id": "34895373"
        },
        {
            "created_at": "2022-03-20T16:12:39.000Z",
            "text": "@VodafoneUK I’m so happy when …\n\n- Good things come to those who wait \n\nOn this #InternationalDayofHappiness",
            "id": "1505578072359247877",
            "referenced_tweets": [
                {
                    "type": "replied_to",
                    "id": "1505484294088642563"
                }
            ],
            "author_id": "46400491"
        },
        {
            "created_at": "2022-03-20T16:08:55.000Z",
            "text": "@VodafoneUK #VodafoneTreats I’m so happy when you are home and you have to do it all day with me 😆😅",
            "id": "1505577132591828993",
            "referenced_tweets": [
                {
                    "type": "replied_to",
                    "id": "1505484294088642563"
                }
            ],
            "author_id": "543476925"
        },
        {
            "created_at": "2022-03-20T15:57:10.000Z",
            "text": "@VodafoneUK “I’m so happy when you’re here and you have no idea what you’re doing with your life.” I could go on. I think it could get dark. #VodafoneTreats  #InternationalDayOfHappiness",
            "id": "1505574177121656841",
            "referenced_tweets": [
                {
                    "type": "replied_to",
                    "id": "1505484294088642563"
                }
            ],
            "author_id": "242695970"
        },
        {
            "created_at": "2022-03-20T15:55:20.000Z",
            "text": "@VodafoneUK #InternationalDayOfHappiness I’m so happy when I have time for my family",
            "id": "1505573716981428225",
            "referenced_tweets": [
                {
                    "type": "replied_to",
                    "id": "1505484294088642563"
                }
            ],
            "author_id": "31425049"
        },
        {
            "created_at": "2022-03-20T15:47:17.000Z",
            "text": "@VodafoneUK I'm so happy when I get a chance to look at the moment I am not sure if you have any questions",
            "id": "1505571688179765254",
            "referenced_tweets": [
                {
                    "type": "replied_to",
                    "id": "1505484294088642563"
                }
            ],
            "author_id": "19645453"
        },
        {
            "created_at": "2022-03-20T15:46:57.000Z",
            "text": "@VodafoneUK I'm so happy when I have a feeling we're end of the world\n\nOh. #VodafoneTreats",
            "id": "1505571607028379653",
            "referenced_tweets": [
                {
                    "type": "replied_to",
                    "id": "1505484294088642563"
                }
            ],
            "author_id": "17450919"
        },
        {
            "created_at": "2022-03-20T15:46:39.000Z",
            "text": "@VodafoneUK I'm so happy when Parmesan has a hat on #VodafoneTreats #InternationalDayOfHappiness https://t.co/XYjhFbZkV8",
            "id": "1505571530486472714",
            "referenced_tweets": [
                {
                    "type": "replied_to",
                    "id": "1505484294088642563"
                }
            ],
            "author_id": "37005779"
        },
        {
            "created_at": "2022-03-20T15:46:32.000Z",
            "text": "@VodafoneUK mobile internet speeds very slow these last couple of days, websites not loading, very frustrating. Service affected in London?",
            "id": "1505571499905794052",
            "author_id": "219039018"
        },
        {
            "created_at": "2022-03-20T15:46:18.000Z",
            "text": "@VodafoneUK I'm so happy when you come back so much easier now though and you know what we have a lot more to do #vodafonetreats #happybirhdaytome I'm 47 today xx",
            "id": "1505571440824889348",
            "referenced_tweets": [
                {
                    "type": "replied_to",
                    "id": "1505484294088642563"
                }
            ],
            "author_id": "99702909"
        },
        {
            "created_at": "2022-03-20T15:45:22.000Z",
            "text": "@VodafoneUK I’m so happy for you and your family and your love of the queen 👸     😂🤣",
            "id": "1505571208678494215",
            "referenced_tweets": [
                {
                    "type": "replied_to",
                    "id": "1505484294088642563"
                }
            ],
            "author_id": "18860971"
        },
        {
            "created_at": "2022-03-20T15:37:34.000Z",
            "text": "@VodafoneUK I'm so happy when i eat your birthday cake 🎂😂\n\n#InternationalDayOfHappiness",
            "id": "1505569241772457987",
            "referenced_tweets": [
                {
                    "type": "replied_to",
                    "id": "1505484294088642563"
                }
            ],
            "author_id": "41894658"
        },
        {
            "created_at": "2022-03-20T15:26:42.000Z",
            "text": "@VodafoneUK please check your direct messages",
            "id": "1505566510592442375",
            "author_id": "196774724"
        },
        {
            "created_at": "2022-03-20T15:15:33.000Z",
            "text": "@VodafoneUK I’m so happy when you’re in the sun ☀️ #InternationalDayOfHappiness",
            "id": "1505563701851693063",
            "referenced_tweets": [
                {
                    "type": "replied_to",
                    "id": "1505484294088642563"
                }
            ],
            "author_id": "41199281"
        },
        {
            "created_at": "2022-03-20T15:12:01.000Z",
            "text": "@VodafoneUK I'm so happy when I have a lovely day and I love you so much for the birthday wishes (lol its was my birthday the other day) #VodafoneTreats",
            "id": "1505562815830106114",
            "referenced_tweets": [
                {
                    "type": "replied_to",
                    "id": "1505484294088642563"
                }
            ],
            "author_id": "370399238"
        },
        {
            "created_at": "2022-03-20T15:08:32.000Z",
            "text": "@VodafoneUK I am so happy when Vodafone get my bill rong and I have to pay the full amount by the end of the month 😂",
            "id": "1505561938348191750",
            "referenced_tweets": [
                {
                    "type": "replied_to",
                    "id": "1505484294088642563"
                }
            ],
            "author_id": "1401928608768212992"
        },
        {
            "created_at": "2022-03-20T15:00:10.000Z",
            "text": "@VodafoneUK I'm so happy when you get a follow back on my way home from work.",
            "id": "1505559833637961733",
            "referenced_tweets": [
                {
                    "type": "replied_to",
                    "id": "1505484294088642563"
                }
            ],
            "author_id": "153391583"
        },
        {
            "created_at": "2022-03-20T14:49:21.000Z",
            "text": "@VodafoneUK I'm so happy when I get a chance to win #VodafoneTreats especially on the \n#InternationalDayOfHappiness 🙏😜",
            "id": "1505557108313542662",
            "referenced_tweets": [
                {
                    "type": "replied_to",
                    "id": "1505484294088642563"
                }
            ],
            "author_id": "618950810"
        },
        {
            "created_at": "2022-03-20T14:46:27.000Z",
            "text": "@VodafoneUK .... When I'm holding a cup of hot tea and sat outside #InternationalDayOfHappiness",
            "id": "1505556377858723840",
            "referenced_tweets": [
                {
                    "type": "replied_to",
                    "id": "1505484294088642563"
                }
            ],
            "author_id": "980773418583908353"
        },
        {
            "created_at": "2022-03-20T14:45:00.000Z",
            "text": "@VodafoneUK I'm so happy when you get home and you squat on my feet",
            "id": "1505556016435539970",
            "referenced_tweets": [
                {
                    "type": "replied_to",
                    "id": "1505484294088642563"
                }
            ],
            "author_id": "774640819835904000"
        },
        {
            "created_at": "2022-03-20T14:43:56.000Z",
            "text": "@VodafoneUK Iam so happy-go-lucky when the sunshines 🌞 #VodafoneTreats",
            "id": "1505555748394311684",
            "referenced_tweets": [
                {
                    "type": "replied_to",
                    "id": "1505484294088642563"
                }
            ],
            "author_id": "120476200"
        },
        {
            "created_at": "2022-03-20T14:40:41.000Z",
            "text": "@VodafoneUK I'm so happy when spring springs and the sun shines ☀️🥰 #InternationalDayOfHappiness https://t.co/I8ye8KRHTA",
            "id": "1505554928814723072",
            "referenced_tweets": [
                {
                    "type": "replied_to",
                    "id": "1505484294088642563"
                }
            ],
            "author_id": "70648118"
        },
        {
            "created_at": "2022-03-20T14:36:03.000Z",
            "text": "@VodafoneUK Hunting for a lost city in the Philippines",
            "id": "1505553764249395208",
            "referenced_tweets": [
                {
                    "type": "replied_to",
                    "id": "1503778049203924994"
                }
            ],
            "author_id": "39044484"
        },
        {
            "created_at": "2022-03-20T14:33:17.000Z",
            "text": "@VodafoneUK I'm so happy when you have a great patio \n🪴🌷🌺🌿🌼 #InternationalDayOfHappiness #VodafoneTreats",
            "id": "1505553064920555520",
            "referenced_tweets": [
                {
                    "type": "replied_to",
                    "id": "1505484294088642563"
                }
            ],
            "author_id": "1306881801575686146"
        },
        {
            "created_at": "2022-03-20T14:29:17.000Z",
            "text": "@VodafoneUK I'm so happy when the sky is blue and the sun is here #InternationalDayOfHappiness",
            "id": "1505552057700397058",
            "referenced_tweets": [
                {
                    "type": "replied_to",
                    "id": "1505484294088642563"
                }
            ],
            "author_id": "20985858"
        },
        {
            "created_at": "2022-03-20T14:28:46.000Z",
            "text": "@VodafoneUK I'm so happy when I have a handful of people who have been taken in September 2021 🤔🤔",
            "id": "1505551927802802178",
            "referenced_tweets": [
                {
                    "type": "replied_to",
                    "id": "1505484294088642563"
                }
            ],
            "author_id": "2742943009"
        },
        {
            "created_at": "2022-03-20T14:01:44.000Z",
            "text": "@VodafoneUK #VodafoneTreats I’m so happy when I have time you will be happy",
            "id": "1505545124566249481",
            "referenced_tweets": [
                {
                    "type": "replied_to",
                    "id": "1505484294088642563"
                }
            ],
            "author_id": "273134199"
        },
        {
            "created_at": "2022-03-20T13:58:57.000Z",
            "text": "@VodafoneUK I'm so happy when I get a lovely roast dinner on a Sunday🤣\n#VodafoneTreats",
            "id": "1505544424289411077",
            "referenced_tweets": [
                {
                    "type": "replied_to",
                    "id": "1505484294088642563"
                }
            ],
            "author_id": "293178472"
        },
        {
            "created_at": "2022-03-20T13:47:43.000Z",
            "text": "@VodafoneUK I'm so happy when you have time to get something else from school tomorrow morning and tomorrow morning and tomorrow morning.\n🤔😂",
            "id": "1505541598679080964",
            "referenced_tweets": [
                {
                    "type": "replied_to",
                    "id": "1505484294088642563"
                }
            ],
            "author_id": "76942119"
        },
        {
            "created_at": "2022-03-20T13:39:55.000Z",
            "text": "@VodafoneUK I’m so happy when I get my food 🤤#InternationalDayOfHappiness #VodafoneTreats",
            "id": "1505539636067979264",
            "referenced_tweets": [
                {
                    "type": "replied_to",
                    "id": "1505484294088642563"
                }
            ],
            "author_id": "829689102"
        },
        {
            "created_at": "2022-03-20T13:36:23.000Z",
            "text": "@VodafoneUK I’m so happy with my family.",
            "id": "1505538747701604352",
            "referenced_tweets": [
                {
                    "type": "replied_to",
                    "id": "1505484294088642563"
                }
            ],
            "author_id": "160192939"
        },
        {
            "created_at": "2022-03-20T13:36:13.000Z",
            "text": "@VodafoneUK #VodafoneTreats I'm so happy when I have been asked to leave the office for the week and the team are working",
            "id": "1505538706815467520",
            "referenced_tweets": [
                {
                    "type": "replied_to",
                    "id": "1505484294088642563"
                }
            ],
            "author_id": "852261196837380098"
        },
        {
            "created_at": "2022-03-20T13:32:08.000Z",
            "text": "@VodafoneUK I don’t think it will happen again!",
            "id": "1505537675549458438",
            "referenced_tweets": [
                {
                    "type": "replied_to",
                    "id": "1505484294088642563"
                }
            ],
            "author_id": "3431435331"
        },
        {
            "created_at": "2022-03-20T13:31:56.000Z",
            "text": "@VodafoneUK I’m so happy when you are home 😊",
            "id": "1505537627222650880",
            "referenced_tweets": [
                {
                    "type": "replied_to",
                    "id": "1505484294088642563"
                }
            ],
            "author_id": "2517236098"
        },
        {
            "created_at": "2022-03-20T13:31:36.000Z",
            "text": "@VodafoneUK I'm so happy when you said you were a bit of a meltdown with dad last week and I hope you're okay and having a good time away from the book of the day Wendy believes that we have a deal for the weekend cause its been a couple of weeks since we last heard from you so",
            "id": "1505537544116744196",
            "referenced_tweets": [
                {
                    "type": "replied_to",
                    "id": "1505484294088642563"
                }
            ],
            "author_id": "773592924554657792"
        },
        {
            "created_at": "2022-03-20T13:26:37.000Z",
            "text": "@VodafoneUK I’m so happy when I have to go back home #InternationalDayOfHappiness",
            "id": "1505536289868857349",
            "referenced_tweets": [
                {
                    "type": "replied_to",
                    "id": "1505484294088642563"
                }
            ],
            "author_id": "1355122282268655617"
        },
        {
            "created_at": "2022-03-20T13:25:49.000Z",
            "text": "@VodafoneUK I’m so happy when you are home #VodafoneTreats #InternationalDayOfHappiness",
            "id": "1505536087078359047",
            "referenced_tweets": [
                {
                    "type": "replied_to",
                    "id": "1505484294088642563"
                }
            ],
            "author_id": "132565212"
        },
        {
            "created_at": "2022-03-20T13:12:30.000Z",
            "text": "@VodafoneUK I’m so happy when you are my best to have a great time with. #VodafoneTreats",
            "id": "1505532738438316038",
            "referenced_tweets": [
                {
                    "type": "replied_to",
                    "id": "1505484294088642563"
                }
            ],
            "author_id": "28638806"
        },
        {
            "created_at": "2022-03-20T13:11:36.000Z",
            "text": "@VodafoneUK I'm so happy when you get a chance to check in the morning and then we'll be in touch with you and your family 😂\n#InternationalDayOfHappiness #VodafoneTreats",
            "id": "1505532509802610688",
            "referenced_tweets": [
                {
                    "type": "replied_to",
                    "id": "1505484294088642563"
                }
            ],
            "author_id": "989514860261203969"
        },
        {
            "created_at": "2022-03-20T13:09:39.000Z",
            "text": "@VodafoneUK Maybe edit this and change auto correct to predict",
            "id": "1505532020851625984",
            "referenced_tweets": [
                {
                    "type": "replied_to",
                    "id": "1505484294088642563"
                }
            ],
            "author_id": "1244063115630858241"
        },
        {
            "created_at": "2022-03-20T13:08:15.000Z",
            "text": "@VodafoneUK I'm so happy when you get back from a very long weekend",
            "id": "1505531665854128131",
            "referenced_tweets": [
                {
                    "type": "replied_to",
                    "id": "1505484294088642563"
                }
            ],
            "author_id": "889409698620985344"
        },
        {
            "created_at": "2022-03-20T12:55:30.000Z",
            "text": "@VodafoneUK I’m so happy when you’re ready to go for the walk in a park and then we can go see a movie 🍿 #InternationalDayOfHappiness",
            "id": "1505528459514286089",
            "referenced_tweets": [
                {
                    "type": "replied_to",
                    "id": "1505484294088642563"
                }
            ],
            "author_id": "76747157"
        },
        {
            "created_at": "2022-03-20T12:49:39.000Z",
            "text": "@VodafoneUK I realise Tesco mobile are offering the same priced tariff for the same amount of months but with 5x the amount of data 😍 (and I've been with Vodafone for 17 years...)",
            "id": "1505526988013981696",
            "referenced_tweets": [
                {
                    "type": "replied_to",
                    "id": "1505484294088642563"
                }
            ],
            "author_id": "803266874549137408"
        },
        {
            "created_at": "2022-03-20T12:44:31.000Z",
            "text": "@VodafoneUK I'm so happy when you get back from a couple more weeks away and I'm just so tired you don't want me know what they say they don't want me #Vodaphonetreats",
            "id": "1505525693534322690",
            "referenced_tweets": [
                {
                    "type": "replied_to",
                    "id": "1505484294088642563"
                }
            ],
            "author_id": "2968029167"
        },
        {
            "created_at": "2022-03-20T12:39:54.000Z",
            "text": "@VodafoneUK I’m so happy when you are here for me 🤣🤣",
            "id": "1505524533922521099",
            "referenced_tweets": [
                {
                    "type": "replied_to",
                    "id": "1505484294088642563"
                }
            ],
            "author_id": "2316931869"
        },
        {
            "created_at": "2022-03-20T12:34:12.000Z",
            "text": "@VodafoneUK I'm so happy when I have never played with the s20's in the last couple of years....\n#VodafoneTreats",
            "id": "1505523096765227013",
            "referenced_tweets": [
                {
                    "type": "replied_to",
                    "id": "1505484294088642563"
                }
            ],
            "author_id": "937232965196795904"
        },
        {
            "created_at": "2022-03-20T12:34:03.000Z",
            "text": "@VodafoneUK I'm so happy when I get a chance to share with you and your family and friends for a while to get the latest flash player is required for video playback is unavailable right now because this video is not available on this device is not available on this device is not available on",
            "id": "1505523060484579339",
            "referenced_tweets": [
                {
                    "type": "replied_to",
                    "id": "1505484294088642563"
                }
            ],
            "author_id": "70805270"
        },
        {
            "created_at": "2022-03-20T12:29:50.000Z",
            "text": "@VodafoneUK I'm so happy when you are all alone in a bid for a new orchestra.",
            "id": "1505522000571338753",
            "referenced_tweets": [
                {
                    "type": "replied_to",
                    "id": "1505484294088642563"
                }
            ],
            "author_id": "211662593"
        },
        {
            "created_at": "2022-03-20T12:29:04.000Z",
            "text": "@VodafoneUK When I actually get a signal!!",
            "id": "1505521806303707139",
            "referenced_tweets": [
                {
                    "type": "replied_to",
                    "id": "1505484294088642563"
                }
            ],
            "author_id": "279201546"
        },
        {
            "created_at": "2022-03-20T12:27:38.000Z",
            "text": "@VodafoneUK #VodafoneTreats\n\nI’m so happy when I have a new phone and I love you 😍 \n\n#InternationalDayOfHappiness",
            "id": "1505521443509051405",
            "referenced_tweets": [
                {
                    "type": "replied_to",
                    "id": "1505484294088642563"
                }
            ],
            "author_id": "827646397"
        },
        {
            "created_at": "2022-03-20T12:21:48.000Z",
            "text": "@VodafoneUK I’m so happy when I get home and I don’t have to do anything #VodafoneTreats",
            "id": "1505519976400277511",
            "referenced_tweets": [
                {
                    "type": "replied_to",
                    "id": "1505484294088642563"
                }
            ],
            "author_id": "907810153"
        },
        {
            "created_at": "2022-03-20T12:21:29.000Z",
            "text": "@VodafoneUK I’m so happy when you are home and I will be able to help you with the kids #VodafoneTreats #InternationalDayOfHappiness",
            "id": "1505519896721084421",
            "referenced_tweets": [
                {
                    "type": "replied_to",
                    "id": "1505484294088642563"
                }
            ],
            "author_id": "1118969672454615041"
        },
        {
            "created_at": "2022-03-20T12:21:06.000Z",
            "text": "@VodafoneUK I’m so happy when… you are home safe!",
            "id": "1505519800348549126",
            "referenced_tweets": [
                {
                    "type": "replied_to",
                    "id": "1505484294088642563"
                }
            ],
            "author_id": "249545535"
        },
        {
            "created_at": "2022-03-20T12:20:15.000Z",
            "text": "@VodafoneUK I'm so happy when you say you don't like football",
            "id": "1505519586631892992",
            "referenced_tweets": [
                {
                    "type": "replied_to",
                    "id": "1505484294088642563"
                }
            ],
            "author_id": "2487236884"
        },
        {
            "created_at": "2022-03-20T12:19:06.000Z",
            "text": "@VodafoneUK …I saw your face ❤️ \n#InternationalDayOfHappiness https://t.co/OroIWNHwH7",
            "id": "1505519298055393288",
            "referenced_tweets": [
                {
                    "type": "replied_to",
                    "id": "1505484294088642563"
                }
            ],
            "author_id": "2831643698"
        },
        {
            "created_at": "2022-03-20T12:15:22.000Z",
            "text": "@VodafoneUK I’m so happy when the sun shines bright, it makes me happy. ☀️😎 #InternationalDayOfHappiness",
            "id": "1505518358384553987",
            "referenced_tweets": [
                {
                    "type": "replied_to",
                    "id": "1505484294088642563"
                }
            ],
            "author_id": "2831832240"
        },
        {
            "created_at": "2022-03-20T12:13:03.000Z",
            "text": "@VodafoneUK Just wanted to say thank you to Customer Services, amazing personal experience and chose to commit for another 24 months. Thank you.",
            "id": "1505517773983821825",
            "author_id": "57285142"
        },
        {
            "created_at": "2022-03-20T12:11:20.000Z",
            "text": "@VodafoneUK the birds visit the garden #InternationalHappinessDay https://t.co/2YpgCmiJzD",
            "id": "1505517345116143621",
            "referenced_tweets": [
                {
                    "type": "replied_to",
                    "id": "1505484294088642563"
                }
            ],
            "author_id": "64056880"
        },
        {
            "created_at": "2022-03-20T12:10:43.000Z",
            "text": "@VodafoneUK I’m so happy when you get a moment thank goodness I will need you too lol #VodafoneTreats #InternationalDayOfHappiness",
            "id": "1505517187762737153",
            "referenced_tweets": [
                {
                    "type": "replied_to",
                    "id": "1505484294088642563"
                }
            ],
            "author_id": "2842548803"
        },
        {
            "created_at": "2022-03-20T12:10:14.000Z",
            "text": "@VodafoneUK I'm so happy when you have read your emails 😅",
            "id": "1505517068204060674",
            "referenced_tweets": [
                {
                    "type": "replied_to",
                    "id": "1505484294088642563"
                }
            ],
            "author_id": "922044476"
        },
        {
            "created_at": "2022-03-20T12:06:58.000Z",
            "text": "@VodafoneUK I’m so happy when I get home \n\n#InternationalDayOfHappiness",
            "id": "1505516246065942530",
            "referenced_tweets": [
                {
                    "type": "replied_to",
                    "id": "1505484294088642563"
                }
            ],
            "author_id": "275970391"
        },
        {
            "created_at": "2022-03-20T12:03:23.000Z",
            "text": "@VodafoneUK I’m so happy when I get to the point where I am so happy!",
            "id": "1505515343548141571",
            "referenced_tweets": [
                {
                    "type": "replied_to",
                    "id": "1505484294088642563"
                }
            ],
            "author_id": "66480461"
        },
        {
            "created_at": "2022-03-20T12:02:17.000Z",
            "text": "@VodafoneUK I’m so happy when you are home and you can get it to work on the time and you have a great time \n\n😆 turned predictive text on especially for this!",
            "id": "1505515065365213187",
            "referenced_tweets": [
                {
                    "type": "replied_to",
                    "id": "1505484294088642563"
                }
            ],
            "author_id": "437754276"
        },
        {
            "created_at": "2022-03-20T12:01:11.000Z",
            "text": "@VodafoneUK I’m so happy when you’re in your car lol 😂",
            "id": "1505514789673615363",
            "referenced_tweets": [
                {
                    "type": "replied_to",
                    "id": "1505484294088642563"
                }
            ],
            "author_id": "54736293"
        },
        {
            "created_at": "2022-03-20T12:00:59.000Z",
            "text": "@VodafoneUK Surprise me with #VodafoneTreats",
            "id": "1505514738616307720",
            "referenced_tweets": [
                {
                    "type": "replied_to",
                    "id": "1505484294088642563"
                }
            ],
            "author_id": "744457379224391680"
        },
        {
            "created_at": "2022-03-20T11:59:26.000Z",
            "text": "@VodafoneUK The sun shines #VodafoneTreats #InternationalDayOfHappiness",
            "id": "1505514346713079817",
            "referenced_tweets": [
                {
                    "type": "replied_to",
                    "id": "1505484294088642563"
                }
            ],
            "author_id": "1216289377544032257"
        },
        {
            "created_at": "2022-03-20T11:59:04.000Z",
            "text": "@VodafoneUK I’M so happy when you get back into the park and we will see how much we love and miss everyone…. https://t.co/eBHAHqk4df",
            "id": "1505514257248657408",
            "referenced_tweets": [
                {
                    "type": "replied_to",
                    "id": "1505484294088642563"
                }
            ],
            "author_id": "20391803"
        },
        {
            "created_at": "2022-03-20T11:56:48.000Z",
            "text": "@VodafoneUK I’m so happy when you are home safe and sound and relaxing 😂\n\n#InternationalDayOfHappiness",
            "id": "1505513685942517764",
            "referenced_tweets": [
                {
                    "type": "replied_to",
                    "id": "1505484294088642563"
                }
            ],
            "author_id": "837271780003885056"
        },
        {
            "created_at": "2022-03-20T11:56:03.000Z",
            "text": "@VodafoneUK I’m so happy when … I’m not going anywhere else but I’m going on the phone and I’m watching Netflix #VodafoneTreats #InternationalDayOfHappiness",
            "id": "1505513499337891844",
            "referenced_tweets": [
                {
                    "type": "replied_to",
                    "id": "1505484294088642563"
                }
            ],
            "author_id": "103375178"
        },
        {
            "created_at": "2022-03-20T11:54:35.000Z",
            "text": "@VodafoneUK I’m so happy when I see me dog Chester face especially when I get a treat 💕🐶 #VodafoneTreats",
            "id": "1505513127198265345",
            "referenced_tweets": [
                {
                    "type": "replied_to",
                    "id": "1505484294088642563"
                }
            ],
            "author_id": "1498592812064980992"
        },
        {
            "created_at": "2022-03-20T11:52:46.000Z",
            "text": "@VodafoneUK I’m so happy when you’re in a rush and I just need a break and I’ll be there for a few hours so I’ll be home by later on Friday if I need anything else I need you for dinner and I love my day and you guys too and I’ll be happy for today too good for me and I’ll let her be happy",
            "id": "1505512672099450881",
            "referenced_tweets": [
                {
                    "type": "replied_to",
                    "id": "1505484294088642563"
                }
            ],
            "author_id": "28327880"
        },
        {
            "created_at": "2022-03-20T11:52:07.000Z",
            "text": "@VodafoneUK The world isn't messed up, and people are at peace with each other.\n\nAnd United lose.",
            "id": "1505512506751655940",
            "referenced_tweets": [
                {
                    "type": "replied_to",
                    "id": "1505484294088642563"
                }
            ],
            "author_id": "4375618277"
        },
        {
            "created_at": "2022-03-20T11:51:26.000Z",
            "text": "@VodafoneUK I’m so happy when you are in the sun lol I just hope you’re having fun and I love it #InternationalDayOfHappiness",
            "id": "1505512333950529536",
            "referenced_tweets": [
                {
                    "type": "replied_to",
                    "id": "1505484294088642563"
                }
            ],
            "author_id": "2470801"
        },
        {
            "created_at": "2022-03-20T11:51:17.000Z",
            "text": "@VodafoneUK I'm so happy when I get a chance to look at the moment so I can help you with the phone\n\nHaha. I kept smashing the middle word 🤣 #VodafoneTreats",
            "id": "1505512299070640130",
            "referenced_tweets": [
                {
                    "type": "replied_to",
                    "id": "1505484294088642563"
                }
            ],
            "author_id": "37512310"
        },
        {
            "created_at": "2022-03-20T11:50:23.000Z",
            "text": "@SaulPampson @VodafoneUK He looks like a really good dog",
            "id": "1505512069692600321",
            "referenced_tweets": [
                {
                    "type": "replied_to",
                    "id": "1505484763364311040"
                }
            ],
            "author_id": "37743168"
        },
        {
            "created_at": "2022-03-20T11:48:59.000Z",
            "text": "@VodafoneUK I’m so happy when I get home from work and I have to have a meeting at the park",
            "id": "1505511718495076354",
            "referenced_tweets": [
                {
                    "type": "replied_to",
                    "id": "1505484294088642563"
                }
            ],
            "author_id": "27604253"
        },
        {
            "created_at": "2022-03-20T11:47:00.000Z",
            "text": "@VodafoneUK I’m so happy when you are home",
            "id": "1505511218051756034",
            "referenced_tweets": [
                {
                    "type": "replied_to",
                    "id": "1505484294088642563"
                }
            ],
            "author_id": "3300227489"
        },
        {
            "created_at": "2022-03-20T11:44:36.000Z",
            "text": "@VodafoneUK I’m so happy when I have a new phone and I’ll be back at the park later this afternoon and then I can have my dinner at the park and then we will have a drink for a bit more of the night before we head back home\n😂😂😂 Sounds pretty good to me 📱🌳🍽🍻🏡",
            "id": "1505510614059393024",
            "referenced_tweets": [
                {
                    "type": "replied_to",
                    "id": "1505484294088642563"
                }
            ],
            "author_id": "973229336529723394"
        },
        {
            "created_at": "2022-03-20T11:41:08.000Z",
            "text": "@VodafoneUK I'm so happy whenever I have adana with you for the long weekend about the new job I can get the money from the shop in a row with my account details so I have adana the amount I can get it for you xxx",
            "id": "1505509743489687553",
            "referenced_tweets": [
                {
                    "type": "replied_to",
                    "id": "1505484294088642563"
                }
            ],
            "author_id": "292626376"
        },
        {
            "created_at": "2022-03-20T11:37:47.000Z",
            "text": "@VodafoneUK I’m so happy when I collect my @O2 rewards! 😁😇",
            "id": "1505508899549585409",
            "referenced_tweets": [
                {
                    "type": "replied_to",
                    "id": "1505484294088642563"
                }
            ],
            "author_id": "62009956"
        },
        {
            "created_at": "2022-03-20T11:35:59.000Z",
            "text": "@VodafoneUK I'm so happy when I have a parcel to collect 😂😂😂\n\n#InternationalDayOfHappiness",
            "id": "1505508446434639872",
            "referenced_tweets": [
                {
                    "type": "replied_to",
                    "id": "1505484294088642563"
                }
            ],
            "author_id": "898845021738237953"
        },
        {
            "created_at": "2022-03-20T11:35:09.000Z",
            "text": "@VodafoneUK I’m so happy when you’re done and you have to do it all the way. 🤣 #VodafoneTreats",
            "id": "1505508237751336963",
            "referenced_tweets": [
                {
                    "type": "replied_to",
                    "id": "1505484294088642563"
                }
            ],
            "author_id": "30891441"
        },
        {
            "created_at": "2022-03-20T11:33:39.000Z",
            "text": "@VodafoneUK I am so happy when I have more time to look after my family together.",
            "id": "1505507861299974147",
            "referenced_tweets": [
                {
                    "type": "replied_to",
                    "id": "1505484294088642563"
                }
            ],
            "author_id": "1295874924"
        },
        {
            "created_at": "2022-03-20T11:33:31.000Z",
            "text": "@VodafoneUK I’m so happy when I receive a #VodafoneTreat #InternationalDayOfHappiness",
            "id": "1505507827468677127",
            "referenced_tweets": [
                {
                    "type": "replied_to",
                    "id": "1505484294088642563"
                }
            ],
            "author_id": "348528323"
        },
        {
            "created_at": "2022-03-20T11:32:52.000Z",
            "text": "@VodafoneUK I’m so happy when I have a look at the moment and I will look into the other day and get back to you on the beak of the course all next week too as I am currently working on the project so I will be back on Tuesday and Tuesday next week for the rest of the week and the rest",
            "id": "1505507663446265861",
            "referenced_tweets": [
                {
                    "type": "replied_to",
                    "id": "1505484294088642563"
                }
            ],
            "author_id": "42200662"
        },
        {
            "created_at": "2022-03-20T11:29:07.000Z",
            "text": "@VodafoneUK I'm so happy when we get drunk",
            "id": "1505506718888992768",
            "referenced_tweets": [
                {
                    "type": "replied_to",
                    "id": "1505484294088642563"
                }
            ],
            "author_id": "4859336085"
        },
        {
            "created_at": "2022-03-20T11:24:50.000Z",
            "text": "@VodafoneUK I'm so happy when I have kittens on the roundabout to work and they all give out free merchandise 😆😂🤣😆😂🤣 #VodafoneTreats 🎁📲🎉 #InternationalDayOfHappiness 😊😘❤",
            "id": "1505505641833672707",
            "referenced_tweets": [
                {
                    "type": "replied_to",
                    "id": "1505484294088642563"
                }
            ],
            "author_id": "288924330"
        },
        {
            "created_at": "2022-03-20T11:24:47.000Z",
            "text": "@VodafoneUK I’m so happy when the Sun is shining and the sky is blue #InternationalDayOfHappiness. #VodafoneTreats https://t.co/5h28rkZ0Xi",
            "id": "1505505627233308673",
            "referenced_tweets": [
                {
                    "type": "replied_to",
                    "id": "1505484294088642563"
                }
            ],
            "author_id": "882464576834555904"
        },
        {
            "created_at": "2022-03-20T11:24:14.000Z",
            "text": "@VodafoneUK I can test negative and leave the house in this gorgeous weather🦠🌞",
            "id": "1505505490029133824",
            "referenced_tweets": [
                {
                    "type": "replied_to",
                    "id": "1505484294088642563"
                }
            ],
            "author_id": "742523720"
        }
    ],
    "includes": {
        "users": [
            {
                "location": "Chelmsford ..... Essex.....",
                "name": "Smilie Sarah 😁",
                "username": "smiliesarah",
                "id": "20637713"
            },
            {
                "name": "Lee Price",
                "username": "Anobeithiol",
                "id": "150766223"
            },
            {
                "name": "Jennifer Toal",
                "username": "jennifer_toal",
                "id": "383169990"
            },
            {
                "location": "England, United Kingdom",
                "name": "Sue Damant",
                "username": "suedamant",
                "id": "3167273529"
            },
            {
                "name": "G",
                "username": "snowtiger444",
                "id": "2398017625"
            },
            {
                "name": "Agnus",
                "username": "bookaddictz99",
                "id": "1493239256898224135"
            },
            {
                "location": "iPhone: 51.710171,-3.435433",
                "name": "Rhianne Lewis",
                "username": "Rhianne82",
                "id": "17646802"
            },
            {
                "location": "West Lothian",
                "name": "Victoria Torrance",
                "username": "mrstoritorres",
                "id": "363146204"
            },
            {
                "location": "South East, England",
                "name": "StellaFeighan",
                "username": "stellacroner",
                "id": "979411542616788992"
            },
            {
                "location": "North east uk",
                "name": "dean boyle",
                "username": "operationboyler",
                "id": "163061010"
            },
            {
                "location": "West Midlands, England",
                "name": "Philip Rogers",
                "username": "one_philrogers",
                "id": "164633252"
            },
            {
                "location": "UK",
                "name": "Rachel ❤️🇺🇦🌻 Slava Ukraini",
                "username": "rach0907",
                "id": "34895373"
            },
            {
                "name": "David George",
                "username": "sn00bie",
                "id": "46400491"
            },
            {
                "name": "steph",
                "username": "smiffy_1984",
                "id": "543476925"
            },
            {
                "location": "Scotland",
                "name": "Dave 🏴󠁧󠁢󠁳󠁣󠁴󠁿",
                "username": "BigGrumpyHaggis",
                "id": "242695970"
            },
            {
                "location": "Edinburgh, Scotland",
                "name": "Catriona Welch",
                "username": "catbyrne_",
                "id": "31425049"
            },
            {
                "location": "the universe milkyway galaxy ",
                "name": "/\/\\477 🏴󠁧󠁢󠁥󠁮󠁧󠁿",
                "username": "CyberMaxpower",
                "id": "19645453"
            },
            {
                "location": "Shrewsbury, England",
                "name": "Laura (A4719184)",
                "username": "LauraCow",
                "id": "17450919"
            },
            {
                "location": "Surrounded by books & flowers",
                "name": "Daisybeebee 💙",
                "username": "Aceso84",
                "id": "37005779"
            },
            {
                "location": "#TeamLeftFootRightFoot",
                "name": "Jack Lancefield",
                "username": "JackLancefield",
                "id": "219039018"
            },
            {
                "name": "✨keithybabes✨",
                "username": "Keithybabes2k15",
                "id": "99702909"
            },
            {
                "location": "Southampton, England",
                "name": "Andy Lumsden",
                "username": "Lummo",
                "id": "18860971"
            },
            {
                "location": "england ",
                "name": "Staceyhillx",
                "username": "staceyhillx",
                "id": "41894658"
            },
            {
                "name": "Steven Gradidge",
                "username": "StevenGradidge",
                "id": "196774724"
            },
            {
                "location": "United Kingdom",
                "name": "Tayla Courtice",
                "username": "TaylaCourtice",
                "id": "41199281"
            },
            {
                "location": "NORTH WEST",
                "name": "💗DANIELLE V💗",
                "username": "tinkertink2010",
                "id": "370399238"
            },
            {
                "name": "John Brooke",
                "username": "JohnBro72984163",
                "id": "1401928608768212992"
            },
            {
                "location": "𝚂𝚊𝚟𝚎 𝚆𝚊𝚛𝚙",
                "name": "𓂓𓈙‎𓆑𓀀",
                "username": "Kodanshi",
                "id": "153391583"
            },
            {
                "name": "Karen Louise ☮️🌻🇺🇦",
                "username": "chinaheart7",
                "id": "618950810"
            },
            {
                "location": "Wiltshire, South West England ",
                "name": "Onion",
                "username": "Wizarding_about",
                "id": "980773418583908353"
            },
            {
                "location": "uranus",
                "name": "jim guy",
                "username": "Chunky_Lover__",
                "id": "774640819835904000"
            },
            {
                "location": "#Norwich #Norfolk UK",
                "name": "Sherieann",
                "username": "RedRoses4",
                "id": "120476200"
            },
            {
                "name": "mrs_meep",
                "username": "mrs_meep",
                "id": "70648118"
            },
            {
                "location": "England",
                "name": "Gillian Hitchen",
                "username": "GillybeansH",
                "id": "39044484"
            },
            {
                "location": "Tyne and Wear, England",
                "name": "Michelle 💫",
                "username": "Michelle_C_123",
                "id": "1306881801575686146"
            },
            {
                "location": "Scotland, United Kingdom",
                "name": "miicha m",
                "username": "miichamontaz",
                "id": "20985858"
            },
            {
                "location": "Bonnie Scotland",
                "name": "furkhanda haxton",
                "username": "fur_khanda",
                "id": "2742943009"
            },
            {
                "location": "leicester",
                "name": "Zoey Deacon",
                "username": "Zoey_d1",
                "id": "273134199"
            },
            {
                "name": "RickyGallagherHarris",
                "username": "rickyh80",
                "id": "293178472"
            },
            {
                "location": "Hell, MI",
                "name": "grex9101",
                "username": "grex9101",
                "id": "76942119"
            },
            {
                "location": "Preston | Manchester, UK",
                "name": "Joe Roscoe",
                "username": "Joe_Roscoe",
                "id": "829689102"
            },
            {
                "location": "anywhere, but here",
                "name": "Dave Milne",
                "username": "PHC419",
                "id": "160192939"
            },
            {
                "name": "Illy Mus 💙",
                "username": "illymus",
                "id": "852261196837380098"
            },
            {
                "location": "South West, England",
                "name": "Darren",
                "username": "Darrenjs68",
                "id": "3431435331"
            },
            {
                "location": "London, England",
                "name": "kate chambers #gotyourbacknhs",
                "username": "thatsgoodgravy",
                "id": "2517236098"
            },
            {
                "location": "Essex",
                "name": "Jake Taylor",
                "username": "jstphotos",
                "id": "773592924554657792"
            },
            {
                "name": "Mummy2Maisie",
                "username": "MaisieMummy2",
                "id": "1355122282268655617"
            },
            {
                "name": "sarah tinker",
                "username": "tinkerbull3110",
                "id": "132565212"
            },
            {
                "location": "Bristol, UK",
                "name": "Leah The Zebra 🎭🦓",
                "username": "Leah_The_Zebra",
                "id": "28638806"
            },
            {
                "location": "England, United Kingdom",
                "name": "Richard",
                "username": "NameIsRichard",
                "id": "989514860261203969"
            },
            {
                "location": "Glasgow, Scotland",
                "name": "Brian Yuill",
                "username": "yuill_r",
                "id": "1244063115630858241"
            },
            {
                "location": "East Midlands, England",
                "name": "Kelly Whitlam",
                "username": "The1stkidsnova",
                "id": "889409698620985344"
            },
            {
                "location": "Wales, United Kingdom",
                "name": "Samantha Coles",
                "username": "misssamc",
                "id": "76747157"
            },
            {
                "location": "England, United Kingdom",
                "name": "Jamie Robertson",
                "username": "jamrobertso",
                "id": "803266874549137408"
            },
            {
                "location": "Spalding, England",
                "name": "Joy Chapman",
                "username": "jschapman4",
                "id": "2968029167"
            },
            {
                "name": "Clare Payne",
                "username": "clarepe007",
                "id": "2316931869"
            },
            {
                "location": "Wales, United Kingdom",
                "name": "Darth Fluff 🏴󠁧󠁢󠁷󠁬󠁳󠁿🇺🇦",
                "username": "BarryJohnWilli3",
                "id": "937232965196795904"
            },
            {
                "location": "naughtyrobott@gmail.com",
                "name": "Naughtyrobot",
                "username": "naughtyrob0t",
                "id": "70805270"
            },
            {
                "location": "Herefordshire",
                "name": "Hannah West 💙",
                "username": "hljwest",
                "id": "211662593"
            },
            {
                "name": "Anthony Pierce",
                "username": "anthonyjpierce",
                "id": "279201546"
            },
            {
                "location": "Chesterfield, England",
                "name": "Kirsty Lou",
                "username": "kloubear88",
                "id": "827646397"
            },
            {
                "location": "Wigan",
                "name": "Sarah Charnock",
                "username": "sarahc1986",
                "id": "907810153"
            },
            {
                "location": "United Kingdom",
                "name": "UFCJayDog",
                "username": "JayDogUFC",
                "id": "1118969672454615041"
            },
            {
                "location": "Dahn Sarf. UK",
                "name": "Shandy Mandy",
                "username": "ShandyMandys",
                "id": "249545535"
            },
            {
                "location": "here there and everywhere 👽📻",
                "name": "Kelly #teamlegend/#teamyounglives shaw",
                "username": "KellyShaw31",
                "id": "2487236884"
            },
            {
                "location": "London/Miami ",
                "name": "Michael ✈️🌴😎🏊🏻‍♂️",
                "username": "swimforce01",
                "id": "2831643698"
            },
            {
                "location": "London, England",
                "name": "Grant",
                "username": "Builtough",
                "id": "2831832240"
            },
            {
                "name": "Sundip Kainth",
                "username": "SundipKainth",
                "id": "57285142"
            },
            {
                "location": "London",
                "name": "Juliette 💕",
                "username": "clarateddy",
                "id": "64056880"
            },
            {
                "location": "Hertfordshire, UK",
                "name": "Sophie Barnett 🦜",
                "username": "BirdNerdSophie",
                "id": "2842548803"
            },
            {
                "location": "North West, England",
                "name": "Jack Thompson",
                "username": "thompsonjack18",
                "id": "922044476"
            },
            {
                "name": "Daisy",
                "username": "daisyhands_95",
                "id": "275970391"
            },
            {
                "location": "St Leonards on Sea",
                "name": "Estelle Vessey 💙🥳😍🙏✈️",
                "username": "essievessey",
                "id": "66480461"
            },
            {
                "location": "Ipswich, Suffolk",
                "name": "Kirsty O",
                "username": "Therealspubble",
                "id": "437754276"
            },
            {
                "location": "Gloucester, England",
                "name": "🇬🇧 Jonny Dawes 🇺🇦",
                "username": "elcloak",
                "id": "54736293"
            },
            {
                "name": "rl",
                "username": "Eagereaderr",
                "id": "744457379224391680"
            },
            {
                "location": "Liverpool, England",
                "name": "Paul",
                "username": "Paul19RedTitles",
                "id": "1216289377544032257"
            },
            {
                "location": "Galashiels, Scottish Borders",
                "name": "Mark Timmins",
                "username": "marktimmins",
                "id": "20391803"
            },
            {
                "location": "United Kingdom",
                "name": "ᒪeigh",
                "username": "countluckula",
                "id": "837271780003885056"
            },
            {
                "location": "Edinburgh, Scotland",
                "name": "LadyT",
                "username": "LadyAngelaT",
                "id": "103375178"
            },
            {
                "location": "North East, England",
                "name": "Margate 📚 🌈 🍀",
                "username": "Anagram_60",
                "id": "1498592812064980992"
            },
            {
                "location": "England, United Kingdom",
                "name": "Sam (@🏡)",
                "username": "s_hambles",
                "id": "28327880"
            },
            {
                "location": "Manchester, England",
                "name": "Antony .🤟🇺🇦",
                "username": "kippaxmcfc1",
                "id": "4375618277"
            },
            {
                "location": "Preston, UK",
                "name": "Rob Lawton",
                "username": "roblawton",
                "id": "2470801"
            },
            {
                "location": "Suffolk, England",
                "name": "Richard Conway",
                "username": "wickdaman",
                "id": "37512310"
            },
            {
                "location": "Views My Own",
                "name": "Jordan Ashley",
                "username": "NC3FXX",
                "id": "37743168"
            },
            {
                "name": "Dawn Spooner",
                "username": "tiamilodolly",
                "id": "27604253"
            },
            {
                "name": "Charlstarking16",
                "username": "CharlieOhara4",
                "id": "3300227489"
            },
            {
                "name": "Sue Marsden 💙",
                "username": "SueMarsden16",
                "id": "973229336529723394"
            },
            {
                "location": "Sunderland",
                "name": "Ben Tye",
                "username": "bentyeboom",
                "id": "292626376"
            },
            {
                "location": "Norwich, UK",
                "name": "Chris Greenfield",
                "username": "chris_greenf",
                "id": "62009956"
            },
            {
                "location": "Yorkshire ",
                "name": "Alison",
                "username": "TheOnlyAlisonL",
                "id": "898845021738237953"
            },
            {
                "location": "Derby UK",
                "name": "Tig",
                "username": "TigOfTheDump",
                "id": "30891441"
            },
            {
                "location": "Burnley, England",
                "name": "noman asghar",
                "username": "nomiasg",
                "id": "1295874924"
            },
            {
                "name": "DazRB1878",
                "username": "DarrenBarnard1",
                "id": "348528323"
            },
            {
                "location": "London UK",
                "name": "ⒿⓌ",
                "username": "itsjasonwhite",
                "id": "42200662"
            },
            {
                "location": "Yer maw",
                "name": "Ferguson x",
                "username": "ShaunboiOrigins",
                "id": "4859336085"
            },
            {
                "name": "Sarah",
                "username": "Ladysarahlondon",
                "id": "288924330"
            },
            {
                "location": "Yorkshire and The Humber",
                "name": "jackie graham",
                "username": "Bobblebaggins",
                "id": "882464576834555904"
            },
            {
                "location": "UK",
                "name": "Sarah 😍💕",
                "username": "wiltshiregal",
                "id": "742523720"
            }
        ],
        "tweets": [
            {
                "created_at": "2022-03-20T10:00:00.000Z",
                "text": "Use auto-correct to finish this sentence and we could surprise you with #VodafoneTreats\n\nI’m so happy when…\n\n#InternationalDayOfHappiness",
                "id": "1505484294088642563",
                "author_id": "20678384"
            },
            {
                "created_at": "2022-03-15T17:00:00.000Z",
                "text": "Want to #WIN a Very Big Spring Getaway worth up to 10k? 🏝️\n\nUse #DreamHoliday and our generator to tell us what you'll be doing on it.\n\nCheck out #VeryMeRewards in the My Vodafone app for the chance to win more prizes 🎁\n\nTerms apply (ends 31/03/2022)👇\n\nhttps://t.co/HpXCBf8v0Z https://t.co/NkxMV6hdDp",
                "id": "1503778049203924994",
                "author_id": "20678384"
            },
            {
                "created_at": "2022-03-20T16:03:17.000Z",
                "text": "@VodafoneUK It would be so much easier if you just gave me the answer :)",
                "id": "1505575714019495940",
                "referenced_tweets": [
                    {
                        "type": "replied_to",
                        "id": "1505572930482282498"
                    }
                ],
                "author_id": "866010939916775425"
            }
        ]
    },
    "errors": [
        {
            "value": "1505484763364311040",
            "detail": "Could not find tweet with referenced_tweets.id: [1505484763364311040].",
            "title": "Not Found Error",
            "resource_type": "tweet",
            "parameter": "referenced_tweets.id",
            "resource_id": "1505484763364311040",
            "type": "https://api.twitter.com/2/problems/resource-not-found"
        }
    ],
    "meta": {
        "oldest_id": "1505505490029133824",
        "newest_id": "1505590191741939714",
        "previous_token": "77qpymm88g5h9vqklurc09njbk4l18y7lfzkoeolq65v8",
        "result_count": 100,
        "next_token": "7140dibdnow9c7btw420ju566xgdjkmwoydgh9g4vnpys"
    }
}