{
    "data": [
        {
            "author_id": "375286819",
            "text": "I changed from @EE to @TheO2 as frankly was about £15 cheaper a month: I now know why. I live in Bham, hardly the sticks, but I've never any signal, get 3G mostly and yet to see a 5g so far. Not really fit for purpose currently 🙄 don't do it.",
            "created_at": "2022-03-21T16:23:03.000Z",
            "id": "1505943078984630273"
        },
        {
            "author_id": "787951830353534976",
            "text": "@TootinandBeepin @O2 @EE What. WHAT.",
            "created_at": "2022-03-21T16:22:13.000Z",
            "referenced_tweets": [
                {
                    "type": "replied_to",
                    "id": "1505937540414640128"
                }
            ],
            "id": "1505942866102738954"
        },
        {
            "author_id": "869349509872136192",
            "text": "@EE Hi, I live in the East Lindsay area and for the past hour have had no signal at all. I am unable to make or receive calls or texts. Any help would be much appreciated. 😁",
            "created_at": "2022-03-21T16:15:21.000Z",
            "referenced_tweets": [
                {
                    "type": "replied_to",
                    "id": "1505801381738954757"
                }
            ],
            "id": "1505941139081338893"
        },
        {
            "author_id": "2429595887",
            "text": "@EE \nNOT IMPRESSED! Upgraded 10 days ago with a 7-day delivery..rang store today and told delayed.  No idea when they are getting it? Not the fault of the shop staff! They only go by what they're told! \nSeriously considering cancelling?",
            "created_at": "2022-03-21T16:15:06.000Z",
            "id": "1505941077307674625"
        },
        {
            "author_id": "19773901",
            "text": "@EE Prices going up mid-contract coz other providers do it? Surely you'd get more more customers if you didnt do that. I'm looking at Tesco Mobile. They DON'T do it.",
            "created_at": "2022-03-21T16:14:30.000Z",
            "referenced_tweets": [
                {
                    "type": "replied_to",
                    "id": "1498717329911435269"
                }
            ],
            "id": "1505940927738744840"
        },
        {
            "author_id": "753399763",
            "text": "@EE why are you allowing fraudulent activity from @PlayStation on our accounts? This is unacceptable!!",
            "created_at": "2022-03-21T16:05:10.000Z",
            "id": "1505938575342415891"
        },
        {
            "author_id": "733465814",
            "text": "@helloimnicholas @O2 @EE U going series 7? I won one on a raffle! https://t.co/MqAAYZ8Hjs",
            "created_at": "2022-03-21T16:01:03.000Z",
            "referenced_tweets": [
                {
                    "type": "replied_to",
                    "id": "1505922567445561349"
                }
            ],
            "id": "1505937540414640128"
        },
        {
            "author_id": "2510661390",
            "text": "@AIDANTURNER4 @mattfrei @EE @kevinbacon As I just wrote to Matt, Three kept talking about ‘our protocols’ ; translated means devices and constraints to rob customers.",
            "created_at": "2022-03-21T15:59:04.000Z",
            "referenced_tweets": [
                {
                    "type": "replied_to",
                    "id": "1505887978706587652"
                }
            ],
            "id": "1505937040642297859"
        },
        {
            "author_id": "117798721",
            "text": "@mattfrei @EE @kevinbacon Have a word with your colleague @deandunham 👍👍",
            "created_at": "2022-03-21T15:56:57.000Z",
            "referenced_tweets": [
                {
                    "type": "replied_to",
                    "id": "1505883089238642691"
                }
            ],
            "id": "1505936508615860231"
        },
        {
            "author_id": "2510661390",
            "text": "@mattfrei @86Shyguy @EE @kevinbacon Cancel the DDs seems to appropriate more helpful response. The whole industry is programmed by what they call ‘our protocols’ by which they mean devices to con customers.",
            "created_at": "2022-03-21T15:56:51.000Z",
            "referenced_tweets": [
                {
                    "type": "replied_to",
                    "id": "1505883907316723719"
                }
            ],
            "id": "1505936484221788176"
        },
        {
            "author_id": "92623637",
            "text": "@mattfrei @EE @kevinbacon Isn’t it because Bernie made off with all his money ?",
            "created_at": "2022-03-21T15:45:07.000Z",
            "referenced_tweets": [
                {
                    "type": "replied_to",
                    "id": "1505883089238642691"
                }
            ],
            "id": "1505933531096227847"
        },
        {
            "author_id": "1499278944687869952",
            "text": "@mattfrei @EE @kevinbacon yeah… but it rhymes.",
            "created_at": "2022-03-21T15:40:52.000Z",
            "referenced_tweets": [
                {
                    "type": "replied_to",
                    "id": "1505883089238642691"
                }
            ],
            "id": "1505932461263491072"
        },
        {
            "author_id": "352463710",
            "text": "@EE But then EE have reintroduced roaming charges which is a disgrace.",
            "created_at": "2022-03-21T15:31:41.000Z",
            "referenced_tweets": [
                {
                    "type": "replied_to",
                    "id": "1496791102606782472"
                }
            ],
            "id": "1505930150063620102"
        },
        {
            "author_id": "1164227729417539585",
            "text": "@helloimnicholas @O2 @EE Yep I can recommend @EE as well, nice customer service",
            "created_at": "2022-03-21T15:26:13.000Z",
            "referenced_tweets": [
                {
                    "type": "replied_to",
                    "id": "1505922567445561349"
                }
            ],
            "id": "1505928773337759749"
        },
        {
            "author_id": "1334840309684051968",
            "text": "I need @Apple or @EE to bring back call merging.",
            "created_at": "2022-03-21T15:25:59.000Z",
            "id": "1505928717750747136"
        },
        {
            "author_id": "317121765",
            "text": "@EE @Callum93096897 Any Chance Of Reply To My Tweet",
            "created_at": "2022-03-21T15:24:54.000Z",
            "referenced_tweets": [
                {
                    "type": "replied_to",
                    "id": "1505924131992207363"
                }
            ],
            "id": "1505928444982575105"
        },
        {
            "author_id": "990952066951589889",
            "text": "@BAFTAGames @EE Pretty sure it's gonna be It Takes Two",
            "created_at": "2022-03-21T15:23:05.000Z",
            "referenced_tweets": [
                {
                    "type": "replied_to",
                    "id": "1505920955411058691"
                }
            ],
            "id": "1505927984968052739"
        },
        {
            "author_id": "41682174",
            "text": "Another brilliant day out with @LiteratiTo 👏🏽 unbelievable how much stuff has been dumped in one small stretch. Brilliant work 💛 @EE https://t.co/VV988YGUyq",
            "created_at": "2022-03-21T15:20:49.000Z",
            "referenced_tweets": [
                {
                    "type": "quoted",
                    "id": "1505910275605676037"
                }
            ],
            "id": "1505927417386393602"
        },
        {
            "author_id": "787951830353534976",
            "text": "@markhwork @O2 @EE Good to know ❤️ thank you!",
            "created_at": "2022-03-21T15:16:36.000Z",
            "referenced_tweets": [
                {
                    "type": "replied_to",
                    "id": "1505925298734391298"
                }
            ],
            "id": "1505926356089065479"
        },
        {
            "author_id": "746134876793999360",
            "text": "@helloimnicholas @O2 @EE @EE are fantastic. Never had an issue and the reception is great. Also they have the fastest 5G of all the networks. I’ve had similar poor experience with @O2",
            "created_at": "2022-03-21T15:12:24.000Z",
            "referenced_tweets": [
                {
                    "type": "replied_to",
                    "id": "1505922567445561349"
                }
            ],
            "id": "1505925298734391298"
        },
        {
            "author_id": "1454782929566109696",
            "text": "@EE o2 have been terrible since the start of the pandemic.",
            "created_at": "2022-03-21T15:06:10.000Z",
            "referenced_tweets": [
                {
                    "type": "replied_to",
                    "id": "1496791394735771648"
                }
            ],
            "id": "1505923728550604800"
        },
        {
            "author_id": "109924051",
            "text": "@EE Have done - thank you",
            "created_at": "2022-03-21T15:02:56.000Z",
            "referenced_tweets": [
                {
                    "type": "replied_to",
                    "id": "1505898178436124681"
                }
            ],
            "id": "1505922917183504392"
        },
        {
            "author_id": "787951830353534976",
            "text": "Worst customer service from @O2 today. Pushy salesperson +++. You would have had a customer buying a new apple watch today but seen as though you call me ‘stupid’ for not upgrading my phone (which is a 3 year contract which *you* provide) at same time I’ll think I’ll go see @EE",
            "created_at": "2022-03-21T15:01:33.000Z",
            "id": "1505922567445561349"
        },
        {
            "author_id": "1016744626747772931",
            "text": "@EE at least your online chat people don’t ignore customers, but really!! Because I was told 14 days for delivery, you are actually making me wait until the 14th day to deliver my phone! What a shambles, I think your awards you win are made up 😂",
            "created_at": "2022-03-21T15:00:39.000Z",
            "id": "1505922341490118660"
        },
        {
            "author_id": "317121765",
            "text": "@EE Hello !!!!!!!!",
            "created_at": "2022-03-21T15:00:36.000Z",
            "id": "1505922328554835969"
        },
        {
            "author_id": "308946809",
            "text": "📢🎮THE CHOICE IS YOURS🎮📢\n\nYou still have time to vote for this years #EEGameOfTheYear, the only #BAFTAGames Award decided by YOU! \n\nVoting closes Friday 1st April (no joke) so be sure to have your say and cast your vote now!  👇👇👇\n@EE",
            "created_at": "2022-03-21T14:55:09.000Z",
            "id": "1505920955411058691"
        },
        {
            "author_id": "711897046622593024",
            "text": "@mattfrei @EE @kevinbacon Join the club!!! I left then years ago and seems there's been no improvement",
            "created_at": "2022-03-21T14:54:31.000Z",
            "referenced_tweets": [
                {
                    "type": "replied_to",
                    "id": "1505883089238642691"
                }
            ],
            "id": "1505920797730344962"
        },
        {
            "author_id": "317121765",
            "text": "@EE Need To Speak To Someone Cos I Need To Register My Simcard",
            "created_at": "2022-03-21T14:51:17.000Z",
            "id": "1505919982227574784"
        },
        {
            "author_id": "762387610878799872",
            "text": "@BAFTAGames @EE Still have to check out The Forgotten City!",
            "created_at": "2022-03-21T14:48:57.000Z",
            "referenced_tweets": [
                {
                    "type": "replied_to",
                    "id": "1505919154074927104"
                }
            ],
            "id": "1505919397021560840"
        },
        {
            "author_id": "176465053",
            "text": "@EE guys I’m in Italy right now. Usually based in UK, I wanted to use my data but it’s not even connecting to the network can you help please?",
            "created_at": "2022-03-21T14:39:37.000Z",
            "id": "1505917050048454663"
        },
        {
            "author_id": "793840820",
            "text": "@EE Sent DM",
            "created_at": "2022-03-21T14:36:56.000Z",
            "referenced_tweets": [
                {
                    "type": "replied_to",
                    "id": "1505884814615977991"
                }
            ],
            "id": "1505916370847997958"
        },
        {
            "author_id": "1445093679446872083",
            "text": "@connordoner @mattfrei @EE @kevinbacon Peace be with you",
            "created_at": "2022-03-21T14:26:48.000Z",
            "referenced_tweets": [
                {
                    "type": "replied_to",
                    "id": "1505909761312702464"
                }
            ],
            "id": "1505913823697461256"
        },
        {
            "author_id": "769134102796697600",
            "text": "Love to see our @EE teams using their volunteering days to play their part in their local communities 💪\n\nAwesome stuff, Brian and team. https://t.co/BolJRQCENL",
            "created_at": "2022-03-21T14:23:16.000Z",
            "referenced_tweets": [
                {
                    "type": "quoted",
                    "id": "1505910275605676037"
                }
            ],
            "id": "1505912933431361540"
        },
        {
            "author_id": "1505910149994762243",
            "text": "@EE Can you help me! I suddenly have no signal where I usually have 4 full bars. And when I have signal it’s 1 bar and very weak!",
            "created_at": "2022-03-21T14:13:52.000Z",
            "referenced_tweets": [
                {
                    "type": "replied_to",
                    "id": "1505801381738954757"
                }
            ],
            "id": "1505910565977440260"
        },
        {
            "author_id": "20013105",
            "text": "@EE Perfect! Thank you!!!",
            "created_at": "2022-03-21T14:13:42.000Z",
            "referenced_tweets": [
                {
                    "type": "replied_to",
                    "id": "1505909980221919239"
                }
            ],
            "id": "1505910527477927939"
        },
        {
            "author_id": "39838696",
            "text": "@EE It was the normal colour (turquoise) but flashing constantly. After a couple of hours it turned red, then yellow and then constantly the normal colour showing it had come back on.",
            "created_at": "2022-03-21T14:11:33.000Z",
            "referenced_tweets": [
                {
                    "type": "replied_to",
                    "id": "1505908705052745728"
                }
            ],
            "id": "1505909986026733574"
        },
        {
            "author_id": "767443016642617344",
            "text": "@Julie_annMurray @mattfrei @EE @kevinbacon I mean, I assumed it wasn’t obvious, given that most people know little about MVNOs, but go off, I guess?",
            "created_at": "2022-03-21T14:10:40.000Z",
            "referenced_tweets": [
                {
                    "type": "replied_to",
                    "id": "1505908461195902991"
                }
            ],
            "id": "1505909761312702464"
        },
        {
            "author_id": "769134102796697600",
            "text": "Some incredible colleagues doing incredible things – all while keeping our customers connected.\n\nIn fact, our engineers keep everything connected, from the @bt_uk exchanges, data centres and radio sites to the thousands of @EE mobile masts across the UK. https://t.co/FEuym6jE3x",
            "created_at": "2022-03-21T14:10:26.000Z",
            "id": "1505909701770452992"
        },
        {
            "author_id": "941254327464792069",
            "text": "@EE mis-selling is a criminal offence in the UK",
            "created_at": "2022-03-21T14:05:44.000Z",
            "id": "1505908519471616003"
        },
        {
            "author_id": "1445093679446872083",
            "text": "@connordoner @mattfrei @EE @kevinbacon Yes that is true thanks for pointing out the obvious...bt must have better customer service i think",
            "created_at": "2022-03-21T14:05:30.000Z",
            "referenced_tweets": [
                {
                    "type": "replied_to",
                    "id": "1505905081807519755"
                }
            ],
            "id": "1505908461195902991"
        },
        {
            "author_id": "941254327464792069",
            "text": "@EE beware of ee mis-selling, they promise the world and delivery the moon. be very sure to get a copy of the conversation as they will deny every having had it",
            "created_at": "2022-03-21T14:05:21.000Z",
            "id": "1505908423904444420"
        },
        {
            "author_id": "767443016642617344",
            "text": "@Julie_annMurray @mattfrei @EE @kevinbacon Who, ironically, use EE for their mobile service. 😂",
            "created_at": "2022-03-21T13:52:04.000Z",
            "referenced_tweets": [
                {
                    "type": "replied_to",
                    "id": "1505888459151523845"
                }
            ],
            "id": "1505905081807519755"
        },
        {
            "author_id": "18689388",
            "text": "@BrightKnight15 @Offcom @Number10press @VodafoneGroup @O2 @EE @ThreeUK Hi there, improving mobile coverage is a priority area for Ofcom. This work is ongoing and you can find further information regarding this in our proposed plan of work for 2022/2023 here: https://t.co/0OP0wziGkk",
            "created_at": "2022-03-21T13:50:49.000Z",
            "referenced_tweets": [
                {
                    "type": "replied_to",
                    "id": "1505256111934476291"
                }
            ],
            "id": "1505904767335342081"
        },
        {
            "author_id": "613777289",
            "text": "@mattfrei @86Shyguy @EE @kevinbacon Having also had extremely poor service, incorrect sales and information (as well as an \"earworm\" from holding on the phone for so long for their so-called customer service) I left @EE a few years ago and would never recommend them.",
            "created_at": "2022-03-21T13:48:14.000Z",
            "referenced_tweets": [
                {
                    "type": "replied_to",
                    "id": "1505883907316723719"
                }
            ],
            "id": "1505904117654429697"
        },
        {
            "author_id": "30011995",
            "text": "Anyone else having issues while talking on their mobile phones?  I’m with EE and someone else is with ID @EE",
            "created_at": "2022-03-21T13:44:00.000Z",
            "id": "1505903050283700226"
        },
        {
            "author_id": "2239704847",
            "text": "@EE signal has gone down in my area on 3 of the mobile numbers in the contract",
            "created_at": "2022-03-21T13:43:27.000Z",
            "id": "1505902913243291649"
        },
        {
            "author_id": "39838696",
            "text": "@EE Home broadband - it actually came back on about an hour ago but it was down for about 3 hours.",
            "created_at": "2022-03-21T13:36:48.000Z",
            "referenced_tweets": [
                {
                    "type": "replied_to",
                    "id": "1505898978772144130"
                }
            ],
            "id": "1505901240139632645"
        },
        {
            "author_id": "577258339",
            "text": "@mattfrei @EE @kevinbacon Until we start valuing customer service over cheapest price every time we’ll keep on getting shafted by companies.",
            "created_at": "2022-03-21T13:36:24.000Z",
            "referenced_tweets": [
                {
                    "type": "replied_to",
                    "id": "1505883089238642691"
                }
            ],
            "id": "1505901138054459397"
        },
        {
            "author_id": "1492067223904653317",
            "text": "@EE can someone tell me when my order will be dispached. Just ill need to make sure that someone is in to take the delivery",
            "created_at": "2022-03-21T13:35:38.000Z",
            "id": "1505900947519807491"
        },
        {
            "author_id": "75998744",
            "text": "@mattfrei @EE @kevinbacon Reading this while in a call queue with NatWest for two hours. Waiting now just out of curiosity as to what the agent has to say when I let go of my bottled up thoughts mostly about the most bloody awful music I have ever had to listen to.",
            "created_at": "2022-03-21T13:33:49.000Z",
            "referenced_tweets": [
                {
                    "type": "replied_to",
                    "id": "1505883089238642691"
                }
            ],
            "id": "1505900490370031617"
        },
        {
            "author_id": "1113164132247896065",
            "text": "@EE Hello! How do I go about claiming my free galaxy airbuds? It's been about 14 days since my phone arrived- do I need to do something to claim? Thanks",
            "created_at": "2022-03-21T13:33:30.000Z",
            "referenced_tweets": [
                {
                    "type": "replied_to",
                    "id": "1505801381738954757"
                }
            ],
            "id": "1505900410539843585"
        },
        {
            "author_id": "861393045362622464",
            "text": "@EE quick q. since the S22 ultra is still not expected for a while, will I still be able to claim the galaxy buds since I ordered before the deadline? Or will eligibility for this this go off the delivery date?",
            "created_at": "2022-03-21T13:28:44.000Z",
            "id": "1505899208741687305"
        },
        {
            "author_id": "436188756",
            "text": "@EE Very confused as to why you have closed my complaint case when nothing has been resolved at all.",
            "created_at": "2022-03-21T13:24:14.000Z",
            "referenced_tweets": [
                {
                    "type": "replied_to",
                    "id": "1503488616714186756"
                }
            ],
            "id": "1505898079203074051"
        },
        {
            "author_id": "109924051",
            "text": "@EE It keeps saying we can’t show you extra charges and has done that for two months though there are charges",
            "created_at": "2022-03-21T13:22:13.000Z",
            "referenced_tweets": [
                {
                    "type": "replied_to",
                    "id": "1505859137036562433"
                }
            ],
            "id": "1505897567690928142"
        },
        {
            "author_id": "1476931808407207942",
            "text": "@fam_central Very nice.....\n@Hasanzadeh2021 \n@Hamidngn @hamidam007 @masoud749 @EE",
            "created_at": "2022-03-21T13:20:54.000Z",
            "referenced_tweets": [
                {
                    "type": "replied_to",
                    "id": "1504747308701093892"
                }
            ],
            "id": "1505897238916128773"
        },
        {
            "author_id": "1470559836790304778",
            "text": "@wizzair @EE £31.50 and your operative was of no help whatsoever, plus no notification that the call was a premium call. @Ofcom is this acceptable? @ee has rescinded the cost somewhat by issuing a £20 credit however @wizzair this is completely out of order! Helpline…helping whom?",
            "created_at": "2022-03-21T13:20:16.000Z",
            "referenced_tweets": [
                {
                    "type": "replied_to",
                    "id": "1505893308022857728"
                }
            ],
            "id": "1505897078622461952"
        },
        {
            "author_id": "1278066564881932290",
            "text": "@EE Thanks Tom. Just did that, and it sends me to apple muslic. I sign into my account and still the same. The 6 month offer isnt linked to my account.",
            "created_at": "2022-03-21T13:18:27.000Z",
            "referenced_tweets": [
                {
                    "type": "replied_to",
                    "id": "1505895491292340226"
                }
            ],
            "id": "1505896619878895624"
        },
        {
            "author_id": "1459816214",
            "text": "@EE Pretty irrelevant if you don’t live in Leeds",
            "created_at": "2022-03-21T13:13:59.000Z",
            "referenced_tweets": [
                {
                    "type": "replied_to",
                    "id": "1496791394735771648"
                }
            ],
            "id": "1505895495885074439"
        },
        {
            "author_id": "20013105",
            "text": "Hi @EE what's the delivery time for the free laptops?\n\nGot my new phone 2 weeks ago just checking the difference for that delivery.",
            "created_at": "2022-03-21T13:07:35.000Z",
            "id": "1505893889072377861"
        },
        {
            "author_id": "1505869214523228163",
            "text": "@ee 　r18-20、男女不問、 #RTしたnrさんで気になった人お迎え https://t.co/Qom0Ogttzg",
            "created_at": "2022-03-21T13:06:23.000Z",
            "referenced_tweets": [
                {
                    "type": "quoted",
                    "id": "1505871878086602753"
                }
            ],
            "id": "1505893584310255619"
        },
        {
            "author_id": "624837541",
            "text": "@StuffnThingsEXL @EE Hi Em, the rate per minute is stated on our official website below the phone number after selecting the country you are calling from. Thank you for your understanding. https://t.co/th7YMTeRwK",
            "created_at": "2022-03-21T13:05:17.000Z",
            "referenced_tweets": [
                {
                    "type": "replied_to",
                    "id": "1505884065177636865"
                }
            ],
            "id": "1505893308022857728"
        },
        {
            "author_id": "48964881",
            "text": "@EE please could someone contact me regarding the return of an upgrade. I have requested the return but keep getting messages about my new plan. Surely the new plan is cancelled if I return the upgrade??",
            "created_at": "2022-03-21T13:03:21.000Z",
            "id": "1505892821915639810"
        },
        {
            "author_id": "36248564",
            "text": "@EE Ok thanks. Would I have to call to change the phone colour if the upgrade has already been placed? Thanks",
            "created_at": "2022-03-21T13:02:22.000Z",
            "referenced_tweets": [
                {
                    "type": "replied_to",
                    "id": "1505890949121159177"
                }
            ],
            "id": "1505892575890317312"
        },
        {
            "author_id": "114428324",
            "text": "Customer Advisor Role @EE in #Hounslow \n\nInfo/Apply: https://t.co/NQv3ViiZ6v\n\n#WestLondonJobs #RetailJobs https://t.co/HuBbvAWzyd",
            "created_at": "2022-03-21T13:02:17.000Z",
            "id": "1505892555266961417"
        },
        {
            "author_id": "128665131",
            "text": "@EE Want to say a big THANK YOU to Irish Matthew who just helped me sort my phone out before my holiday! He was so friendly and funny, talking to him made the 10 min wait totally worth it! Thanks a bunch Matthew! 😊",
            "created_at": "2022-03-21T12:59:43.000Z",
            "referenced_tweets": [
                {
                    "type": "replied_to",
                    "id": "1505801381738954757"
                }
            ],
            "id": "1505891909360918531"
        },
        {
            "author_id": "36248564",
            "text": "@EE Cheers Tom. Last question. The EE website says “estimated dispatch within 7 days” the upgrades team states within 28 days. \n\nWhich is it more likely to be? As I’ll order a different colour if possible to get it sooner",
            "created_at": "2022-03-21T12:54:27.000Z",
            "referenced_tweets": [
                {
                    "type": "replied_to",
                    "id": "1505890012105084928"
                }
            ],
            "id": "1505890582744416265"
        },
        {
            "author_id": "90918950",
            "text": "@BenjaminBallA @EE @kevinbacon Good idea",
            "created_at": "2022-03-21T12:50:27.000Z",
            "referenced_tweets": [
                {
                    "type": "replied_to",
                    "id": "1505889421039595521"
                }
            ],
            "id": "1505889577223049216"
        },
        {
            "author_id": "1496927350075842564",
            "text": "@mattfrei @EE @kevinbacon Happens to us all Matt",
            "created_at": "2022-03-21T12:49:09.000Z",
            "referenced_tweets": [
                {
                    "type": "replied_to",
                    "id": "1505883089238642691"
                }
            ],
            "id": "1505889249962434569"
        },
        {
            "author_id": "1409506730288033796",
            "text": "@mattfrei @EE @kevinbacon You’re never far from being let down by a mobile supplier. Isn’t there a rule, three degrees of Kevin Bacon or something?",
            "created_at": "2022-03-21T12:48:17.000Z",
            "referenced_tweets": [
                {
                    "type": "replied_to",
                    "id": "1505883089238642691"
                }
            ],
            "id": "1505889029132374025"
        },
        {
            "author_id": "1445093679446872083",
            "text": "@mattfrei @EE @kevinbacon Oh dear...im with bt and they are good!",
            "created_at": "2022-03-21T12:46:01.000Z",
            "referenced_tweets": [
                {
                    "type": "replied_to",
                    "id": "1505883089238642691"
                }
            ],
            "id": "1505888459151523845"
        },
        {
            "author_id": "540113771",
            "text": "@mattfrei @EE @kevinbacon I was with their predecessor, T Mobile. They broke promises on my tarrif and when I wanted to leave, did everything they could to prevent me. Seems like a Cultural tradition. In contrast, Tesco Mobile have been first rate.",
            "created_at": "2022-03-21T12:44:06.000Z",
            "referenced_tweets": [
                {
                    "type": "replied_to",
                    "id": "1505883089238642691"
                }
            ],
            "id": "1505887978706587652"
        },
        {
            "author_id": "1525784034",
            "text": "@mattfrei @EE @kevinbacon Just switch to @giffgaff I’ve never looked back. I agree that EE are an appalling network",
            "created_at": "2022-03-21T12:42:20.000Z",
            "referenced_tweets": [
                {
                    "type": "replied_to",
                    "id": "1505883089238642691"
                }
            ],
            "id": "1505887532998926340"
        },
        {
            "author_id": "869966942437855237",
            "text": "@mattfrei @EE @kevinbacon Should of told them you know Jon Snow it might of carried a bit more weight to the argument.",
            "created_at": "2022-03-21T12:41:11.000Z",
            "referenced_tweets": [
                {
                    "type": "replied_to",
                    "id": "1505883089238642691"
                }
            ],
            "id": "1505887245395447812"
        },
        {
            "author_id": "18948717",
            "text": "@EE It doesn't seem to be any better, sadly.",
            "created_at": "2022-03-21T12:40:57.000Z",
            "referenced_tweets": [
                {
                    "type": "replied_to",
                    "id": "1505871368675643394"
                }
            ],
            "id": "1505887184640954374"
        },
        {
            "author_id": "436663600",
            "text": "@mattfrei @EE @kevinbacon Whatever you’ve bought from them, you usually have 30 days to send it back",
            "created_at": "2022-03-21T12:30:36.000Z",
            "referenced_tweets": [
                {
                    "type": "replied_to",
                    "id": "1505883089238642691"
                }
            ],
            "id": "1505884581060296710"
        },
        {
            "author_id": "1361629133541937153",
            "text": "@mattfrei @EE @kevinbacon Oh wow, I'm sorry. Take a walk around the office and have a mug of coffee.",
            "created_at": "2022-03-21T12:30:13.000Z",
            "referenced_tweets": [
                {
                    "type": "replied_to",
                    "id": "1505883907316723719"
                }
            ],
            "id": "1505884482620043264"
        },
        {
            "author_id": "750419144118591488",
            "text": "@mattfrei @EE @kevinbacon Threaten to leave, this is the only way to get anything sorted with call-centre indifference/incompetence.",
            "created_at": "2022-03-21T12:30:01.000Z",
            "referenced_tweets": [
                {
                    "type": "replied_to",
                    "id": "1505883089238642691"
                }
            ],
            "id": "1505884432615489537"
        },
        {
            "author_id": "160633456",
            "text": "@EE any updates on when the s22+ will be in stock? I've been waiting over 2 weeks",
            "created_at": "2022-03-21T12:29:24.000Z",
            "id": "1505884276654579715"
        },
        {
            "author_id": "1470559836790304778",
            "text": "Dear @EE I’ve been charged £31 for a phone call to @wizzair last month, it lasted 14 minutes, it was a UK number and at no point was I made aware that exorbitant charges were liable. Any reason why this has happened? Does this sound right to you?",
            "created_at": "2022-03-21T12:28:33.000Z",
            "id": "1505884065177636865"
        },
        {
            "author_id": "1434890973134401545",
            "text": "@mattfrei @EE @kevinbacon Money?",
            "created_at": "2022-03-21T12:28:07.000Z",
            "referenced_tweets": [
                {
                    "type": "replied_to",
                    "id": "1505883089238642691"
                }
            ],
            "id": "1505883954515263495"
        },
        {
            "author_id": "90918950",
            "text": "@86Shyguy @EE @kevinbacon Too angry to elaborate right now. I would just avoid them at all cost.",
            "created_at": "2022-03-21T12:27:56.000Z",
            "referenced_tweets": [
                {
                    "type": "replied_to",
                    "id": "1505883483146788866"
                }
            ],
            "id": "1505883907316723719"
        },
        {
            "author_id": "1361629133541937153",
            "text": "@mattfrei @EE @kevinbacon Do you care to elaborate to save others from being trapped in the same way?",
            "created_at": "2022-03-21T12:26:15.000Z",
            "referenced_tweets": [
                {
                    "type": "replied_to",
                    "id": "1505883089238642691"
                }
            ],
            "id": "1505883483146788866"
        },
        {
            "author_id": "90918950",
            "text": "Just off the phone with @EE who not only did not apologise for their misleading sales info but have refused outright to find a solution. Appalled @kevinbacon how could you lend your talents to that lot?",
            "created_at": "2022-03-21T12:24:41.000Z",
            "id": "1505883089238642691"
        },
        {
            "author_id": "7736072",
            "text": "@SMARTYMobileUK nothing to say? Looks like I am off to @EE for their stonking 160GB for £20 deal then.",
            "created_at": "2022-03-21T12:21:18.000Z",
            "referenced_tweets": [
                {
                    "type": "replied_to",
                    "id": "1504392420057882628"
                }
            ],
            "id": "1505882240701677569"
        },
        {
            "author_id": "35767597",
            "text": "@mikeydee1986 @EE @MartinSLewis Raising bills isn’t cool – especially at a time like this. With us, your prices stay fixed, so you know exactly where you stand. If it’s fixed prices and peace of mind you’re after, come jump aboard our trolley. Switch and save now 👍 - Laura",
            "created_at": "2022-03-21T12:19:01.000Z",
            "referenced_tweets": [
                {
                    "type": "replied_to",
                    "id": "1505859021105991681"
                }
            ],
            "id": "1505881666165874689"
        },
        {
            "author_id": "1681961",
            "text": "COMPANIES; @EE looking at you; please stop cold calling people for 'confirmations'. For people like me who are hearing impaired it's seriously annoying. EMAIL FIRST THEN CALL.",
            "created_at": "2022-03-21T12:18:38.000Z",
            "id": "1505881569394937856"
        },
        {
            "author_id": "1080072106841436161",
            "text": "@EE payed half it won’t let me set up new card until rest due April no option set up card when tried",
            "created_at": "2022-03-21T12:09:38.000Z",
            "id": "1505879303627718668"
        },
        {
            "author_id": "2290317713",
            "text": "had to call an american postal company to track something and have been charged £19 for a 5 min call are @EE taking the mick",
            "created_at": "2022-03-21T12:04:46.000Z",
            "id": "1505878077179584514"
        },
        {
            "author_id": "3201019738",
            "text": "@EE No, there were several better competitor offers that I quoted.",
            "created_at": "2022-03-21T12:02:42.000Z",
            "referenced_tweets": [
                {
                    "type": "replied_to",
                    "id": "1505871351294447616"
                }
            ],
            "id": "1505877557803208708"
        },
        {
            "author_id": "1492058773690929152",
            "text": "@ee 、        𓐄 上から、 #Nrさんのお友達がこれをRtしてくれるはずなのでRtして気になる人お迎え  𝘸𝘢𝘵𝘢𝘯𝘢𝘣𝘦 𝘴𝘩𝘰𝘵𝘢 𓐄",
            "created_at": "2022-03-21T11:58:20.000Z",
            "referenced_tweets": [
                {
                    "type": "replied_to",
                    "id": "1505137297905582081"
                }
            ],
            "id": "1505876460535685121"
        },
        {
            "author_id": "821066481115037696",
            "text": "@EE @EE I purchased a s22 ultra last week and not any updates on when it will be dispatched. Anything you can check?",
            "created_at": "2022-03-21T11:52:57.000Z",
            "referenced_tweets": [
                {
                    "type": "replied_to",
                    "id": "1505801381738954757"
                }
            ],
            "id": "1505875105913655302"
        },
        {
            "author_id": "3469351636",
            "text": "@EE Speed performance is identical across both. Dreadful on 5G",
            "created_at": "2022-03-21T11:50:08.000Z",
            "referenced_tweets": [
                {
                    "type": "replied_to",
                    "id": "1496793006099337221"
                }
            ],
            "id": "1505874396992397317"
        },
        {
            "author_id": "899204161589432320",
            "text": "@EE Hello, I'm currently experiencing heavy broadband issues this week. I've sent across a DM with all of the information if somebody could take a look please. Thank you",
            "created_at": "2022-03-21T11:46:33.000Z",
            "id": "1505873492532727813"
        },
        {
            "author_id": "102973030",
            "text": "@EE hey I sent a dm about an add on I ordered, which said it would be dispatched within 14 days.\nIt's 14 days now but still nothing?",
            "created_at": "2022-03-21T11:42:56.000Z",
            "id": "1505872586034581510"
        },
        {
            "author_id": "1035640447882944513",
            "text": "@EE I have £10 credit but my £10 pack hasn't automatically started today. It keeps telling me I don't have enough credit. Are you having issues?",
            "created_at": "2022-03-21T11:42:42.000Z",
            "id": "1505872525053603844"
        },
        {
            "author_id": "1505869214523228163",
            "text": "@ee 　みんなの彼氏。俺。て言ってもわかんない人多いだろうから自己紹介。某王子様アイドル、じんぐーじです。如何せんタチなもんで、甘えんのは苦手。その分誰よりも1番に可愛がってあげるから愛に飢えてる子は、俺んとこおいで。一応18禁なので、そういうの苦手な子は回れ右。",
            "created_at": "2022-03-21T11:40:08.000Z",
            "id": "1505871878086602753"
        },
        {
            "author_id": "1016744626747772931",
            "text": "@EE you got any answers or you still going to ignore your customers",
            "created_at": "2022-03-21T11:37:35.000Z",
            "id": "1505871237549019136"
        },
        {
            "author_id": "793840820",
            "text": "@Michael57690152 @EE Yep @EE lying to me then about stock of everywhere else is getting them why aren't they very poor way to treat long existing customers.",
            "created_at": "2022-03-21T11:33:59.000Z",
            "referenced_tweets": [
                {
                    "type": "replied_to",
                    "id": "1505869119983394818"
                }
            ],
            "id": "1505870333349355528"
        },
        {
            "author_id": "1500175779744862208",
            "text": "@EE\n#LyingBastards https://t.co/jGgxA6tHDE",
            "created_at": "2022-03-21T11:32:24.000Z",
            "id": "1505869933913198593"
        },
        {
            "author_id": "39838696",
            "text": "Morning @EE, I haven’t had any WiFi for the last hour in Ipswich - I am assuming it is an issue your end rather than mine?",
            "created_at": "2022-03-21T11:31:15.000Z",
            "id": "1505869644435005443"
        }
    ],
    "includes": {
        "users": [
            {
                "id": "375286819",
                "location": "Birmingham, England",
                "username": "JoLouiseJordan",
                "name": "Sausage Mom 🇺🇦"
            },
            {
                "id": "787951830353534976",
                "location": "Hull / York, UK",
                "username": "helloimnicholas",
                "name": "nicholas 🇺🇦"
            },
            {
                "id": "869349509872136192",
                "username": "OllieAbeCrook",
                "name": "Ollie Crook"
            },
            {
                "id": "2429595887",
                "location": "Cornwall, England",
                "username": "Lahousego",
                "name": "Linda Housego🐶💟🇬🇧🇮🇪☘"
            },
            {
                "id": "19773901",
                "username": "mrpaulk",
                "name": "Paul K"
            },
            {
                "id": "753399763",
                "location": "United Kingdom",
                "username": "CoMissy",
                "name": "Missy Yeboah"
            },
            {
                "id": "733465814",
                "location": "United Kingdom",
                "username": "TootinandBeepin",
                "name": "Adam Harvey 💙"
            },
            {
                "id": "2510661390",
                "location": "Hampshire UK",
                "username": "David6Strutt",
                "name": "David Strutt"
            },
            {
                "id": "117798721",
                "location": "Bedfordshire ",
                "username": "lucapavel",
                "name": "giorgia"
            },
            {
                "id": "92623637",
                "username": "billyb987",
                "name": "William"
            },
            {
                "id": "1499278944687869952",
                "username": "emulsiondown",
                "name": "simon gentry"
            },
            {
                "id": "352463710",
                "username": "bigYonw",
                "name": "Big F-in Jon"
            },
            {
                "id": "1164227729417539585",
                "location": "Edinburgh ",
                "username": "JohnEdwinGould1",
                "name": "Cameron P 🏴󠁧󠁢󠁳󠁣󠁴󠁿🏳️‍🌈😈🌈🎶🌮🍔"
            },
            {
                "id": "1334840309684051968",
                "username": "crxwnjxwels_",
                "name": "juliette"
            },
            {
                "id": "317121765",
                "location": "London",
                "username": "Smooth2014",
                "name": "Lee Morley"
            },
            {
                "id": "990952066951589889",
                "location": "Libya",
                "username": "Mohamed22118140",
                "name": "Wraith"
            },
            {
                "id": "41682174",
                "location": "Bishopton, Scotland",
                "username": "JacquesH93",
                "name": "Jacqueline Haire"
            },
            {
                "id": "746134876793999360",
                "location": "Manchester, England",
                "username": "markhwork",
                "name": "Mark H"
            },
            {
                "id": "1454782929566109696",
                "username": "Knig1Mc",
                "name": "Kris Mka"
            },
            {
                "id": "109924051",
                "location": "London, England",
                "username": "Claytoncast",
                "name": "Paul Clayton."
            },
            {
                "id": "1016744626747772931",
                "location": "United Kingdom",
                "username": "Michael57690152",
                "name": "Michael Armstrong"
            },
            {
                "id": "308946809",
                "username": "BAFTAGames",
                "name": "BAFTA Games"
            },
            {
                "id": "711897046622593024",
                "username": "JopheUrn",
                "name": "Jo Fearn"
            },
            {
                "id": "762387610878799872",
                "location": "United States",
                "username": "sjfostersound",
                "name": "Samantha J. Foster Composer"
            },
            {
                "id": "176465053",
                "location": "London, UK",
                "username": "CaseyAnnBooks",
                "name": "Casey Ann"
            },
            {
                "id": "793840820",
                "username": "Punkdude1981",
                "name": "Dan G 🤟"
            },
            {
                "id": "1445093679446872083",
                "username": "Julie_annMurray",
                "name": "Julie-ann Murray"
            },
            {
                "id": "769134102796697600",
                "location": "London, England",
                "username": "MarcAllera",
                "name": "Marc Allera"
            },
            {
                "id": "1505910149994762243",
                "username": "Amber70329390",
                "name": "Amber"
            },
            {
                "id": "20013105",
                "location": "UK",
                "username": "sparkles589",
                "name": "Cat"
            },
            {
                "id": "39838696",
                "location": "East, England",
                "username": "woollyvix",
                "name": "woollyvix"
            },
            {
                "id": "767443016642617344",
                "location": "Wales/Manchester",
                "username": "connordoner",
                "name": "Connor Gurney"
            },
            {
                "id": "941254327464792069",
                "location": "Lincoln, England",
                "username": "IAM_4_EU",
                "name": "iam4eu #IStandWithUkraine #FBPE #JohnsonOut30"
            },
            {
                "id": "18689388",
                "location": "UK",
                "username": "Ofcom",
                "name": "Ofcom"
            },
            {
                "id": "613777289",
                "location": "Grantown-on-Spey, Scotland",
                "username": "TheDulaig",
                "name": "Carol B"
            },
            {
                "id": "30011995",
                "location": "United Kingdom",
                "username": "Julie_10211295",
                "name": "J"
            },
            {
                "id": "2239704847",
                "location": "Yorkshire and The Humber, Engl",
                "username": "TerrierEmz",
                "name": "Emma"
            },
            {
                "id": "577258339",
                "location": "Edinburgh, Scotland",
                "username": "torrierob",
                "name": "Robin Torrie"
            },
            {
                "id": "1492067223904653317",
                "username": "Callum93096897",
                "name": "Callum"
            },
            {
                "id": "75998744",
                "location": "London",
                "username": "carolynhink",
                "name": "Carolyn Hink"
            },
            {
                "id": "1113164132247896065",
                "location": "London, England",
                "username": "SalmaIshaque",
                "name": "Salma"
            },
            {
                "id": "861393045362622464",
                "location": "Manchester, UK",
                "username": "leaurgh",
                "name": "L e a h 🌸"
            },
            {
                "id": "436188756",
                "username": "David_W97",
                "name": "David Wainwright"
            },
            {
                "id": "1476931808407207942",
                "username": "MostafaRaei1400",
                "name": "MRRaei"
            },
            {
                "id": "1470559836790304778",
                "username": "StuffnThingsEXL",
                "name": "Em"
            },
            {
                "id": "1278066564881932290",
                "username": "HAhmed1982",
                "name": "Hamza Ahmed"
            },
            {
                "id": "1459816214",
                "location": "Tavistock Devon",
                "username": "davechants",
                "name": "David Chanter"
            },
            {
                "id": "1505869214523228163",
                "username": "_c9ex",
                "name": "yuta．"
            },
            {
                "id": "624837541",
                "username": "wizzair",
                "name": "Wizz Air"
            },
            {
                "id": "48964881",
                "location": "Burnham-on-Crouch, East",
                "username": "Alex_Boggis1",
                "name": "Alex™"
            },
            {
                "id": "36248564",
                "location": "East coast",
                "username": "AJ_1878",
                "name": "AJ"
            },
            {
                "id": "114428324",
                "location": "West London",
                "username": "JCPinWestLondon",
                "name": "JCP in West London"
            },
            {
                "id": "128665131",
                "location": "Room of Requirement",
                "username": "LauraAnnieA",
                "name": "Laura Anne 🧣"
            },
            {
                "id": "90918950",
                "location": "Washington, DC",
                "username": "mattfrei",
                "name": "Matt Frei"
            },
            {
                "id": "1496927350075842564",
                "username": "Benhatch11",
                "name": "Ben Hatcher"
            },
            {
                "id": "1409506730288033796",
                "username": "scribbl64805724",
                "name": "scribbler"
            },
            {
                "id": "540113771",
                "username": "AIDANTURNER4",
                "name": "AIDAN TURNER"
            },
            {
                "id": "1525784034",
                "location": "Carlisle, England",
                "username": "ChloeJones1983",
                "name": "Wokie McWokeflake ♌️🏳️‍⚧️🇪🇺🏳️‍🌈💙🇺🇦"
            },
            {
                "id": "869966942437855237",
                "location": "Kettering",
                "username": "craigspencerUTT",
                "name": "Craig Spencer"
            },
            {
                "id": "18948717",
                "location": "UK",
                "username": "majormagna",
                "name": "MajorMagna"
            },
            {
                "id": "436663600",
                "location": "Copenhagen, Denmark",
                "username": "ryan_ATY",
                "name": "Ryan Dooley"
            },
            {
                "id": "1361629133541937153",
                "username": "86Shyguy",
                "name": "🏳️‍🌈 Isaac Dix🏳️‍🌈"
            },
            {
                "id": "750419144118591488",
                "location": "London, UK",
                "username": "alxQA",
                "name": "Alex"
            },
            {
                "id": "160633456",
                "location": "Ipswich, England",
                "username": "johnnyg_pinty",
                "name": "John Lee Garrett"
            },
            {
                "id": "1434890973134401545",
                "username": "WinstanN69",
                "name": "WinstanN69"
            },
            {
                "id": "7736072",
                "location": "Birmingham",
                "username": "paulbeebe",
                "name": "Paul Beebe"
            },
            {
                "id": "35767597",
                "location": "Welwyn G.C. - Herts, UK.",
                "username": "tescomobile",
                "name": "Tesco Mobile"
            },
            {
                "id": "1681961",
                "location": "It's in the trees! It's coming (also Scotland)",
                "username": "scottgal",
                "name": "ʎɐʍollɐפ ʇʇoɔS"
            },
            {
                "id": "1080072106841436161",
                "location": "Edmonton Brighton",
                "username": "ConjuredRundown",
                "name": "Andrew Farrugia"
            },
            {
                "id": "2290317713",
                "location": "Birmingham, England",
                "username": "abileft_",
                "name": "abi🦦"
            },
            {
                "id": "3201019738",
                "username": "62Sauzee",
                "name": "Keyser Sauzee"
            },
            {
                "id": "1492058773690929152",
                "username": "cuxstw",
                "name": " ️ ️ ️ ️ 𓐄  ️ 𝐒𝐡𝐨𝐭𝐚"
            },
            {
                "id": "821066481115037696",
                "username": "KelvynxRobinson",
                "name": "Kelvyn Robinson"
            },
            {
                "id": "3469351636",
                "location": "England, United Kingdom",
                "username": "carl_h_photo",
                "name": "Carl "
            },
            {
                "id": "899204161589432320",
                "username": "Jdouglas1992",
                "name": "Jack D"
            },
            {
                "id": "102973030",
                "location": "in the band 👀",
                "username": "xJulieLeeSx_MG",
                "name": "♡ Me Julie ♡"
            },
            {
                "id": "1035640447882944513",
                "username": "MissRsp",
                "name": "MissRSP"
            },
            {
                "id": "1500175779744862208",
                "username": "PutinWanker",
                "name": "PutinIsAWanker 🇺🇦"
            }
        ],
        "tweets": [
            {
                "author_id": "733465814",
                "text": "@helloimnicholas @O2 @EE U going series 7? I won one on a raffle! https://t.co/MqAAYZ8Hjs",
                "created_at": "2022-03-21T16:01:03.000Z",
                "referenced_tweets": [
                    {
                        "type": "replied_to",
                        "id": "1505922567445561349"
                    }
                ],
                "id": "1505937540414640128"
            },
            {
                "author_id": "7117212",
                "text": "Who says Mondays have to be blue? There's a spring in our step, and we're here to help until 11pm.",
                "created_at": "2022-03-21T07:00:00.000Z",
                "id": "1505801381738954757"
            },
            {
                "author_id": "7117212",
                "text": "Our monthly price has never been lower on the Samsung Galaxy Watch4. Plus, claim a £50 Google Play Voucher. Get yours now for only £16 per month, £0 upfront on a 4GB plan.",
                "created_at": "2022-03-01T17:50:30.000Z",
                "id": "1498717329911435269"
            },
            {
                "author_id": "787951830353534976",
                "text": "Worst customer service from @O2 today. Pushy salesperson +++. You would have had a customer buying a new apple watch today but seen as though you call me ‘stupid’ for not upgrading my phone (which is a 3 year contract which *you* provide) at same time I’ll think I’ll go see @EE",
                "created_at": "2022-03-21T15:01:33.000Z",
                "id": "1505922567445561349"
            },
            {
                "author_id": "540113771",
                "text": "@mattfrei @EE @kevinbacon I was with their predecessor, T Mobile. They broke promises on my tarrif and when I wanted to leave, did everything they could to prevent me. Seems like a Cultural tradition. In contrast, Tesco Mobile have been first rate.",
                "created_at": "2022-03-21T12:44:06.000Z",
                "referenced_tweets": [
                    {
                        "type": "replied_to",
                        "id": "1505883089238642691"
                    }
                ],
                "id": "1505887978706587652"
            },
            {
                "author_id": "90918950",
                "text": "Just off the phone with @EE who not only did not apologise for their misleading sales info but have refused outright to find a solution. Appalled @kevinbacon how could you lend your talents to that lot?",
                "created_at": "2022-03-21T12:24:41.000Z",
                "id": "1505883089238642691"
            },
            {
                "author_id": "90918950",
                "text": "@86Shyguy @EE @kevinbacon Too angry to elaborate right now. I would just avoid them at all cost.",
                "created_at": "2022-03-21T12:27:56.000Z",
                "referenced_tweets": [
                    {
                        "type": "replied_to",
                        "id": "1505883483146788866"
                    }
                ],
                "id": "1505883907316723719"
            },
            {
                "author_id": "7117212",
                "text": "When it counts you can count on EE, we’re more reliable in Birmingham than O2 &amp; Three",
                "created_at": "2022-02-24T10:16:22.000Z",
                "id": "1496791102606782472"
            },
            {
                "author_id": "7117212",
                "text": "@Callum93096897 Hey Callum.\n\nI hope you are keeping safe and well.\n\nIt's great to see that you've placed and order with us. Is it for a new mobile with a new number, or is it for an upgrade to an existing number? -Gavin",
                "created_at": "2022-03-21T15:07:46.000Z",
                "referenced_tweets": [
                    {
                        "type": "replied_to",
                        "id": "1505900947519807491"
                    }
                ],
                "id": "1505924131992207363"
            },
            {
                "author_id": "308946809",
                "text": "📢🎮THE CHOICE IS YOURS🎮📢\n\nYou still have time to vote for this years #EEGameOfTheYear, the only #BAFTAGames Award decided by YOU! \n\nVoting closes Friday 1st April (no joke) so be sure to have your say and cast your vote now!  👇👇👇\n@EE",
                "created_at": "2022-03-21T14:55:09.000Z",
                "id": "1505920955411058691"
            },
            {
                "author_id": "1097231663732613120",
                "text": "Brian and his team from EE today, helped remove:\n\n22 Bags of mostly single use plastic\nDVD player\nDAB radio\n6 traffic cones\n4 Barriers\n6ft Street cleaner\n\nHelping protect our environment &amp; communities\n\nThank you 💚🌍💚\n\n@MarcAllera @greigp1 @WorkforEE https://t.co/35HaiOWCMG",
                "created_at": "2022-03-21T14:12:42.000Z",
                "id": "1505910275605676037"
            },
            {
                "author_id": "746134876793999360",
                "text": "@helloimnicholas @O2 @EE @EE are fantastic. Never had an issue and the reception is great. Also they have the fastest 5G of all the networks. I’ve had similar poor experience with @O2",
                "created_at": "2022-03-21T15:12:24.000Z",
                "referenced_tweets": [
                    {
                        "type": "replied_to",
                        "id": "1505922567445561349"
                    }
                ],
                "id": "1505925298734391298"
            },
            {
                "author_id": "7117212",
                "text": "When it counts you can count on EE, we’re more reliable in Leeds than O2 &amp; Three",
                "created_at": "2022-02-24T10:17:32.000Z",
                "id": "1496791394735771648"
            },
            {
                "author_id": "7117212",
                "text": "@Claytoncast That's strange - can you pop me over a DM with a screenshot of that message please? -Olivia https://t.co/m14c5xhQi0",
                "created_at": "2022-03-21T13:24:38.000Z",
                "referenced_tweets": [
                    {
                        "type": "replied_to",
                        "id": "1505897567690928142"
                    }
                ],
                "id": "1505898178436124681"
            },
            {
                "author_id": "7117212",
                "text": "@Punkdude1981 Would you mind sending over a DM? I can take some more details then. 😊  2/2 - Rachel https://t.co/m14c5xhQi0",
                "created_at": "2022-03-21T12:31:32.000Z",
                "referenced_tweets": [
                    {
                        "type": "replied_to",
                        "id": "1505870333349355528"
                    }
                ],
                "id": "1505884814615977991"
            },
            {
                "author_id": "767443016642617344",
                "text": "@Julie_annMurray @mattfrei @EE @kevinbacon I mean, I assumed it wasn’t obvious, given that most people know little about MVNOs, but go off, I guess?",
                "created_at": "2022-03-21T14:10:40.000Z",
                "referenced_tweets": [
                    {
                        "type": "replied_to",
                        "id": "1505908461195902991"
                    }
                ],
                "id": "1505909761312702464"
            },
            {
                "author_id": "7117212",
                "text": "@sparkles589 Afternoon. The timeframe for delivery of the Chromebook is 15-30 days from you getting your phone. We will let you know via SMS when it will be delivered. -Mark B",
                "created_at": "2022-03-21T14:11:32.000Z",
                "referenced_tweets": [
                    {
                        "type": "replied_to",
                        "id": "1505893889072377861"
                    }
                ],
                "id": "1505909980221919239"
            },
            {
                "author_id": "7117212",
                "text": "@woollyvix I'm really glad to hear that this is working again now, but appreciate that's still far from ideal. \n\nWhen this happened did you notice any changes to the lights on the front of the router? - Peter",
                "created_at": "2022-03-21T14:06:28.000Z",
                "referenced_tweets": [
                    {
                        "type": "replied_to",
                        "id": "1505901240139632645"
                    }
                ],
                "id": "1505908705052745728"
            },
            {
                "author_id": "1445093679446872083",
                "text": "@connordoner @mattfrei @EE @kevinbacon Yes that is true thanks for pointing out the obvious...bt must have better customer service i think",
                "created_at": "2022-03-21T14:05:30.000Z",
                "referenced_tweets": [
                    {
                        "type": "replied_to",
                        "id": "1505905081807519755"
                    }
                ],
                "id": "1505908461195902991"
            },
            {
                "author_id": "767443016642617344",
                "text": "@Julie_annMurray @mattfrei @EE @kevinbacon Who, ironically, use EE for their mobile service. 😂",
                "created_at": "2022-03-21T13:52:04.000Z",
                "referenced_tweets": [
                    {
                        "type": "replied_to",
                        "id": "1505888459151523845"
                    }
                ],
                "id": "1505905081807519755"
            },
            {
                "author_id": "1445093679446872083",
                "text": "@mattfrei @EE @kevinbacon Oh dear...im with bt and they are good!",
                "created_at": "2022-03-21T12:46:01.000Z",
                "referenced_tweets": [
                    {
                        "type": "replied_to",
                        "id": "1505883089238642691"
                    }
                ],
                "id": "1505888459151523845"
            },
            {
                "author_id": "1037140534471663618",
                "text": "Mobile reception in many hospital buildings is terrible, often making it impossible to speak with quarantined loved ones.\n\nAfter 2.5 years of pandemic, why hasn't anything been done about this?\n\n@Offcom @Number10press @VodafoneGroup @O2 @EE @ThreeUK #pandemic",
                "created_at": "2022-03-19T18:53:18.000Z",
                "id": "1505256111934476291"
            },
            {
                "author_id": "7117212",
                "text": "@woollyvix Good morning, I know how important it is to have a connection you can count on at the moment, so I'm sorry to hear this has been giving you some trouble. \n\nLet's get this checked out though, is it home broadband you have, or is this through 4G/5G? - Peter",
                "created_at": "2022-03-21T13:27:49.000Z",
                "referenced_tweets": [
                    {
                        "type": "replied_to",
                        "id": "1505869644435005443"
                    }
                ],
                "id": "1505898978772144130"
            },
            {
                "author_id": "7117212",
                "text": "@David_W97 Hey David, I hope you're having a decent evening so far, other than this of course.\n\nI'd never want to see any of our customers feel this way, I'd be more than happy to help, can you fire across a DM and let me know what's been going on? 👍 -Matty https://t.co/m14c5xhQi0",
                "created_at": "2022-03-14T21:49:54.000Z",
                "referenced_tweets": [
                    {
                        "type": "replied_to",
                        "id": "1503431815633289222"
                    }
                ],
                "id": "1503488616714186756"
            },
            {
                "author_id": "7117212",
                "text": "@Claytoncast Hi Paul - the app should absolutely show you extra charges. What's happening? Has there been extra charges on your bill this month that wasn't shown in the app? -Olivia",
                "created_at": "2022-03-21T10:49:30.000Z",
                "referenced_tweets": [
                    {
                        "type": "replied_to",
                        "id": "1505826423923265537"
                    }
                ],
                "id": "1505859137036562433"
            },
            {
                "author_id": "1392033028596142082",
                "text": "💡WHY INVESTING IN INO AND IDO OF STMAN ON FAM CENTRAL?\n\nRead in the comment below and if that sounds interesting to you,\n\n📝Join IDO whitelist HERE https://t.co/BJOyh9pF5W\n📝Join INO whitelist HERE https://t.co/sHifTDnJYn https://t.co/SbqXmHAfsU",
                "created_at": "2022-03-18T09:11:29.000Z",
                "id": "1504747308701093892"
            },
            {
                "author_id": "624837541",
                "text": "@StuffnThingsEXL @EE Hi Em, the rate per minute is stated on our official website below the phone number after selecting the country you are calling from. Thank you for your understanding. https://t.co/th7YMTeRwK",
                "created_at": "2022-03-21T13:05:17.000Z",
                "referenced_tweets": [
                    {
                        "type": "replied_to",
                        "id": "1505884065177636865"
                    }
                ],
                "id": "1505893308022857728"
            },
            {
                "author_id": "7117212",
                "text": "@HAhmed1982 Good afternoon, I hope you're well.\n\nI'm happy to read that you've got an Apple Music offer with us, sorry though that it doesn't seem to be working.\n\nCould you try texting 'MUSIC' to '150'? -Tom",
                "created_at": "2022-03-21T13:13:57.000Z",
                "referenced_tweets": [
                    {
                        "type": "replied_to",
                        "id": "1505866468205998082"
                    }
                ],
                "id": "1505895491292340226"
            },
            {
                "author_id": "1505869214523228163",
                "text": "@ee 　みんなの彼氏。俺。て言ってもわかんない人多いだろうから自己紹介。某王子様アイドル、じんぐーじです。如何せんタチなもんで、甘えんのは苦手。その分誰よりも1番に可愛がってあげるから愛に飢えてる子は、俺んとこおいで。一応18禁なので、そういうの苦手な子は回れ右。",
                "created_at": "2022-03-21T11:40:08.000Z",
                "id": "1505871878086602753"
            },
            {
                "author_id": "1470559836790304778",
                "text": "Dear @EE I’ve been charged £31 for a phone call to @wizzair last month, it lasted 14 minutes, it was a UK number and at no point was I made aware that exorbitant charges were liable. Any reason why this has happened? Does this sound right to you?",
                "created_at": "2022-03-21T12:28:33.000Z",
                "id": "1505884065177636865"
            },
            {
                "author_id": "7117212",
                "text": "@AJ_1878 It can take a couple of days for up to date stock levels to show online, however our team have live access, so I'd say the 28 days time frame is the more accurate one. -Tom",
                "created_at": "2022-03-21T12:55:55.000Z",
                "referenced_tweets": [
                    {
                        "type": "replied_to",
                        "id": "1505890582744416265"
                    }
                ],
                "id": "1505890949121159177"
            },
            {
                "author_id": "7117212",
                "text": "@AJ_1878 Good afternoon AJ, I hope you're well.\n\nI'm real happy to read that you're looking to upgrade, whilst we've no estimate on when variants we don't currently have in stock, will be back, you can keep checking our website which will show when we've more stock 👍🏻 -Tom",
                "created_at": "2022-03-21T12:52:11.000Z",
                "referenced_tweets": [
                    {
                        "type": "replied_to",
                        "id": "1505861850948374529"
                    }
                ],
                "id": "1505890012105084928"
            },
            {
                "author_id": "126581332",
                "text": "@mattfrei @EE @kevinbacon Matt:  suggest you write direct to the CEO.  You'll get it sorted  then. (Had a similar problem with Vodafone)",
                "created_at": "2022-03-21T12:49:50.000Z",
                "referenced_tweets": [
                    {
                        "type": "replied_to",
                        "id": "1505883089238642691"
                    }
                ],
                "id": "1505889421039595521"
            },
            {
                "author_id": "7117212",
                "text": "@majormagna Hi, just checking in to see if you managed to get sorted or whether the connection has improved for you? -Bob",
                "created_at": "2022-03-21T11:38:06.000Z",
                "referenced_tweets": [
                    {
                        "type": "replied_to",
                        "id": "1504890656916922371"
                    }
                ],
                "id": "1505871368675643394"
            },
            {
                "author_id": "1361629133541937153",
                "text": "@mattfrei @EE @kevinbacon Do you care to elaborate to save others from being trapped in the same way?",
                "created_at": "2022-03-21T12:26:15.000Z",
                "referenced_tweets": [
                    {
                        "type": "replied_to",
                        "id": "1505883089238642691"
                    }
                ],
                "id": "1505883483146788866"
            },
            {
                "author_id": "7736072",
                "text": "@SMARTYMobileUK Why is the Pixel 6 not a supported 5G device? @ThreeUK supports it so why not Smarty? Frustrating to say the least. Is there an ETA?",
                "created_at": "2022-03-17T09:41:17.000Z",
                "id": "1504392420057882628"
            },
            {
                "author_id": "397999565",
                "text": "@EE putting phone and broadband prices up 3.9%. As if things aren't bad enough for people. I heard @tescomobile don't do this... so why do you! @MartinSLewis how do companies justify these increases? #martinlewis https://t.co/IL0qFZL8aN",
                "created_at": "2022-03-21T10:49:02.000Z",
                "id": "1505859021105991681"
            },
            {
                "author_id": "7117212",
                "text": "@62Sauzee Was the offer on Uswitch for an EE plan? -Gavin",
                "created_at": "2022-03-21T11:38:02.000Z",
                "referenced_tweets": [
                    {
                        "type": "replied_to",
                        "id": "1505869157899845632"
                    }
                ],
                "id": "1505871351294447616"
            },
            {
                "author_id": "1492058773690929152",
                "text": "@ee 、                       永遠の誓いを 語らおう   𓐄 https://t.co/qyCx1Gsr5K",
                "created_at": "2022-03-19T11:01:10.000Z",
                "id": "1505137297905582081"
            },
            {
                "author_id": "7117212",
                "text": "Hey Leeds, choose the network that’s fastest in your city",
                "created_at": "2022-02-24T10:23:56.000Z",
                "id": "1496793006099337221"
            },
            {
                "author_id": "1016744626747772931",
                "text": "@Punkdude1981 @EE Sorry to keep on, but I’ve just been on a live chat with O2, delivered tomorrow https://t.co/LUENgc5G4a",
                "created_at": "2022-03-21T11:29:10.000Z",
                "referenced_tweets": [
                    {
                        "type": "replied_to",
                        "id": "1505851981541355527"
                    }
                ],
                "id": "1505869119983394818"
            }
        ]
    },
    "errors": [
        {
            "value": "1505919154074927104",
            "detail": "Could not find tweet with referenced_tweets.id: [1505919154074927104].",
            "title": "Not Found Error",
            "resource_type": "tweet",
            "parameter": "referenced_tweets.id",
            "resource_id": "1505919154074927104",
            "type": "https://api.twitter.com/2/problems/resource-not-found"
        }
    ],
    "meta": {
        "oldest_id": "1505869644435005443",
        "newest_id": "1505943078984630273",
        "previous_token": "77qpymm88g5h9vqklurc09oq9p5ik4ypb841rl49mxveb",
        "result_count": 100,
        "next_token": "7140dibdnow9c7btw420ju62tc647gy820r2gjlqwy7ub"
    }
}