{
    "data": [
        {
            "author_id": "593136153",
            "text": "@VodafoneUK #DreamHoliday Japan Get lost in the jungle",
            "id": "1504805900367937536",
            "referenced_tweets": [
                {
                    "type": "replied_to",
                    "id": "1503778049203924994"
                }
            ],
            "created_at": "2022-03-18T13:04:19.000Z"
        },
        {
            "author_id": "486992182",
            "text": "@VodafoneUK #DreamHoliday Thailand and haggle with locals 🤩 #WIN #verymerewards https://t.co/i71duU2yRF",
            "id": "1504805365745131533",
            "referenced_tweets": [
                {
                    "type": "replied_to",
                    "id": "1503778049203924994"
                }
            ],
            "created_at": "2022-03-18T13:02:11.000Z"
        },
        {
            "author_id": "100958232",
            "text": "@Nigel_Farage I hope they have good support because when a company like @VodafoneGroup @VodafoneUK got rid of its #staff using #Tupe because they didn’t want their store teams any more it made me feel worthless. Wasted 13 years of my life. The people make the companies don’t forget that!",
            "id": "1504805250888310819",
            "referenced_tweets": [
                {
                    "type": "replied_to",
                    "id": "1504491186496720898"
                }
            ],
            "created_at": "2022-03-18T13:01:44.000Z"
        },
        {
            "author_id": "23767944",
            "text": "Hey @VodafoneUK I’ve sent you a DM ♥️",
            "id": "1504805115303190536",
            "created_at": "2022-03-18T13:01:12.000Z"
        },
        {
            "author_id": "50628631",
            "text": "Honest to goodness why I left @02 9 years ago I do not know because @VodafoneUK are as good as useless any time there is a problem. Every time I upgrade there is drama. There advantage scheme is only reason I stay and they can't get that right 🤷‍♀️",
            "id": "1504803367222194176",
            "created_at": "2022-03-18T12:54:15.000Z"
        },
        {
            "author_id": "50628631",
            "text": "@VodafoneUK But its not really the point. I was given a code last night. I can't retrieve it and I've to wait 3 days for them to fix it. I try new links l,they don't work. Why is it always the same drama? Its almost like you promote the scheme to get the businesss but don't want to honour it",
            "id": "1504801144744337411",
            "referenced_tweets": [
                {
                    "type": "replied_to",
                    "id": "1504795624100741120"
                }
            ],
            "created_at": "2022-03-18T12:45:25.000Z"
        },
        {
            "author_id": "15630634",
            "text": "A beautiful #5G day! Shot on @SamsungMobile Galaxy S22 Ultra / @VodafoneUK site https://t.co/yPeRbqVaLO",
            "id": "1504796139824025604",
            "created_at": "2022-03-18T12:25:32.000Z"
        },
        {
            "author_id": "863847536",
            "text": "@VodafoneUK Iv got about a month to March bill. Forgot why March bill is big. With airtime plan device plan and the upfront cost.",
            "id": "1504792659281551367",
            "referenced_tweets": [
                {
                    "type": "replied_to",
                    "id": "1504791545693810691"
                }
            ],
            "created_at": "2022-03-18T12:11:42.000Z"
        },
        {
            "author_id": "863847536",
            "text": "@VodafoneUK my March bill due next weekend. How long do you give people before you put restrictions on",
            "id": "1504790372001718274",
            "created_at": "2022-03-18T12:02:36.000Z"
        },
        {
            "author_id": "50628631",
            "text": "@VodafoneUK This is really starting to yank my chain and having to wait up to three days for it to be resolved really isn't great. In the last 10 years every time I try and upgrade there is a drama ... not good enough https://t.co/B59DSVv6ML",
            "id": "1504790190224781314",
            "referenced_tweets": [
                {
                    "type": "replied_to",
                    "id": "1504626873724252165"
                }
            ],
            "created_at": "2022-03-18T12:01:53.000Z"
        },
        {
            "author_id": "4654136235",
            "text": "@VodafoneUK And another hour on hold.  I'm trying to give you my business from BT, I'm starting to wonder whether you want it!!",
            "id": "1504789750598807576",
            "referenced_tweets": [
                {
                    "type": "replied_to",
                    "id": "1504774531994558468"
                }
            ],
            "created_at": "2022-03-18T12:00:08.000Z"
        },
        {
            "author_id": "2313892392",
            "text": "@VodafoneUK I would be wrestling an Aardvark in the Philipines which forgive me for being pedantic is not a place which exists unless you meant Philippines?",
            "id": "1504788197057966117",
            "referenced_tweets": [
                {
                    "type": "replied_to",
                    "id": "1503778049203924994"
                }
            ],
            "created_at": "2022-03-18T11:53:58.000Z"
        },
        {
            "author_id": "741196264604348416",
            "text": "@VodafoneUK i am currently searching for new home broadband. For weeks now it has been a shocking service. Internet dropping constantly &amp; i can never get to speak to someone over it. #crapservice",
            "id": "1504785444613111808",
            "created_at": "2022-03-18T11:43:02.000Z"
        },
        {
            "author_id": "118750457",
            "text": "@VodafoneUK my fibre install is meant to be happening on Monday, openreach were meant to come this week to dig and install new connection outside, which hasn't happened so far. It's impossible to speak to you on the phone. So what do we do?",
            "id": "1504782896791498799",
            "created_at": "2022-03-18T11:32:54.000Z"
        },
        {
            "author_id": "2241206546",
            "text": "@VodafoneUK #DreamHoliday Japan to ski down the tallest mountain...best get practising!",
            "id": "1504779737788526611",
            "referenced_tweets": [
                {
                    "type": "replied_to",
                    "id": "1503778049203924994"
                }
            ],
            "created_at": "2022-03-18T11:20:21.000Z"
        },
        {
            "author_id": "4654136235",
            "text": "@VodafoneUK I'm 2 weeks past my broadband activation date.  Over an hour online chat yesterday, told me to call your fibre team.  90mins holding last night, just clocked an hour on hold this morning - is there anyone there, or am I wasting my time?",
            "id": "1504774531994558468",
            "created_at": "2022-03-18T10:59:40.000Z"
        },
        {
            "author_id": "163125694",
            "text": "@VodafoneUK #DreamHoliday Thailand - Make friends with a bear #WIN 🤞",
            "id": "1504770903934124035",
            "referenced_tweets": [
                {
                    "type": "replied_to",
                    "id": "1503778049203924994"
                }
            ],
            "created_at": "2022-03-18T10:45:15.000Z"
        },
        {
            "author_id": "33471782",
            "text": "Free small drink from @CostaCoffee for @VodafoneUK customers! Head to #VeryMeRewards on the My Vodafone app for details ☕️ https://t.co/3De29rh0SC",
            "id": "1504770175211642883",
            "referenced_tweets": [
                {
                    "type": "quoted",
                    "id": "1504729316382367764"
                }
            ],
            "created_at": "2022-03-18T10:42:21.000Z"
        },
        {
            "author_id": "381423145",
            "text": "@OPPOMobileUK very sad I wont be getting a find x5 pro now, thank @VodafoneUK for just cancelling my order and trying to blame me! disgusting customer service, 2 and half hours and counting, waited months to order this phone and now cause I don't want a second credit search :(",
            "id": "1504769754413907969",
            "created_at": "2022-03-18T10:40:41.000Z"
        },
        {
            "author_id": "50987933",
            "text": "@VodafoneUK hi, internet is down, I’ve reported the case but when I click the chat now button to try and find out the result of the test nothing happens. Can you help?",
            "id": "1504768065166323720",
            "created_at": "2022-03-18T10:33:58.000Z"
        },
        {
            "author_id": "16031661",
            "text": "Join @VodafoneUK broadband And we’ll each be rewarded with a £25 Amazon Gift Card #Voucher #code #vodafonebroadband https://t.co/H02evn8tL0",
            "id": "1504767143732260883",
            "created_at": "2022-03-18T10:30:18.000Z"
        },
        {
            "author_id": "150823066",
            "text": "\"Misiek\"🐤 przepiórki 👌🙂👍 @tawroginski @mtawroginska @tech_studio_official @ewatawroginska @victortawroginski 🐤 #quails #przepiórki @vodafoneuk ☎️ @samsungwithgalaxy @samsunguk @samsungmobile 📱#withGalaxy #s21plus https://t.co/NckEMk4st1",
            "id": "1504766162550276099",
            "created_at": "2022-03-18T10:26:25.000Z"
        },
        {
            "author_id": "1017330656332967936",
            "text": "@VodafoneUK I’m off to  Australia  to Ski down the tallest mountain #DreamHoliday 🌸💚🌸💚🌸💚🌸💚🌸💚🌸",
            "id": "1504762188069842947",
            "referenced_tweets": [
                {
                    "type": "replied_to",
                    "id": "1503778049203924994"
                }
            ],
            "created_at": "2022-03-18T10:10:37.000Z"
        },
        {
            "author_id": "952184947",
            "text": "@VodafoneUK Then please Upgrade my 13 for free for me as my battery life lasts about 1 hour and takes 5 hours to charge 🥲",
            "id": "1504754133756268576",
            "referenced_tweets": [
                {
                    "type": "replied_to",
                    "id": "1504749971287035914"
                }
            ],
            "created_at": "2022-03-18T09:38:37.000Z"
        },
        {
            "author_id": "19288685",
            "text": "@VodafoneUK Trying but system says it doesn't understand",
            "id": "1504750086575869955",
            "referenced_tweets": [
                {
                    "type": "replied_to",
                    "id": "1504725875115319317"
                }
            ],
            "created_at": "2022-03-18T09:22:32.000Z"
        },
        {
            "author_id": "20657457",
            "text": "@VodafoneUK Or maybe answer the question Vodafone?",
            "id": "1504749413457186819",
            "referenced_tweets": [
                {
                    "type": "replied_to",
                    "id": "1504748029416558608"
                }
            ],
            "created_at": "2022-03-18T09:19:51.000Z"
        },
        {
            "author_id": "309153751",
            "text": "@Costajudy1 @ThePersianWitch Thanks to @VodafoneUK I got a Large Latte for 50p so that has made a good start to a Friday after missing my bus 😂😂 https://t.co/iD3RkwE2KH",
            "id": "1504746075621675016",
            "referenced_tweets": [
                {
                    "type": "replied_to",
                    "id": "1504745701489758218"
                }
            ],
            "created_at": "2022-03-18T09:06:35.000Z"
        },
        {
            "author_id": "246430346",
            "text": "@VodafoneUK Thanks Matt ☺",
            "id": "1504745280218058759",
            "referenced_tweets": [
                {
                    "type": "replied_to",
                    "id": "1504735452305281030"
                }
            ],
            "created_at": "2022-03-18T09:03:26.000Z"
        },
        {
            "author_id": "20657457",
            "text": "@O2 @TMobileHelp @VodafoneUK @ThreeUK if I purchase a mobile phone today will the price go up next. Month due to. Rpi?",
            "id": "1504738452742582274",
            "created_at": "2022-03-18T08:36:18.000Z"
        },
        {
            "author_id": "246430346",
            "text": "@VodafoneUK Gtpwgjj definitely be a cappuccino though 😍",
            "id": "1504733828094517272",
            "referenced_tweets": [
                {
                    "type": "replied_to",
                    "id": "1504733062277521443"
                }
            ],
            "created_at": "2022-03-18T08:17:55.000Z"
        },
        {
            "author_id": "246430346",
            "text": "@VodafoneUK I haven't got it yet I'm on a long shift later so will collect on my way into work 😁",
            "id": "1504733612591177746",
            "referenced_tweets": [
                {
                    "type": "replied_to",
                    "id": "1504733062277521443"
                }
            ],
            "created_at": "2022-03-18T08:17:04.000Z"
        },
        {
            "author_id": "246430346",
            "text": "@VodafoneUK @CostaCoffee I do love my Costa coffee 😋 thank you",
            "id": "1504732056990933018",
            "referenced_tweets": [
                {
                    "type": "replied_to",
                    "id": "1504729316382367764"
                }
            ],
            "created_at": "2022-03-18T08:10:53.000Z"
        },
        {
            "author_id": "50628631",
            "text": "@VodafoneUK I spoke to online chat and was told advantage team will get back to me in 72 hrs. My current discount is valid until August so its crazy I need to go through all this to get it on an upgrade",
            "id": "1504722441553207296",
            "referenced_tweets": [
                {
                    "type": "replied_to",
                    "id": "1504626873724252165"
                }
            ],
            "created_at": "2022-03-18T07:32:41.000Z"
        },
        {
            "author_id": "19288685",
            "text": "@VodafoneUK Home broadband",
            "id": "1504721871702532096",
            "referenced_tweets": [
                {
                    "type": "replied_to",
                    "id": "1504721758271725589"
                }
            ],
            "created_at": "2022-03-18T07:30:25.000Z"
        },
        {
            "author_id": "19288685",
            "text": "@VodafoneUK My broadband is down, location CM11. The online service checker doesn't seem to be working. Can you help?",
            "id": "1504718765673570316",
            "created_at": "2022-03-18T07:18:04.000Z"
        },
        {
            "author_id": "58271193",
            "text": "@VodafoneUK Costa Rica 🇨🇷 - Make Friends With A Bear 🐻 #dreamholiday",
            "id": "1504677880764190730",
            "referenced_tweets": [
                {
                    "type": "replied_to",
                    "id": "1503778049203924994"
                }
            ],
            "created_at": "2022-03-18T04:35:36.000Z"
        },
        {
            "author_id": "801396553",
            "text": "@VodafoneUK I'm off to Thailand to wrestle an aardvark.  🤔🤔🤔🤔",
            "id": "1504619724453425162",
            "referenced_tweets": [
                {
                    "type": "replied_to",
                    "id": "1503778049203924994"
                }
            ],
            "created_at": "2022-03-18T00:44:31.000Z"
        },
        {
            "author_id": "84062474",
            "text": "@VodafoneUK Egypt - hunt for a lost city @Kaine20729297  #VeryMeRewards",
            "id": "1504602546253574150",
            "referenced_tweets": [
                {
                    "type": "replied_to",
                    "id": "1503778049203924994"
                }
            ],
            "created_at": "2022-03-17T23:36:15.000Z"
        },
        {
            "author_id": "180566356",
            "text": "@johannarothman \"Instead, managers could let teams decide when to use the office vs. when to use remote tools\"\n\nThe company I worked for, @VodafoneUK did exactly that. Last year.\nThere was recognition that work life had changed and left it up to teams to decide.",
            "id": "1504602017519579143",
            "referenced_tweets": [
                {
                    "type": "replied_to",
                    "id": "1504562104594010114"
                }
            ],
            "created_at": "2022-03-17T23:34:09.000Z"
        },
        {
            "author_id": "39051121",
            "text": "@VodafoneUK #DreamHoliday Australia to wrestle an aadvark 🤣🤣",
            "id": "1504594618133975041",
            "referenced_tweets": [
                {
                    "type": "replied_to",
                    "id": "1503778049203924994"
                }
            ],
            "created_at": "2022-03-17T23:04:45.000Z"
        },
        {
            "author_id": "1155192086",
            "text": "@VodafoneUK #DreamHoliday skiing down the tallest mountain in Germany... not altogether unbelievable! #verymerewards",
            "id": "1504593313285955585",
            "referenced_tweets": [
                {
                    "type": "replied_to",
                    "id": "1503778049203924994"
                }
            ],
            "created_at": "2022-03-17T22:59:34.000Z"
        },
        {
            "author_id": "50628631",
            "text": "Now wasted 20 mins on online chat going around in circles @VodafoneUK ... it was a faff with my advantage code last time and now the same 2 years later...is it deliberately difficult?",
            "id": "1504585429336604673",
            "created_at": "2022-03-17T22:28:14.000Z"
        },
        {
            "author_id": "50628631",
            "text": "@VodafoneUK upgrading with you in the last 9 years has been easy... what's going on 🤷‍♀️. Firstly you say the air time includes roaming but in fact its £2 a day. Then because my copy and paste didn't work I tried to get the code back from Vodafone advantage and all I get is this... https://t.co/TH66ElbJ5g",
            "id": "1504579711967666178",
            "created_at": "2022-03-17T22:05:31.000Z"
        },
        {
            "author_id": "150823066",
            "text": "\"Misiek\"🐤 przepiórki 👌🙂👍 @tawroginski @mtawroginska @tech_studio_official @ewatawroginska @victortawroginski 🐤 #quails #przepiórki @vodafoneuk ☎️ @samsungwithgalaxy @samsunguk @samsungmobile 📱#withGalaxy #s21plus https://t.co/mtw4Mjf9Y7",
            "id": "1504578993143656453",
            "created_at": "2022-03-17T22:02:40.000Z"
        },
        {
            "author_id": "1143523344085594112",
            "text": "@VodafoneUK #DreamHoliday Dubai to ski down the tallest mountain!",
            "id": "1504577910023274500",
            "referenced_tweets": [
                {
                    "type": "replied_to",
                    "id": "1503778049203924994"
                }
            ],
            "created_at": "2022-03-17T21:58:22.000Z"
        },
        {
            "author_id": "150823066",
            "text": "V&amp;M Tawroginski Property Maintenance 🛠️👌🏠🚐 🙂🖌️🪜🧰🧭starting stone patio in Wraysbury\n Large and Small Projects! #handymanservices #propertymaintenance #propertyinvestment #propertyservices ✅ @vodafoneuk ☎️ @renaultuk 🚐 #renaulttrafic @samsunguk📱#s21plus https://t.co/DQI0dSO9fy",
            "id": "1504574896973692929",
            "created_at": "2022-03-17T21:46:23.000Z"
        },
        {
            "author_id": "150823066",
            "text": "V&amp;M Tawroginski Property Maintenance &amp; DIY! 🛠️👌🏠🚐 🙂 #windsor\nProperty maintenance. 🖌️🪜🧰🧭\n Large and Small Projects! 🚐🚐🚐🛠️ #handymanservices  #propertymaintenance #propertyinvestment #propertyservices ✅ @vodafoneuk ☎️ @renaultuk 🚐 #renaulttrafic @samsunguk 📱 #s21plus https://t.co/7AT76To5kC",
            "id": "1504573929473679363",
            "created_at": "2022-03-17T21:42:33.000Z"
        },
        {
            "author_id": "21348311",
            "text": "@VodafoneUK Dubai to ski down the tallest mountain??? #DreamHoliday",
            "id": "1504570715428823044",
            "referenced_tweets": [
                {
                    "type": "replied_to",
                    "id": "1503778049203924994"
                }
            ],
            "created_at": "2022-03-17T21:29:46.000Z"
        },
        {
            "author_id": "82354925",
            "text": "@VodafoneUK #DreamHoliday Australia to feed the penguins 😆",
            "id": "1504569861950873600",
            "referenced_tweets": [
                {
                    "type": "replied_to",
                    "id": "1503778049203924994"
                }
            ],
            "created_at": "2022-03-17T21:26:23.000Z"
        },
        {
            "author_id": "941966141068595202",
            "text": "@VodafoneUK Wf34ld",
            "id": "1504567427073466370",
            "referenced_tweets": [
                {
                    "type": "replied_to",
                    "id": "1504482449094373382"
                }
            ],
            "created_at": "2022-03-17T21:16:42.000Z"
        },
        {
            "author_id": "941966141068595202",
            "text": "@VodafoneUK Did this 2 weeks ago Kieron and spoke to someone in relation to the mast in question my wife and I should be on the system as joint complaint this isn’t a 1 off. Over 4 weeks is not acceptable still not fixed.",
            "id": "1504567295036870662",
            "referenced_tweets": [
                {
                    "type": "replied_to",
                    "id": "1504482449094373382"
                }
            ],
            "created_at": "2022-03-17T21:16:11.000Z"
        },
        {
            "author_id": "2542099652",
            "text": "@VodafoneUK It would appear my #DreamHoliday is making a return trip to Japan to wrestle an aardvark!  Might give the zoo a bit of a swerve then!",
            "id": "1504563616388943875",
            "referenced_tweets": [
                {
                    "type": "replied_to",
                    "id": "1503778049203924994"
                }
            ],
            "created_at": "2022-03-17T21:01:34.000Z"
        },
        {
            "author_id": "192608384",
            "text": "@VodafoneUK #DreamHoliday making friends with a bear in Hawaii!",
            "id": "1504561080042938372",
            "referenced_tweets": [
                {
                    "type": "replied_to",
                    "id": "1503778049203924994"
                }
            ],
            "created_at": "2022-03-17T20:51:29.000Z"
        },
        {
            "author_id": "370443200",
            "text": "Some unhappy folks #onholdwith @vodafoneuk: @virgini4w00lf,  and 3 others. More: https://t.co/7Tpb25FioP #callcenter",
            "id": "1504550645814243335",
            "created_at": "2022-03-17T20:10:01.000Z"
        },
        {
            "author_id": "913045045",
            "text": "@VodafoneUK Just checked and there network issues across postcode and locality.",
            "id": "1504548759895789573",
            "referenced_tweets": [
                {
                    "type": "replied_to",
                    "id": "1504529867521544196"
                }
            ],
            "created_at": "2022-03-17T20:02:32.000Z"
        },
        {
            "author_id": "4375618277",
            "text": "@VodafoneUK Well I have pre ordered it, with Voda.\nNot often I have something to look forward too.\nAnd my first new phone in 4 years.",
            "id": "1504540523524198400",
            "referenced_tweets": [
                {
                    "type": "replied_to",
                    "id": "1504117452967456772"
                }
            ],
            "created_at": "2022-03-17T19:29:48.000Z"
        },
        {
            "author_id": "49693157",
            "text": "@VodafoneUK Let me think…  😀 https://t.co/sXFUABs14Q",
            "id": "1504536201205796865",
            "referenced_tweets": [
                {
                    "type": "replied_to",
                    "id": "1504506769493704706"
                }
            ],
            "created_at": "2022-03-17T19:12:37.000Z"
        },
        {
            "author_id": "47716485",
            "text": "@VodafoneUK i bought out a new contract with you however the sim literally will not activate",
            "id": "1504529496329924610",
            "referenced_tweets": [
                {
                    "type": "replied_to",
                    "id": "1504525997420515329"
                }
            ],
            "created_at": "2022-03-17T18:45:59.000Z"
        },
        {
            "author_id": "913045045",
            "text": ".@VodafoneUK - Serious network issues today. 📶\n\n#VodafoneDown",
            "id": "1504529034922934272",
            "created_at": "2022-03-17T18:44:09.000Z"
        },
        {
            "author_id": "47716485",
            "text": "@VodafoneUK WHY CAN I NOT SPEAK TO A HUMAN BEING",
            "id": "1504518759440175105",
            "created_at": "2022-03-17T18:03:19.000Z"
        },
        {
            "author_id": "1080085442307997696",
            "text": "@VodafoneUK I remember plug in remotes and broom handles 🤣",
            "id": "1504509043687268355",
            "referenced_tweets": [
                {
                    "type": "replied_to",
                    "id": "1504506769493704706"
                }
            ],
            "created_at": "2022-03-17T17:24:43.000Z"
        },
        {
            "author_id": "1323847560",
            "text": "@VodafoneUK Remotes are disappearing Vodafone, I still remember how I Handled Indie black edition back in 2010's around",
            "id": "1504508027998982144",
            "referenced_tweets": [
                {
                    "type": "replied_to",
                    "id": "1504506769493704706"
                }
            ],
            "created_at": "2022-03-17T17:20:40.000Z"
        },
        {
            "author_id": "1520054455",
            "text": "@VodafoneUK Haggling with the locals in Japan 😁",
            "id": "1504506286297296909",
            "referenced_tweets": [
                {
                    "type": "replied_to",
                    "id": "1503778049203924994"
                }
            ],
            "created_at": "2022-03-17T17:13:45.000Z"
        },
        {
            "author_id": "635393424",
            "text": "@standardnews @marksandspencer @VodafoneUK @AldiUK  I am disgusted by this, we should always look after our own first and foremost, what a kick in the teeth to the British!!!",
            "id": "1504498687615057920",
            "referenced_tweets": [
                {
                    "type": "replied_to",
                    "id": "1503399649998249986"
                }
            ],
            "created_at": "2022-03-17T16:43:34.000Z"
        },
        {
            "author_id": "315149353",
            "text": "@VodafoneUK Do I win a prize? I once won a pencil case in school for my maths 🙃",
            "id": "1504488335934328837",
            "referenced_tweets": [
                {
                    "type": "replied_to",
                    "id": "1504420754263355395"
                }
            ],
            "created_at": "2022-03-17T16:02:25.000Z"
        },
        {
            "author_id": "473890685",
            "text": "Another St Patrick's Day, and Six Nations arrival\n\n@IrishRugby @canterburyNZ @VodafoneUK @VodafoneIreland @RTEsport @RTErugby @BBCSport @ITVSport @ITVRugby @SixNationsRugby #SixNations #StPatricksDay https://t.co/bFOrVqWz9Y",
            "id": "1504483085491978242",
            "created_at": "2022-03-17T15:41:34.000Z"
        },
        {
            "author_id": "1315029420093177857",
            "text": "@VodafoneUK I should have stuck with the £20 bundle tbf and not dropped down to a cheaper bundle with less data because I had quite a bit of data left over out of the £20 one. I must also avoid streaming when not on WiFi as that eats up data",
            "id": "1504480599616090120",
            "referenced_tweets": [
                {
                    "type": "replied_to",
                    "id": "1504478239611256843"
                }
            ],
            "created_at": "2022-03-17T15:31:41.000Z"
        },
        {
            "author_id": "941966141068595202",
            "text": "@VodafoneUK Over 4 weeks and still having mobile signal problems with Mast issues…. ‘again’ WF34 area every time we have bad weather. Payments always come out on time No refund on bills. Contract ending soon thank god. Moving Provider.",
            "id": "1504480262536634375",
            "created_at": "2022-03-17T15:30:21.000Z"
        },
        {
            "author_id": "1300413816493289473",
            "text": "@wickdaman @XiaomiUK @VodafoneUK You already replied this exact same thing yesterday 🙆🏻‍♂️😄\n\nI know it's true to an extent, I never said it wasn't 🤙 https://t.co/7n8AEQwPF2",
            "id": "1504478899882713099",
            "referenced_tweets": [
                {
                    "type": "replied_to",
                    "id": "1504477111024709635"
                }
            ],
            "created_at": "2022-03-17T15:24:56.000Z"
        },
        {
            "author_id": "22414960",
            "text": "@VodafoneUK #DreamHoliday I’m of to Canada to get lost in the jungle 🌴🌴",
            "id": "1504477173859594240",
            "referenced_tweets": [
                {
                    "type": "replied_to",
                    "id": "1503778049203924994"
                }
            ],
            "created_at": "2022-03-17T15:18:04.000Z"
        },
        {
            "author_id": "37512310",
            "text": "@_AndroidAsh @XiaomiUK @VodafoneUK It's true though. Can vary slightly but yeh, normally 17 mins on the Xiaomi 11T Pro 😎🔋⚡ https://t.co/kIGWAd6Gua",
            "id": "1504477111024709635",
            "referenced_tweets": [
                {
                    "type": "replied_to",
                    "id": "1504161865609453569"
                }
            ],
            "created_at": "2022-03-17T15:17:49.000Z"
        },
        {
            "author_id": "37512310",
            "text": "@XiaomiUK @VodafoneUK Patiently awaiting the pre-order for #Xiaomi12Series ! 😍🔥",
            "id": "1504477103911157768",
            "referenced_tweets": [
                {
                    "type": "replied_to",
                    "id": "1504161335948546053"
                }
            ],
            "created_at": "2022-03-17T15:17:48.000Z"
        },
        {
            "author_id": "1315029420093177857",
            "text": "I’m sorry ⁦@VodafoneUK⁩ but I find it ridiculous that you are hammering me for data out of my top up. I was planning on upgrading to a £20 big value bundle or even a £15 one but I obviously can’t afford to now. Finding it hard to get enough monthly data to last me atm https://t.co/hXmbYYe9Ud",
            "id": "1504476250319949832",
            "created_at": "2022-03-17T15:14:24.000Z"
        },
        {
            "author_id": "927938467",
            "text": "@VodafoneUK #DreamHoliday skiing down a mountain in the Philippines ⛷️⛷️⛷️",
            "id": "1504463164166967303",
            "referenced_tweets": [
                {
                    "type": "replied_to",
                    "id": "1503778049203924994"
                }
            ],
            "created_at": "2022-03-17T14:22:24.000Z"
        },
        {
            "author_id": "97738125",
            "text": "@VodafoneUK @nikewikewa #DreamHoliday Investing in a timeshare I’ll never use in Costa Rica 😀",
            "id": "1504462139360219136",
            "referenced_tweets": [
                {
                    "type": "replied_to",
                    "id": "1503778049203924994"
                }
            ],
            "created_at": "2022-03-17T14:18:20.000Z"
        },
        {
            "author_id": "148894912",
            "text": "@VodafoneUK hi, I’m having terrible problems with broadband connection. Web pages v slow loading. Outlook freezing due to connection. App on phone not working. Done various troubleshooting and no joy. Bristol area.",
            "id": "1504459914026143747",
            "created_at": "2022-03-17T14:09:29.000Z"
        },
        {
            "author_id": "965501788832051201",
            "text": "@VodafoneUK Thank you Davo",
            "id": "1504459063073071108",
            "referenced_tweets": [
                {
                    "type": "replied_to",
                    "id": "1504457811983482884"
                }
            ],
            "created_at": "2022-03-17T14:06:06.000Z"
        },
        {
            "author_id": "348526826",
            "text": "@VodafoneUK Apparently I'm off to The Philippines to invest in a timeshare I'll never see. That's not my usual type of holiday. #DreamHoliday",
            "id": "1504459046522437639",
            "referenced_tweets": [
                {
                    "type": "replied_to",
                    "id": "1503778049203924994"
                }
            ],
            "created_at": "2022-03-17T14:06:02.000Z"
        },
        {
            "author_id": "907694160798474240",
            "text": "@VodafoneUK I’m going to Australia to hunt for a lost city #DreamHoliday",
            "id": "1504458330617655300",
            "referenced_tweets": [
                {
                    "type": "replied_to",
                    "id": "1503778049203924994"
                }
            ],
            "created_at": "2022-03-17T14:03:12.000Z"
        },
        {
            "author_id": "965501788832051201",
            "text": "@VodafoneUK I cannot get a DM through either! The boy asked me to choose from options then didn’t give me options!!!",
            "id": "1504457709596336132",
            "referenced_tweets": [
                {
                    "type": "replied_to",
                    "id": "1504454627688919045"
                }
            ],
            "created_at": "2022-03-17T14:00:44.000Z"
        },
        {
            "author_id": "1623163866",
            "text": "@VodafoneUK Bungee jumping in Greece, shame I don't like heights #VeryMeRewards",
            "id": "1504457661521272845",
            "referenced_tweets": [
                {
                    "type": "replied_to",
                    "id": "1503778049203924994"
                }
            ],
            "created_at": "2022-03-17T14:00:32.000Z"
        },
        {
            "author_id": "965501788832051201",
            "text": "@VodafoneUK I cannot get a DM through either. The boy asked me to choose from options then didn’t give me options!!!",
            "id": "1504457588905234435",
            "referenced_tweets": [
                {
                    "type": "replied_to",
                    "id": "1504454360973070342"
                }
            ],
            "created_at": "2022-03-17T14:00:15.000Z"
        },
        {
            "author_id": "356385385",
            "text": "@VodafoneUK Ah thank you! Looks like there’s other reported issues in the area",
            "id": "1504456646113828867",
            "referenced_tweets": [
                {
                    "type": "replied_to",
                    "id": "1504414227737546761"
                }
            ],
            "created_at": "2022-03-17T13:56:30.000Z"
        },
        {
            "author_id": "1490733253044715530",
            "text": "@VodafoneUK Yay! I'm off to Ireland to make friends with a bear #DreamHoliday",
            "id": "1504452005036765189",
            "referenced_tweets": [
                {
                    "type": "replied_to",
                    "id": "1503778049203924994"
                }
            ],
            "created_at": "2022-03-17T13:38:04.000Z"
        },
        {
            "author_id": "965501788832051201",
            "text": "@Damboss @VodafoneUK Same, I’m cancelling my direct debit. To say I’m cross now is an understatement.",
            "id": "1504449448197378056",
            "referenced_tweets": [
                {
                    "type": "replied_to",
                    "id": "1504431894766632961"
                }
            ],
            "created_at": "2022-03-17T13:27:54.000Z"
        },
        {
            "author_id": "25766966",
            "text": "Sky put my broadband up from £25 to £36 so I've switched to @VodafoneUK at £19 a month through @UswitchUK so I also get a £50 voucher &amp; I went to Uswitch through @Top_CashBack which is £30 cash back.All switched easily &amp; Vodafone's speeds are faster than sky! #cheapbroadband #Tip",
            "id": "1504449061184806912",
            "created_at": "2022-03-17T13:26:22.000Z"
        },
        {
            "author_id": "965501788832051201",
            "text": "@VodafoneUK I cannot listen to ‘Turn me on like a light switch’ or ‘can I get it right no-ah-ah-ooooww’ on loop for any longer as they’ve played around 400 times each whilst sat in hold today. I’m just going to cancel my Direct Debit.",
            "id": "1504448951382069249",
            "created_at": "2022-03-17T13:25:55.000Z"
        },
        {
            "author_id": "834395880849567745",
            "text": "@VodafoneUK #DreamHoliday I’ll be having tea and crumpets in France! 🇫🇷 ☕️ ❤️",
            "id": "1504447750691241984",
            "referenced_tweets": [
                {
                    "type": "replied_to",
                    "id": "1503778049203924994"
                }
            ],
            "created_at": "2022-03-17T13:21:09.000Z"
        },
        {
            "author_id": "2180432083",
            "text": "@VodafoneUK I'm off to Australia to feed the penguins! #DreamHoliday",
            "id": "1504445283215810566",
            "referenced_tweets": [
                {
                    "type": "replied_to",
                    "id": "1503805227765481477"
                }
            ],
            "created_at": "2022-03-17T13:11:21.000Z"
        },
        {
            "author_id": "268210884",
            "text": "@VodafoneUK Looks like mine is having tea and crumpets in Spain!\nHardly a #DreamHoliday 😂🍀💕🤞",
            "id": "1504439860660256771",
            "referenced_tweets": [
                {
                    "type": "replied_to",
                    "id": "1503778049203924994"
                }
            ],
            "created_at": "2022-03-17T12:49:48.000Z"
        },
        {
            "author_id": "1179796239770103810",
            "text": "@VodafoneUK 2 days and £160 in train tickets wasted. Forget having a look into it. Have your cancellation team contact me.",
            "id": "1504437232949764101",
            "referenced_tweets": [
                {
                    "type": "replied_to",
                    "id": "1504402466372300804"
                }
            ],
            "created_at": "2022-03-17T12:39:22.000Z"
        },
        {
            "author_id": "753397623118258176",
            "text": "Selected the option for leaving and the phone was answered within 2 minutes.\ntook nearly 30 minutes to get a resolution of “we’ll call you tomorrow, we don’t have a solution”\nBeyond disgusted at @VodafoneUK at this point. Looks like I’ll be going elsewhere once this is sorted. https://t.co/Z7CgVt42ou",
            "id": "1504437015097622531",
            "referenced_tweets": [
                {
                    "type": "replied_to",
                    "id": "1504428845709078537"
                }
            ],
            "created_at": "2022-03-17T12:38:30.000Z"
        },
        {
            "author_id": "455116796",
            "text": "@VodafoneUK Well this is the second time in the space of a week I’ve been promised a call back and no one ever calls, lost count of the amount of times Ive rang regarding my issue and everyone just swats me off to the next person.",
            "id": "1504436690630369284",
            "referenced_tweets": [
                {
                    "type": "replied_to",
                    "id": "1504431707642118147"
                }
            ],
            "created_at": "2022-03-17T12:37:12.000Z"
        },
        {
            "author_id": "907896430806827008",
            "text": "“The pandemic has shown we can work together virtually, and give ourselves a better balance.\" ⚖\n\n@VodafoneUK HR Director Clare Corkish caught up with @StylistMagazine to talk about workplace culture. 💡\n\n⬇ Here's what to look out for:\nhttps://t.co/NLMFcABlUX",
            "id": "1504435706369912834",
            "created_at": "2022-03-17T12:33:18.000Z"
        },
        {
            "author_id": "125409099",
            "text": "Hi @VodafoneUK thank you so much for your help and support today with my account problem. All sorted and very happy now too. People say #Vodafone #VodafoneUK are a bad network, nah you are the BEST. Been with VF 10+ years and more than happy to do so for another 10+ years 💯❤️💯 https://t.co/bDAAL8MQhF",
            "id": "1504431441626677249",
            "created_at": "2022-03-17T12:16:21.000Z"
        },
        {
            "author_id": "386199600",
            "text": "Is anyone else having issues making calls and using internet on @VodafoneUK in Bath or West Wiltshire? I have been struggling all morning!",
            "id": "1504430153300070403",
            "created_at": "2022-03-17T12:11:14.000Z"
        },
        {
            "author_id": "348526826",
            "text": "@VodafoneUK I'm off to The Philippines to invest in a timeshare I'll never see. That's not my usual type of holiday. #DreamHoliday",
            "id": "1504428184640622595",
            "referenced_tweets": [
                {
                    "type": "replied_to",
                    "id": "1503778049203924994"
                }
            ],
            "created_at": "2022-03-17T12:03:24.000Z"
        },
        {
            "author_id": "1144175626628280325",
            "text": "@VodafoneUK I am student of statistics. I am doing part time job for my university.i am using 2017 model https://t.co/G79vO5IRsL my phone is not working.plz I need a phone any type phone used phone for my daily works and university works.",
            "id": "1504427979694383106",
            "referenced_tweets": [
                {
                    "type": "replied_to",
                    "id": "1504281983844761601"
                }
            ],
            "created_at": "2022-03-17T12:02:35.000Z"
        },
        {
            "author_id": "361926423",
            "text": "@VodafoneUK Are these apple only or android too?",
            "id": "1504421781435736066",
            "referenced_tweets": [
                {
                    "type": "replied_to",
                    "id": "1504152767555907586"
                }
            ],
            "created_at": "2022-03-17T11:37:58.000Z"
        },
        {
            "author_id": "753397623118258176",
            "text": "Now at the hour mark! Almost certain I’ll be cutting everything off from @VodafoneUK at this point. Can’t have bad customer service if you don’t actually answer the phone eh? https://t.co/nRmn1fr6lt",
            "id": "1504421254383775747",
            "referenced_tweets": [
                {
                    "type": "replied_to",
                    "id": "1504415214862835712"
                }
            ],
            "created_at": "2022-03-17T11:35:52.000Z"
        }
    ],
    "includes": {
        "users": [
            {
                "id": "593136153",
                "name": "Anthony Bond",
                "username": "ABomb1987",
                "location": "Preston"
            },
            {
                "id": "486992182",
                "name": "wenmoon88.nft 🦁 🎱 🎱 🚀 🌙",
                "username": "randominvester",
                "location": "Mane Net"
            },
            {
                "id": "100958232",
                "name": "Gareth Paul Fradgley",
                "username": "gpfradgley",
                "location": "West Yorkshire, United Kingdom"
            },
            {
                "id": "23767944",
                "name": "JEMMA 💋 Adicto al café ☕️",
                "username": "JEMMAMC86",
                "location": "God save the Queen 🇬🇧"
            },
            {
                "id": "50628631",
                "name": "Rachael Santangelo",
                "username": "Beleza_Rach",
                "location": "Edinburgh, Bonnie Scotland "
            },
            {
                "id": "15630634",
                "name": "Ben Wood",
                "username": "benwood",
                "location": "London, UK"
            },
            {
                "id": "863847536",
                "name": "Andrew Corton 🇺🇦🇪🇺",
                "username": "AndyC360_",
                "location": "Rhodesia, England"
            },
            {
                "id": "4654136235",
                "name": "Strictly Judge",
                "username": "strictlyjudge",
                "location": "London, England"
            },
            {
                "id": "2313892392",
                "name": "Gavin Hurst",
                "username": "GJHurst1"
            },
            {
                "id": "741196264604348416",
                "name": "Lyndsey Kelly",
                "username": "klyndsey22",
                "location": "Wrexham, Wales"
            },
            {
                "id": "118750457",
                "name": "Luke Arrowsmith",
                "username": "LukeHenryA",
                "location": "Nelson, England"
            },
            {
                "id": "2241206546",
                "name": "Adam Corner",
                "username": "AdamCorner2"
            },
            {
                "id": "163125694",
                "name": "Meinir H Thomas 🏴󠁧󠁢󠁷󠁬󠁳󠁿💙💛",
                "username": "MeinirT",
                "location": "Caerfyrddin, Cymru "
            },
            {
                "id": "33471782",
                "name": "Affordable Mobiles",
                "username": "AffordableMob",
                "location": "United Kingdom"
            },
            {
                "id": "381423145",
                "name": "Big Dave",
                "username": "bigdave_uk",
                "location": "Sussex by the sea "
            },
            {
                "id": "50987933",
                "name": "Jake Bevan",
                "username": "Mepheisto",
                "location": "Oxford"
            },
            {
                "id": "16031661",
                "name": "cadere in occidente",
                "username": "cadere_in",
                "location": "Terms and Conditions Apply"
            },
            {
                "id": "150823066",
                "name": "Michael Tawroginski",
                "username": "Tawroginski",
                "location": "United Kingdom 🇬🇧"
            },
            {
                "id": "1017330656332967936",
                "name": "Mummy 🌟 of 🌟 7 🌟 Kids",
                "username": "Mummy_of_7_Kids",
                "location": "North West, England "
            },
            {
                "id": "952184947",
                "name": "Tony Roberts",
                "username": "Tonyyrobertss"
            },
            {
                "id": "19288685",
                "name": "James Ollerenshaw",
                "username": "jamesoll",
                "location": "London"
            },
            {
                "id": "20657457",
                "name": "Nou Campy FTW!",
                "username": "NouCampyFTW",
                "location": "Dundee"
            },
            {
                "id": "309153751",
                "name": "Living A Liverpool Life ❤️",
                "username": "Rinisparkle",
                "location": "Liverpool, England"
            },
            {
                "id": "246430346",
                "name": "🌺🌻Tina Deacon🌻🌺",
                "username": "tdeacon23",
                "location": "kent England"
            },
            {
                "id": "58271193",
                "name": "SIMONKNUCKEY",
                "username": "SMOKEYFORMBY"
            },
            {
                "id": "801396553",
                "name": "mark teasel💙💙💙",
                "username": "Mteasel67",
                "location": "east mids"
            },
            {
                "id": "84062474",
                "name": "Paula 🐕🐱🎮🌊🎶🇬🇧",
                "username": "LilMissCherryUK",
                "location": "Cornwall, UK"
            },
            {
                "id": "180566356",
                "name": "Andrew Reeves-Hall 💙",
                "username": "ReevesHall",
                "location": "Whitchurch, Hampshire"
            },
            {
                "id": "39051121",
                "name": "🐝☀️stay safe",
                "username": "kvj87",
                "location": "Liverpool"
            },
            {
                "id": "1155192086",
                "name": "🌟tanya vincent🌟",
                "username": "tan_euro"
            },
            {
                "id": "1143523344085594112",
                "name": "🧚🏻💕 Rachel 💕🧚🏻",
                "username": "Cat_meow_x",
                "location": "Warrington "
            },
            {
                "id": "21348311",
                "name": "Rob Winkfield",
                "username": "winkfir"
            },
            {
                "id": "82354925",
                "name": "Kim Howard",
                "username": "kimthomasandaim"
            },
            {
                "id": "941966141068595202",
                "name": "neil",
                "username": "neil11103402",
                "location": "United Kingdom"
            },
            {
                "id": "2542099652",
                "name": "Angela Ellis",
                "username": "BlitheSpirit666"
            },
            {
                "id": "192608384",
                "name": "Diane",
                "username": "diane_83",
                "location": "Berks, UK"
            },
            {
                "id": "370443200",
                "name": "#OnHoldWith",
                "username": "onholdwith",
                "location": "Toronto"
            },
            {
                "id": "913045045",
                "name": "🟣 MohamedMuraj",
                "username": "MohamedMuraj",
                "location": "London, England"
            },
            {
                "id": "4375618277",
                "name": "Antony .🤟🇺🇦",
                "username": "kippaxmcfc1",
                "location": "Manchester, England"
            },
            {
                "id": "49693157",
                "name": "Matthew Green",
                "username": "iphonedevuk",
                "location": "North Devon, UK"
            },
            {
                "id": "47716485",
                "name": "leanne",
                "username": "lexnnehxyes"
            },
            {
                "id": "1080085442307997696",
                "name": "BellSam48",
                "username": "Sam48Bell",
                "location": "Washington, England"
            },
            {
                "id": "1323847560",
                "name": "ƬΉΞ SЦPΞR PRΞDΛƬӨR",
                "username": "DRW_PREDATOR",
                "location": "Sri Lanka"
            },
            {
                "id": "1520054455",
                "name": "Amanda 🏴󠁧󠁢󠁳󠁣󠁴󠁿",
                "username": "Madhatter1888"
            },
            {
                "id": "635393424",
                "name": "Paul Dower",
                "username": "Pauldower1980",
                "location": "Skelmersdale "
            },
            {
                "id": "315149353",
                "name": "Adam Carrington",
                "username": "Chopper267",
                "location": "Skeg Vegas"
            },
            {
                "id": "473890685",
                "name": "martyn_229",
                "username": "MartynWilliams6",
                "location": "Wales, UK "
            },
            {
                "id": "1315029420093177857",
                "name": "Anthony Blanchard",
                "username": "AntBlanchard34",
                "location": "Hull, England"
            },
            {
                "id": "1300413816493289473",
                "name": "🄰🅂🄷 🏴󠁧󠁢󠁥󠁮󠁧󠁿",
                "username": "_AndroidAsh",
                "location": "🏴󠁧󠁢󠁥󠁮󠁧󠁿"
            },
            {
                "id": "22414960",
                "name": "Nicola Godfrey",
                "username": "NicolaGod3",
                "location": "Essex"
            },
            {
                "id": "37512310",
                "name": "Richard Conway",
                "username": "wickdaman",
                "location": "Suffolk, England"
            },
            {
                "id": "927938467",
                "name": "G Smith",
                "username": "44SmithG45",
                "location": "North England"
            },
            {
                "id": "97738125",
                "name": "SARAH MCCARTHY",
                "username": "BEALCROFT"
            },
            {
                "id": "148894912",
                "name": "SJNⒶ⚑",
                "username": "therealsneale",
                "location": "Bristol, UK"
            },
            {
                "id": "965501788832051201",
                "name": "Leonie Wooster",
                "username": "leonie_wooster",
                "location": "United Kingdom"
            },
            {
                "id": "348526826",
                "name": "Ritchie Dee",
                "username": "ritchie_dee",
                "location": "UK"
            },
            {
                "id": "907694160798474240",
                "name": "KateH",
                "username": "KateHow98804396",
                "location": "Leeds, England"
            },
            {
                "id": "1623163866",
                "name": "cat",
                "username": "CHcouk"
            },
            {
                "id": "356385385",
                "name": "char",
                "username": "chrlttno",
                "location": "Leeds"
            },
            {
                "id": "1490733253044715530",
                "name": "Wendy Lam-Vechi",
                "username": "WendyLamVechi"
            },
            {
                "id": "25766966",
                "name": "MrsG",
                "username": "MrsNJG1",
                "location": "Liverpool, England"
            },
            {
                "id": "834395880849567745",
                "name": "Moondill",
                "username": "moondill7",
                "location": "South East, England"
            },
            {
                "id": "2180432083",
                "name": "🎀 𝒦𝒶𝓏 🎀",
                "username": "kazweedon",
                "location": "♥ 𝙷𝚊𝚖𝚙𝚜𝚑𝚒𝚛𝚎, 𝚄𝙺 ♥"
            },
            {
                "id": "268210884",
                "name": "🐼 ☯ 𝖑𝖔𝖚𝖎𝖘𝖊 💛 🐝",
                "username": "ElvinFairy",
                "location": "In a tree"
            },
            {
                "id": "1179796239770103810",
                "name": "coffeesteve",
                "username": "coffeesteve3",
                "location": "Reading"
            },
            {
                "id": "753397623118258176",
                "name": "uber",
                "username": "uberbounty"
            },
            {
                "id": "455116796",
                "name": "Connor Gregory",
                "username": "Cgmarsh94",
                "location": "Liverpool, England"
            },
            {
                "id": "907896430806827008",
                "name": "Vodafone UK News Centre",
                "username": "vodafoneuknews",
                "location": "United Kingdom"
            },
            {
                "id": "125409099",
                "name": "Jay Alan Roberts",
                "username": "JamesRoberts330",
                "location": "Knowsley, England"
            },
            {
                "id": "386199600",
                "name": "Alex Shingler 🇺🇦",
                "username": "AlexShingler",
                "location": "Trowbridge, England"
            },
            {
                "id": "1144175626628280325",
                "name": "Umar Afridi",
                "username": "UmarAfr13",
                "location": "Islamabad,Peshawar,PAKISTAN"
            },
            {
                "id": "361926423",
                "name": "⚒  Claret and Blue ⚒",
                "username": "andymasonirons"
            }
        ],
        "tweets": [
            {
                "author_id": "20678384",
                "text": "Want to #WIN a Very Big Spring Getaway worth up to 10k? 🏝️\n\nUse #DreamHoliday and our generator to tell us what you'll be doing on it.\n\nCheck out #VeryMeRewards in the My Vodafone app for the chance to win more prizes 🎁\n\nTerms apply (ends 31/03/2022)👇\n\nhttps://t.co/HpXCBf8v0Z https://t.co/NkxMV6hdDp",
                "id": "1503778049203924994",
                "created_at": "2022-03-15T17:00:00.000Z"
            },
            {
                "author_id": "19017675",
                "text": "It is disgrace that cheap foreign workers will replace 800 sacked P&amp;O Ferries staff. Brexit was about putting our people first.",
                "id": "1504491186496720898",
                "created_at": "2022-03-17T16:13:45.000Z"
            },
            {
                "author_id": "20678384",
                "text": "@Beleza_Rach Hey, thank you for dropping us a message and getting back in touch, we're sorry this is taking a while to resolve however as you have mentioned our VEA team are now on the case, they'll be investigating this further for you and will get back to you as soon as possible. Keely https://t.co/zZC6gSR1Ak",
                "id": "1504795624100741120",
                "referenced_tweets": [
                    {
                        "type": "replied_to",
                        "id": "1504790190224781314"
                    }
                ],
                "created_at": "2022-03-18T12:23:29.000Z"
            },
            {
                "author_id": "20678384",
                "text": "@AndyC360_ Hi Andrew 👋 There's not a set time as this is automated. However, if you're concerned about paying your bill, you can contact our Care team on 191 and they can help with setting up a promise to pay, to prevent your lines from being restricted. 1/2 Ryan",
                "id": "1504791545693810691",
                "referenced_tweets": [
                    {
                        "type": "replied_to",
                        "id": "1504790372001718274"
                    }
                ],
                "created_at": "2022-03-18T12:07:16.000Z"
            },
            {
                "author_id": "20678384",
                "text": "@Beleza_Rach Hi Rachael! Let's take a look at what's happening there with your Advantage code. Please use the link below to send us a DM with your name and number to get started. You'll be greeted by our bot so kindly choose 'get started' and 'asked to DM' when prompted ✔️ Raz https://t.co/zZC6gSR1Ak",
                "id": "1504626873724252165",
                "referenced_tweets": [
                    {
                        "type": "replied_to",
                        "id": "1504585429336604673"
                    }
                ],
                "created_at": "2022-03-18T01:12:55.000Z"
            },
            {
                "author_id": "4654136235",
                "text": "@VodafoneUK I'm 2 weeks past my broadband activation date.  Over an hour online chat yesterday, told me to call your fibre team.  90mins holding last night, just clocked an hour on hold this morning - is there anyone there, or am I wasting my time?",
                "id": "1504774531994558468",
                "created_at": "2022-03-18T10:59:40.000Z"
            },
            {
                "author_id": "20678384",
                "text": "Costa money? 💷\n\nNope, Costa nothing 🤑\n\nGet your free small drink from @CostaCoffee today ☕\n\nHead to #VeryMeRewards in the My Vodafone app to claim yours 👇",
                "id": "1504729316382367764",
                "created_at": "2022-03-18T08:00:00.000Z"
            },
            {
                "author_id": "20678384",
                "text": "iPhone 13 Pro and iPhone 13 Pro Max. Now in Alpine Green.\n\nBiggest Pro camera system upgrade ever\nXDR display with ProMotion\nSuperfast 5G\nHuge leap in battery life\n\nBuy now: https://t.co/fA79M8hT67 https://t.co/XNAO3hgcvG",
                "id": "1504749971287035914",
                "created_at": "2022-03-18T09:22:04.000Z"
            },
            {
                "author_id": "20678384",
                "text": "@jamesoll Drop us a DM with your full name and home telephone number so we can take a closer look at your service 👍 Lisamarie https://t.co/zZC6gSR1Ak",
                "id": "1504725875115319317",
                "referenced_tweets": [
                    {
                        "type": "replied_to",
                        "id": "1504721871702532096"
                    }
                ],
                "created_at": "2022-03-18T07:46:19.000Z"
            },
            {
                "author_id": "20678384",
                "text": "@NouCampyFTW Hi 👋 You can find out all details on RPI/CPI prices by visiting 👉 https://t.co/Wb8qg1E6Qx. Richie",
                "id": "1504748029416558608",
                "referenced_tweets": [
                    {
                        "type": "replied_to",
                        "id": "1504738452742582274"
                    }
                ],
                "created_at": "2022-03-18T09:14:21.000Z"
            },
            {
                "author_id": "20678384",
                "text": "@tdeacon23 Very nice, can't go wrong with a Cappuccino! I hope your shift goes nice and quick for you 😁 Matt",
                "id": "1504735452305281030",
                "referenced_tweets": [
                    {
                        "type": "replied_to",
                        "id": "1504733828094517272"
                    }
                ],
                "created_at": "2022-03-18T08:24:23.000Z"
            },
            {
                "author_id": "20678384",
                "text": "@tdeacon23 That's what we like to hear, Tina! Have you already gone out and got yours? If so, what did you get 😁☕ Matt",
                "id": "1504733062277521443",
                "referenced_tweets": [
                    {
                        "type": "replied_to",
                        "id": "1504732056990933018"
                    }
                ],
                "created_at": "2022-03-18T08:14:53.000Z"
            },
            {
                "author_id": "20678384",
                "text": "@jamesoll Hi James 👋 Are you facing issues with your Home Broadband service or is it a Mobile Broadband plan you have? Lisamarie",
                "id": "1504721758271725589",
                "referenced_tweets": [
                    {
                        "type": "replied_to",
                        "id": "1504718765673570316"
                    }
                ],
                "created_at": "2022-03-18T07:29:58.000Z"
            },
            {
                "author_id": "16968625",
                "text": "Three Ways to Show Others the Value of Your Adaptability and Resilience​ https://t.co/6qM4dXtfHb #adaptable #resilience #options",
                "id": "1504562104594010114",
                "created_at": "2022-03-17T20:55:33.000Z"
            },
            {
                "author_id": "20678384",
                "text": "@neil11103402 Hi there Neil, really sorry about the disruption. Could you drop me a DM with the full postcode please and I'll run a few checks for you. Kieron",
                "id": "1504482449094373382",
                "referenced_tweets": [
                    {
                        "type": "replied_to",
                        "id": "1504480262536634375"
                    }
                ],
                "created_at": "2022-03-17T15:39:02.000Z"
            },
            {
                "author_id": "20678384",
                "text": "@MohamedMuraj Hey there! You can check for any problems via our Network Status Checker here: https://t.co/HxYb6JxM9M Simply pop in your postcode, select your frequency (3G/4G/5G) and then zoom out to check your expected coverage and any potential issues. Let us know how you get on. Danny K",
                "id": "1504529867521544196",
                "referenced_tweets": [
                    {
                        "type": "replied_to",
                        "id": "1504529034922934272"
                    }
                ],
                "created_at": "2022-03-17T18:47:27.000Z"
            },
            {
                "author_id": "20678384",
                "text": "Pre-order the OPPO Find X5 5G and claim a gift pack worth £373. From £37pm* + £29 upfront",
                "id": "1504117452967456772",
                "created_at": "2022-03-16T15:28:40.000Z"
            },
            {
                "author_id": "20678384",
                "text": "Alright, help us settle a debate. \n\nAre there more phones or remotes in the world?",
                "id": "1504506769493704706",
                "created_at": "2022-03-17T17:15:40.000Z"
            },
            {
                "author_id": "20678384",
                "text": "@lexnnehxyes Hey Leanne 👋 Could you please give me an idea of how I can help? 😊 Harriet",
                "id": "1504525997420515329",
                "referenced_tweets": [
                    {
                        "type": "replied_to",
                        "id": "1504518759440175105"
                    }
                ],
                "created_at": "2022-03-17T18:32:05.000Z"
            },
            {
                "author_id": "38142380",
                "text": "A rising number of UK companies are pledging support to Ukrainians fleeing the conflict with Russia by offering jobs and support with visa applications  https://t.co/9ZAVQlTzN6",
                "id": "1503399649998249986",
                "created_at": "2022-03-14T15:56:23.000Z"
            },
            {
                "author_id": "20678384",
                "text": "@Chopper267 Hey Adam 👋 Big thanks for raising this with us, I'll pass on to the correct team that we need to improve our maths and get the Ts&amp;Cs updated! 🤓 James",
                "id": "1504420754263355395",
                "referenced_tweets": [
                    {
                        "type": "replied_to",
                        "id": "1504405842283704323"
                    }
                ],
                "created_at": "2022-03-17T11:33:53.000Z"
            },
            {
                "author_id": "20678384",
                "text": "@AntBlanchard34 Hi Anthony 👋 Sorry to hear you’ve ran out of data allowance. Have you checked out our data extras here https://t.co/BZcnFT4Kix to keep you going. Also, if you run out of each data each month. It might be better to change your current bundle to one with more data allowance. Lou",
                "id": "1504478239611256843",
                "referenced_tweets": [
                    {
                        "type": "replied_to",
                        "id": "1504476250319949832"
                    }
                ],
                "created_at": "2022-03-17T15:22:18.000Z"
            },
            {
                "author_id": "37512310",
                "text": "@_AndroidAsh @XiaomiUK @VodafoneUK It's true though. Can vary slightly but yeh, normally 17 mins on the Xiaomi 11T Pro 😎🔋⚡ https://t.co/kIGWAd6Gua",
                "id": "1504477111024709635",
                "referenced_tweets": [
                    {
                        "type": "replied_to",
                        "id": "1504161865609453569"
                    }
                ],
                "created_at": "2022-03-17T15:17:49.000Z"
            },
            {
                "author_id": "1300413816493289473",
                "text": "@XiaomiUK @VodafoneUK https://t.co/VOARwVIWJx",
                "id": "1504161865609453569",
                "referenced_tweets": [
                    {
                        "type": "replied_to",
                        "id": "1504161335948546053"
                    }
                ],
                "created_at": "2022-03-16T18:25:09.000Z"
            },
            {
                "author_id": "1045302334987718657",
                "text": "@VodafoneUK Gotta be the low battery. We can sort that out in just 17 minutes",
                "id": "1504161335948546053",
                "referenced_tweets": [
                    {
                        "type": "replied_to",
                        "id": "1504152767555907586"
                    }
                ],
                "created_at": "2022-03-16T18:23:03.000Z"
            },
            {
                "author_id": "20678384",
                "text": "@leonie_wooster You have been connected with an agent and are now speaking with a member of the team 😊 Davo",
                "id": "1504457811983482884",
                "referenced_tweets": [
                    {
                        "type": "replied_to",
                        "id": "1504457588905234435"
                    }
                ],
                "created_at": "2022-03-17T14:01:08.000Z"
            },
            {
                "author_id": "20678384",
                "text": "@leonie_wooster Hi Leonie 👋 Sorry to hear that you are having a hard time getting through to us over the phone. Please drop us a DM where you’ll be presented with our BOT. Once this has happened, choose Get Started and Asked to DM so we can try and help 😊 Millie https://t.co/zZC6gSR1Ak",
                "id": "1504454627688919045",
                "referenced_tweets": [
                    {
                        "type": "replied_to",
                        "id": "1504448951382069249"
                    }
                ],
                "created_at": "2022-03-17T13:48:29.000Z"
            },
            {
                "author_id": "20678384",
                "text": "@leonie_wooster Hey Leonie 👋 If you would like to drop us a DM, we can take a look at any issue you might be having. When you send a DM, you'll be greeted by our BOT. Select 'Get Started' and 'Asked to DM' I'll take a further look into this. Kelly https://t.co/zZC6gSR1Ak",
                "id": "1504454360973070342",
                "referenced_tweets": [
                    {
                        "type": "replied_to",
                        "id": "1504449448197378056"
                    }
                ],
                "created_at": "2022-03-17T13:47:25.000Z"
            },
            {
                "author_id": "20678384",
                "text": "@chrlttno Hey Char 👋 We know how important a steady connection is. Have you checked the network in your area via our network checker here 👉 https://t.co/JaH0XHfkbZ \nPlease drop us a DM with your postcode if you would like us to take a look into this for you. Kelly https://t.co/zZC6gSR1Ak",
                "id": "1504414227737546761",
                "referenced_tweets": [
                    {
                        "type": "replied_to",
                        "id": "1504400401696759808"
                    }
                ],
                "created_at": "2022-03-17T11:07:57.000Z"
            },
            {
                "author_id": "72172021",
                "text": "@VodafoneUK I didn't give you 5-6 years of my custom for you to make its almost impossible to speak to a phone operator. I don't want to deal with no online chat wtf is this",
                "id": "1504431894766632961",
                "created_at": "2022-03-17T12:18:09.000Z"
            },
            {
                "author_id": "2180432083",
                "text": "@VodafoneUK Yay!! I’m going down under to Australia 🇦🇺 to feed the penguins 🐧 \n#DreamHoliday",
                "id": "1503805227765481477",
                "referenced_tweets": [
                    {
                        "type": "replied_to",
                        "id": "1503778049203924994"
                    }
                ],
                "created_at": "2022-03-15T18:48:00.000Z"
            },
            {
                "author_id": "20678384",
                "text": "@coffeesteve3 Hi there! Really sorry about the disruption. Could you pop over a DM with the postcode please and I'll run a few checks for you. Kieron",
                "id": "1504402466372300804",
                "referenced_tweets": [
                    {
                        "type": "replied_to",
                        "id": "1504102065139822595"
                    }
                ],
                "created_at": "2022-03-17T10:21:13.000Z"
            },
            {
                "author_id": "753397623118258176",
                "text": "“We’re really busy at the moment, sorry for the delay” cheers Vodafone. \n90 minutes later, I think it’s time to end the call. Let’s see how quickly I can get through if I say I want to purchase a new install https://t.co/FOTPm1DDFZ",
                "id": "1504428845709078537",
                "referenced_tweets": [
                    {
                        "type": "replied_to",
                        "id": "1504421254383775747"
                    }
                ],
                "created_at": "2022-03-17T12:06:02.000Z"
            },
            {
                "author_id": "20678384",
                "text": "@Cgmarsh94 Hey Connor ✋ We're sorry to hear you feel this way, it's not what we want to hear from any of our customers. Could you give us some more information on your query as we may be able to help over social media? 🙂 Tran",
                "id": "1504431707642118147",
                "referenced_tweets": [
                    {
                        "type": "replied_to",
                        "id": "1504431317366321154"
                    }
                ],
                "created_at": "2022-03-17T12:17:24.000Z"
            },
            {
                "author_id": "20678384",
                "text": "@UmarAfr13 Hi Umar 👋 How is it I can help? Dean",
                "id": "1504281983844761601",
                "referenced_tweets": [
                    {
                        "type": "replied_to",
                        "id": "1504281632085262338"
                    }
                ],
                "created_at": "2022-03-17T02:22:27.000Z"
            },
            {
                "author_id": "20678384",
                "text": "Which of the new emojis are you?\n\nWe’re all about that glitter ball. https://t.co/YD18MId0H9",
                "id": "1504152767555907586",
                "created_at": "2022-03-16T17:49:00.000Z"
            },
            {
                "author_id": "753397623118258176",
                "text": "Now30, nearly 40 mins on hold to @VodafoneUK trying to sort out a problem THEY caused and potentially leaving me without internet. \nGreat service here guys! Wouldn’t take nearly as long if I was wanting to purchase a service https://t.co/OovTr1whdM",
                "id": "1504415214862835712",
                "referenced_tweets": [
                    {
                        "type": "replied_to",
                        "id": "1504409607439015947"
                    }
                ],
                "created_at": "2022-03-17T11:11:52.000Z"
            }
        ]
    },
    "errors": [
        {
            "resource_id": "1504745701489758218",
            "parameter": "referenced_tweets.id",
            "resource_type": "tweet",
            "section": "includes",
            "title": "Authorization Error",
            "value": "1504745701489758218",
            "detail": "Sorry, you are not authorized to see the Tweet with referenced_tweets.id: [1504745701489758218].",
            "type": "https://api.twitter.com/2/problems/not-authorized-for-resource"
        }
    ],
    "meta": {
        "oldest_id": "1504421254383775747",
        "newest_id": "1504805900367937536",
        "previous_token": "77qpymm88g5h9vqklurc07jp5vresg1c0s0u0eg9ejuie",
        "result_count": 100,
        "next_token": "7140dibdnow9c7btw420js05c6ibr7wyyylkg3c7rcz7b"
    }
}