{
    "data": [
        {
            "text": "@MichelleMansel8 @EE Fab! Get building up your cashback 😊",
            "id": "1505261183078748165",
            "created_at": "2022-03-19T19:13:27.000Z",
            "referenced_tweets": [
                {
                    "type": "replied_to",
                    "id": "1505259629793718273"
                }
            ],
            "author_id": "2164699055"
        },
        {
            "text": "@Angharad_78 @EE Yikes, looks like I've already signed up. Will request a password reset 👌 https://t.co/g4k3OpBGRv",
            "id": "1505259629793718273",
            "created_at": "2022-03-19T19:07:16.000Z",
            "referenced_tweets": [
                {
                    "type": "replied_to",
                    "id": "1505215122180091904"
                }
            ],
            "author_id": "1017044018474225665"
        },
        {
            "text": "@EE my up speed on 5g is very poor \nAverage speed of 1.2\nDown speed around 101 \nIs any body else having problems",
            "id": "1505259269142331399",
            "created_at": "2022-03-19T19:05:50.000Z",
            "author_id": "636918361"
        },
        {
            "text": "@EE not impressed so far. What flipping QR code do I need to scan to set up my sim / new contract. Its ridiculous.",
            "id": "1505258974467301388",
            "created_at": "2022-03-19T19:04:40.000Z",
            "author_id": "1876326966"
        },
        {
            "text": "Mobile reception in many hospital buildings is terrible, often making it impossible to speak with quarantined loved ones.\n\nAfter 2.5 years of pandemic, why hasn't anything been done about this?\n\n@Offcom @Number10press @VodafoneGroup @O2 @EE @ThreeUK #pandemic",
            "id": "1505256111934476291",
            "created_at": "2022-03-19T18:53:18.000Z",
            "author_id": "1037140534471663618"
        },
        {
            "text": "@2016khald @ee",
            "id": "1505254108428750848",
            "created_at": "2022-03-19T18:45:20.000Z",
            "referenced_tweets": [
                {
                    "type": "replied_to",
                    "id": "1505243934443937797"
                }
            ],
            "author_id": "2736373410"
        },
        {
            "text": "@EE Hi, I upgraded my phone and got a deal where I got a laptop with my upgrade. I have received my phone but there is no indication of how to claim or when I might receive the laptop. Can you help?",
            "id": "1505253046896496651",
            "created_at": "2022-03-19T18:41:07.000Z",
            "referenced_tweets": [
                {
                    "type": "replied_to",
                    "id": "1505091708723372032"
                }
            ],
            "author_id": "624937787"
        },
        {
            "text": "@EE are owned by BT so it is no wonder prices just keep on going up and service gets poorer - just like BT https://t.co/tE5vn2kwVj",
            "id": "1505251157702320134",
            "created_at": "2022-03-19T18:33:36.000Z",
            "referenced_tweets": [
                {
                    "type": "quoted",
                    "id": "1501502856637124611"
                }
            ],
            "author_id": "222412083"
        },
        {
            "text": "@EE Thank you. If this old brain remembers and it just might, will let you know of progress on Tuesday.",
            "id": "1505246296294281216",
            "created_at": "2022-03-19T18:14:17.000Z",
            "referenced_tweets": [
                {
                    "type": "replied_to",
                    "id": "1505243454250622976"
                }
            ],
            "author_id": "3326845083"
        },
        {
            "text": "@EE @mattfrei Stop conning people",
            "id": "1505246262051938308",
            "created_at": "2022-03-19T18:14:09.000Z",
            "referenced_tweets": [
                {
                    "type": "replied_to",
                    "id": "1505215681763344389"
                }
            ],
            "author_id": "1488650262965370888"
        },
        {
            "text": "@EE I’ve never been on a worse network! Your signal is more hit and miss than a game of battleships!",
            "id": "1505241636749688841",
            "created_at": "2022-03-19T17:55:46.000Z",
            "author_id": "1494943024438300672"
        },
        {
            "text": "@mattfrei @EE How else can they afford Kevin Bacon?!",
            "id": "1505241428095647745",
            "created_at": "2022-03-19T17:54:57.000Z",
            "referenced_tweets": [
                {
                    "type": "replied_to",
                    "id": "1505201761979613186"
                }
            ],
            "author_id": "1403809289295253506"
        },
        {
            "text": "@EE Thank you  EE As always You have been exemplary and am expecting an engineer in the wee Believe itz a repeat of a former problem one which previous engineer was able to rectify albeit, it would appear, temporarily Your customer service is as brilliant as its said to be Thank you.",
            "id": "1505241165901217800",
            "created_at": "2022-03-19T17:53:54.000Z",
            "referenced_tweets": [
                {
                    "type": "replied_to",
                    "id": "1505238072446918661"
                }
            ],
            "author_id": "3326845083"
        },
        {
            "text": "@EE #poorservice",
            "id": "1505240967393296388",
            "created_at": "2022-03-19T17:53:07.000Z",
            "author_id": "1478778971269607429"
        },
        {
            "text": "@EE #irregularadministration\nI will not allow EE to treat me this way. Sort out your poor technology. I'm done playing your games #nomorebeaurocrocy",
            "id": "1505240346640404480",
            "created_at": "2022-03-19T17:50:39.000Z",
            "author_id": "3826238968"
        },
        {
            "text": "@EE Don't order can't even fill the people like me who have pre ordered just want to make the sale and make you wait.",
            "id": "1505239659655401473",
            "created_at": "2022-03-19T17:47:55.000Z",
            "referenced_tweets": [
                {
                    "type": "replied_to",
                    "id": "1494336377877532676"
                }
            ],
            "author_id": "793840820"
        },
        {
            "text": "@Dawsy16 @EE Yeah it's bullshit. Like alot of companies,unless you come in as a new customer, you'll have to threaten to leave, then they'll throw all the offers at you.",
            "id": "1505236771516391431",
            "created_at": "2022-03-19T17:36:26.000Z",
            "referenced_tweets": [
                {
                    "type": "replied_to",
                    "id": "1505220048939634690"
                }
            ],
            "author_id": "25327727"
        },
        {
            "text": "@ThreeUK LOLs. That’s hilarious. Boundless. Bless. Annoying that 3 still ends up in my Twitter ad feed.  Would NEVER use them again. Would rather string two cans together with some string or send smoke signals than ever use them again. Just save yourselves the misery - move (now) to @EE.",
            "id": "1505233101865242629",
            "created_at": "2022-03-19T17:21:52.000Z",
            "referenced_tweets": [
                {
                    "type": "replied_to",
                    "id": "1481275540439023618"
                }
            ],
            "author_id": "1316080497139879937"
        },
        {
            "text": "@EE @mattfrei A bit late for that 🙄. I recommend Tesco Mobile. Consistently fair and decent.",
            "id": "1505233079924932611",
            "created_at": "2022-03-19T17:21:46.000Z",
            "referenced_tweets": [
                {
                    "type": "replied_to",
                    "id": "1505215681763344389"
                }
            ],
            "author_id": "540113771"
        },
        {
            "text": "@flagnetwork_NFT good project\n@VinayChandraLal \n@aantonop \n@EE \n@LLnvr00",
            "id": "1505232844784009216",
            "created_at": "2022-03-19T17:20:50.000Z",
            "referenced_tweets": [
                {
                    "type": "replied_to",
                    "id": "1505219820413153280"
                }
            ],
            "author_id": "1493848090637668353"
        },
        {
            "text": "@martincroom @mattfrei @EE Which is a lot of use 🙄. Kevin Bacon plays his worst part ever.",
            "id": "1505232689984589832",
            "created_at": "2022-03-19T17:20:13.000Z",
            "referenced_tweets": [
                {
                    "type": "replied_to",
                    "id": "1505203151917522944"
                }
            ],
            "author_id": "540113771"
        },
        {
            "text": "@mattfrei @EE @Ofcom should be interested. I recommend Tesco mobile.",
            "id": "1505232063464722435",
            "created_at": "2022-03-19T17:17:44.000Z",
            "referenced_tweets": [
                {
                    "type": "replied_to",
                    "id": "1505201761979613186"
                }
            ],
            "author_id": "540113771"
        },
        {
            "text": "@EE I am having issues with roaming in the US - I have the roam abroad pass but I am unable to make or receive calls however data works fine. I contacted support and was told nothing could be done as there are known issues in the US which is unacceptable!!",
            "id": "1505228525720117248",
            "created_at": "2022-03-19T17:03:40.000Z",
            "author_id": "1025478123939344384"
        },
        {
            "text": "@EE I finally got a response from the messaged service the sim is now working but very little else and I don’t have time to mess around any more today.  Very very annoyed with the whole thing",
            "id": "1505225938568687617",
            "created_at": "2022-03-19T16:53:24.000Z",
            "referenced_tweets": [
                {
                    "type": "replied_to",
                    "id": "1505224182266834950"
                }
            ],
            "author_id": "100343470"
        },
        {
            "text": "@zept009 @EE @eeh @eehhh 👋 hey fren, new project you’ll love, free whitelist if you want it (I have 100 to give away today!)🤝❤️  https://t.co/GJoecbSxFI",
            "id": "1505225140862595076",
            "created_at": "2022-03-19T16:50:13.000Z",
            "referenced_tweets": [
                {
                    "type": "replied_to",
                    "id": "1504350880434618370"
                }
            ],
            "author_id": "124470591"
        },
        {
            "text": "@mattfrei @EE They are terrible. I remember having lots of problems with them some years ago. Never used them since.",
            "id": "1505222462610493448",
            "created_at": "2022-03-19T16:39:35.000Z",
            "referenced_tweets": [
                {
                    "type": "replied_to",
                    "id": "1505201761979613186"
                }
            ],
            "author_id": "24170523"
        },
        {
            "text": "@EE Waiting for DPD to contact me still",
            "id": "1505220365466882048",
            "created_at": "2022-03-19T16:31:15.000Z",
            "author_id": "100331970"
        },
        {
            "text": "Looking to see where I cut down monthly costs, figured maybe my @EE phone bill could be an area as a lot of other sim only plans are a cheaper, only to find out it'll cost me over £300 to get out a sim only contract 😐 Absolutely BS way to stongarm people into staying.",
            "id": "1505220048939634690",
            "created_at": "2022-03-19T16:29:59.000Z",
            "author_id": "126709474"
        },
        {
            "text": "@mattfrei @EE Bullsh%tters I no longer have a contract and use my Huawei mostly via wifi connections in protest. Against the silly phone upgrades they have maxed out. When it comes to social media a decent HDR image will do fine. The phone companies are failing.",
            "id": "1505219267188477956",
            "created_at": "2022-03-19T16:26:53.000Z",
            "referenced_tweets": [
                {
                    "type": "replied_to",
                    "id": "1505201761979613186"
                }
            ],
            "author_id": "292382795"
        },
        {
            "text": "@mattfrei @EE They're all greedy bastards Matt. End of.",
            "id": "1505218898551001092",
            "created_at": "2022-03-19T16:25:25.000Z",
            "referenced_tweets": [
                {
                    "type": "replied_to",
                    "id": "1505201761979613186"
                }
            ],
            "author_id": "19834332"
        },
        {
            "text": "@tomellis17 @EE to each other, and then he talks a little about \"dan\" this is one of the most exciting parts of the series, and the series also talks about people feeling guilty, and trying to get over the guilt to move on",
            "id": "1505218563304525827",
            "created_at": "2022-03-19T16:24:05.000Z",
            "referenced_tweets": [
                {
                    "type": "replied_to",
                    "id": "1505218514734432262"
                }
            ],
            "author_id": "1485372351256698881"
        },
        {
            "text": "@tomellis17 @EE lucifer is a sensational series, it addresses the issues of people's aging over time, it also talks about family issues, such as the one between dan and trixie, in which he became a ghots, and wished \"not to have left before being a good example for his daughter\" and they talk...",
            "id": "1505218514734432262",
            "created_at": "2022-03-19T16:23:54.000Z",
            "referenced_tweets": [
                {
                    "type": "replied_to",
                    "id": "1395755723456323591"
                }
            ],
            "author_id": "1485372351256698881"
        },
        {
            "text": "@frenchantiq @mattfrei @EE Being famous has done it!\n\n@EE have asked @mattfrei to send them a DM ASAP!\n(couple of tweets above yours) \n\nIt's nice to know that the blue tick works for some, hope you can get your complaint solved ✅👏👏",
            "id": "1505217607066075142",
            "created_at": "2022-03-19T16:20:17.000Z",
            "referenced_tweets": [
                {
                    "type": "replied_to",
                    "id": "1505212306040496128"
                }
            ],
            "author_id": "1262864964072755201"
        },
        {
            "text": "@mattfrei @EE I have had the same problem. They are sat on £237 of my money that I've been trying to get back for two weeks. Hours spent on the phone. Not good enough. Hope you get it sorted. I'm currently on hold. Again.",
            "id": "1505217182552182787",
            "created_at": "2022-03-19T16:18:36.000Z",
            "referenced_tweets": [
                {
                    "type": "replied_to",
                    "id": "1505201761979613186"
                }
            ],
            "author_id": "192312872"
        },
        {
            "text": "https://t.co/3lTAjEueE8 \n@BGSHonorSociety @ksaask121 @Airdrop6_com @MetakingsAI @metabot_bsc @Hotmoontoken @stc_ksa @Meta_UFO @METASPIDERMAN_I @SandBoxArt_Net @YupVerse @EE @MetakingsAI @MetakingsAI @P1Market @roooh19A @OoCPokemon @wondirland_fi",
            "id": "1505215957479919618",
            "created_at": "2022-03-19T16:13:44.000Z",
            "author_id": "1496243902076100616"
        },
        {
            "text": "@EE Total waste of an afternoon and sat with a half working phone #poorcustomerservice #disappointed",
            "id": "1505215195282616322",
            "created_at": "2022-03-19T16:10:42.000Z",
            "referenced_tweets": [
                {
                    "type": "replied_to",
                    "id": "1505135447986606081"
                }
            ],
            "author_id": "100343470"
        },
        {
            "text": "@EE still very poor signal in my area on a brand new phone. Fed up with being fobbed off being told there is no issue when quite evidently there is. #EE #poorservice https://t.co/PWzjCuddBu",
            "id": "1505215149820551168",
            "created_at": "2022-03-19T16:10:31.000Z",
            "author_id": "625814166"
        },
        {
            "text": "@MichelleMansel8 @EE Here’s a screenshot of my account balance it’s hard to believe honestly. https://t.co/zk9ZPkMTi2",
            "id": "1505215122180091904",
            "created_at": "2022-03-19T16:10:25.000Z",
            "referenced_tweets": [
                {
                    "type": "replied_to",
                    "id": "1505214987127689226"
                }
            ],
            "author_id": "2164699055"
        },
        {
            "text": "@MichelleMansel8 @EE It’s a no brainer it’s so easy. I already do things like mobiles, broadband through it because the cashback is huge! Use this link to sign up and you’ll get an extra £10 when you use it for the first time. https://t.co/F2x5QlTj6d",
            "id": "1505214987127689226",
            "created_at": "2022-03-19T16:09:53.000Z",
            "referenced_tweets": [
                {
                    "type": "replied_to",
                    "id": "1505174495358853123"
                }
            ],
            "author_id": "2164699055"
        },
        {
            "text": "@EE Mentioned phone when spoke on the notes due late payment rest April",
            "id": "1505212596584124417",
            "created_at": "2022-03-19T16:00:23.000Z",
            "author_id": "1080072106841436161"
        },
        {
            "text": "@mattfrei @EE EE, in my experience too, are a rip-off. And any complaints procedure they offer will ultimately prove a waste of time. I hope you have better luck than I did - maybe being famous will help?",
            "id": "1505212306040496128",
            "created_at": "2022-03-19T15:59:13.000Z",
            "referenced_tweets": [
                {
                    "type": "replied_to",
                    "id": "1505201761979613186"
                }
            ],
            "author_id": "999434117442867200"
        },
        {
            "text": "@EE rest pinball machines others like YouTube soundcloud Spotify avarify story saver and WOMBO don’t use plus offroad outlaws I do those also rec Room have sort this Monday into story pay those rest April some those pinball machines pay those Monday rest April",
            "id": "1505211967702765573",
            "created_at": "2022-03-19T15:57:53.000Z",
            "author_id": "1080072106841436161"
        },
        {
            "text": "@EE I’m coming Monday rang up about discussion had phone pay 200 this month rest April guy gave me 30 days from now do so sort out card NatWest due fraud should be there by then or Tuesday maybe Wednesday no later than sorry caused inconvenience tell you what apps need paying",
            "id": "1505211531608399874",
            "created_at": "2022-03-19T15:56:09.000Z",
            "author_id": "1080072106841436161"
        },
        {
            "text": "@EE I'm tired of repeating the problem time and time again...just check the accounts. You have the technology !!!",
            "id": "1505210893033947136",
            "created_at": "2022-03-19T15:53:37.000Z",
            "referenced_tweets": [
                {
                    "type": "replied_to",
                    "id": "1505206287411339272"
                }
            ],
            "author_id": "3826238968"
        },
        {
            "text": "@EE no",
            "id": "1505210587055374351",
            "created_at": "2022-03-19T15:52:24.000Z",
            "referenced_tweets": [
                {
                    "type": "replied_to",
                    "id": "1494336377877532676"
                }
            ],
            "author_id": "716610180679655424"
        },
        {
            "text": "@EE Than for response, already sorted as was due to is being a trade in deal I had to phone CS. 👍",
            "id": "1505210338106613762",
            "created_at": "2022-03-19T15:51:24.000Z",
            "referenced_tweets": [
                {
                    "type": "replied_to",
                    "id": "1505206475974664193"
                }
            ],
            "author_id": "27238477"
        },
        {
            "text": "@DPDgroup_news @EE @EE Any news?",
            "id": "1505209930386751488",
            "created_at": "2022-03-19T15:49:47.000Z",
            "referenced_tweets": [
                {
                    "type": "replied_to",
                    "id": "1505191943894151173"
                }
            ],
            "author_id": "100331970"
        },
        {
            "text": "@mattfrei @EE I had the same problem 😕 \nEventually I did get a refund on what I'd paid for 2nd number.",
            "id": "1505209611758063620",
            "created_at": "2022-03-19T15:48:31.000Z",
            "referenced_tweets": [
                {
                    "type": "replied_to",
                    "id": "1505201761979613186"
                }
            ],
            "author_id": "370761596"
        },
        {
            "text": "Hi @EE I bought a 30gb data pack for my mifi device. When I'm connecting my phone and tablet it is saying connected with no Internet. Never had this problem before.",
            "id": "1505207794944954372",
            "created_at": "2022-03-19T15:41:18.000Z",
            "author_id": "2314587322"
        },
        {
            "text": "Thank you to Michael from @EE.\nWhat a helpful fella.",
            "id": "1505207675541499912",
            "created_at": "2022-03-19T15:40:49.000Z",
            "author_id": "398229111"
        },
        {
            "text": "@mattfrei @EE Three did the same to ma femme. 16 calls later they credited her. Total nonsense saying they couldn’t transfer number or close old account as her name wasn’t quite the same on her new account!",
            "id": "1505205188956770309",
            "created_at": "2022-03-19T15:30:57.000Z",
            "referenced_tweets": [
                {
                    "type": "replied_to",
                    "id": "1505201761979613186"
                }
            ],
            "author_id": "2510661390"
        },
        {
            "text": "@EE It would have been nice to have some notice. I didn't see that bit in the ts and cs, but I didn't read all the small print. If I don't pick another benifit I assume I just pay the premium for nothing.I can't even upgrade early,as my phone is classed as \"damaged\" so no benefits 😞",
            "id": "1505204788325191685",
            "created_at": "2022-03-19T15:29:21.000Z",
            "referenced_tweets": [
                {
                    "type": "replied_to",
                    "id": "1505108130866286592"
                }
            ],
            "author_id": "1219282345"
        },
        {
            "text": "@EE Circle phobia",
            "id": "1505204664119222273",
            "created_at": "2022-03-19T15:28:51.000Z",
            "referenced_tweets": [
                {
                    "type": "replied_to",
                    "id": "1494336705901461515"
                }
            ],
            "author_id": "1213884445784076288"
        },
        {
            "text": "Hi @EE snapped my sim can I go in store or do I need to order online please",
            "id": "1505203580348903428",
            "created_at": "2022-03-19T15:24:33.000Z",
            "author_id": "3223871613"
        },
        {
            "text": "@EE thanks for these totally unexpected from buying the #SamsungS22Ultra https://t.co/ByDF25CfXu",
            "id": "1505203117872357380",
            "created_at": "2022-03-19T15:22:43.000Z",
            "author_id": "20317337"
        },
        {
            "text": "@EE I’m still waiting for my phone? Got a new watch and I still can’t use it! But I’m still paying for it 🤷‍♂️",
            "id": "1505202734487777280",
            "created_at": "2022-03-19T15:21:11.000Z",
            "author_id": "1016744626747772931"
        },
        {
            "text": "@mattfrei @EE Tory Britain. \nCorporations over People.\nAre you surprised?\nThis is just the start. \nWait for the death toll when the fuel rises kick in.",
            "id": "1505202512583958528",
            "created_at": "2022-03-19T15:20:18.000Z",
            "referenced_tweets": [
                {
                    "type": "replied_to",
                    "id": "1505201761979613186"
                }
            ],
            "author_id": "1302287186365120515"
        },
        {
            "text": "@EE Well I’ve been hanging around since two what’s the point of dm’ing if you don’t respond",
            "id": "1505202134559694850",
            "created_at": "2022-03-19T15:18:48.000Z",
            "referenced_tweets": [
                {
                    "type": "replied_to",
                    "id": "1505135447986606081"
                }
            ],
            "author_id": "100343470"
        },
        {
            "text": "Outrageous behaviour by @EE Charging daughter for two phone lines, having sold her new iPhone 13 with fake promise of early cancellation of number she doesn’t need. V upset. Fleecing customers.",
            "id": "1505201761979613186",
            "created_at": "2022-03-19T15:17:20.000Z",
            "author_id": "90918950"
        },
        {
            "text": "@web3_coin #altcoins #CRYPTONEWS #airdrop\n\n@CarrascosaCris_ @EE",
            "id": "1505201630324609034",
            "created_at": "2022-03-19T15:16:48.000Z",
            "referenced_tweets": [
                {
                    "type": "replied_to",
                    "id": "1504121975530475525"
                }
            ],
            "author_id": "1075323119865421825"
        },
        {
            "text": "@lewisgenney @EE Hello and thank you for reaching out to us. Please send us a direct message and we can assist you with that. Kind regards.",
            "id": "1505191943894151173",
            "created_at": "2022-03-19T14:38:19.000Z",
            "referenced_tweets": [
                {
                    "type": "replied_to",
                    "id": "1505191222826184707"
                }
            ],
            "author_id": "3092776893"
        },
        {
            "text": "@EE Oh please @EE you can barely get a signal 2 minutes outside most towns up here int North. Jeez",
            "id": "1505191832149540871",
            "created_at": "2022-03-19T14:37:52.000Z",
            "referenced_tweets": [
                {
                    "type": "replied_to",
                    "id": "1488246872586268678"
                }
            ],
            "author_id": "2922928415"
        },
        {
            "text": "@EE Just made an order for a wireless router when will @DPDgroup_news will be in touch so I can redirect it my side",
            "id": "1505191222826184707",
            "created_at": "2022-03-19T14:35:27.000Z",
            "author_id": "100331970"
        },
        {
            "text": "@EE @daviewhisk Me too",
            "id": "1505190893506203650",
            "created_at": "2022-03-19T14:34:08.000Z",
            "referenced_tweets": [
                {
                    "type": "replied_to",
                    "id": "1503310871577214978"
                }
            ],
            "author_id": "1357109033967235079"
        },
        {
            "text": "I swear @EE are doing everything they can to get one over on me. Jumping through hoops and submitting forms and ringing numbers just to be told I have to wait 72 hours every time I send an email. By the time I cancel my contract will be a year gone…",
            "id": "1505182369250164741",
            "created_at": "2022-03-19T14:00:16.000Z",
            "author_id": "1241018112478187521"
        },
        {
            "text": "Changed from EE to o2 because EE couldn't do a new deal on my s21 Ultra.\nGoing with o2 was the biggest mistake ever....the signal coverage is shocking its so bad!!\nEE is far better but what can I do 😭\n@o2 @EE",
            "id": "1505181273765158921",
            "created_at": "2022-03-19T13:55:55.000Z",
            "author_id": "302268692"
        },
        {
            "text": "@EE hello. Please check DM",
            "id": "1505178890003746816",
            "created_at": "2022-03-19T13:46:26.000Z",
            "author_id": "2933351020"
        },
        {
            "text": "@EE Even ofcom says it should be good indoors.... Do you (and these actually check).... https://t.co/daKlMQEiYy",
            "id": "1505178551028527104",
            "created_at": "2022-03-19T13:45:06.000Z",
            "referenced_tweets": [
                {
                    "type": "replied_to",
                    "id": "1504714218402193409"
                }
            ],
            "author_id": "1169723012523970561"
        },
        {
            "text": "So the staff at the @EE store I upgraded with have lost all paperwork and information regarding my upgrade. So I’ve been waiting and nobody knows where my phone / order is! 😵‍💫🙈🤯🤯🤯 absolutely useless!!",
            "id": "1505178416022179842",
            "created_at": "2022-03-19T13:44:33.000Z",
            "author_id": "40314060"
        },
        {
            "text": "@EE I’d have a go at it",
            "id": "1505177007855919108",
            "created_at": "2022-03-19T13:38:58.000Z",
            "referenced_tweets": [
                {
                    "type": "replied_to",
                    "id": "1488246872586268678"
                }
            ],
            "author_id": "1030506455647043590"
        },
        {
            "text": "@EE This is highly inaccurate. Outdoors OK, indoors struggle to make a call unless near a window. Even WiFi calling is poor. Which is a shame because your coverage is normally good. May, have to change my provider. Samsung Galaxy S10 https://t.co/4QAXQ2JRCm",
            "id": "1505176955775332356",
            "created_at": "2022-03-19T13:38:45.000Z",
            "referenced_tweets": [
                {
                    "type": "replied_to",
                    "id": "1504714218402193409"
                }
            ],
            "author_id": "1169723012523970561"
        },
        {
            "text": "@EE can someone assist me! I am unable to make or receive calls.",
            "id": "1505175527652569089",
            "created_at": "2022-03-19T13:33:05.000Z",
            "author_id": "134066997"
        },
        {
            "text": "@NGCP @Aboitiz @Colight @powerplants @mechanics @electricians @ME @EE @A https://t.co/hdMo0mQTfJ",
            "id": "1505175404096921600",
            "created_at": "2022-03-19T13:32:35.000Z",
            "referenced_tweets": [
                {
                    "type": "quoted",
                    "id": "1505137546992713728"
                }
            ],
            "author_id": "3305254231"
        },
        {
            "text": "@Angharad_78 @EE We more or less do most of our shopping online so we really ought to look in to it 👍 x",
            "id": "1505174495358853123",
            "created_at": "2022-03-19T13:28:59.000Z",
            "referenced_tweets": [
                {
                    "type": "replied_to",
                    "id": "1505166922228420610"
                }
            ],
            "author_id": "1017044018474225665"
        },
        {
            "text": "@EE - hi.. I’m off to Turkey in May and my EE app suggests that this will not be included in my plan (roaming), however I’ve received a text saying I have “Roam Anywhere” activated? Can you clarify whether I’ll be covered or not?",
            "id": "1505173999705374721",
            "created_at": "2022-03-19T13:27:00.000Z",
            "author_id": "252611223"
        },
        {
            "text": "@theryderathome @EE What's a Fair Phone? Never heard of that. 🤔",
            "id": "1505173092901036040",
            "created_at": "2022-03-19T13:23:24.000Z",
            "referenced_tweets": [
                {
                    "type": "replied_to",
                    "id": "1501604905097781252"
                }
            ],
            "author_id": "110415869"
        },
        {
            "text": "@EE Ah well I hope you enjoy your days off, enjoy when you get home too :)",
            "id": "1505166985709170689",
            "created_at": "2022-03-19T12:59:08.000Z",
            "referenced_tweets": [
                {
                    "type": "replied_to",
                    "id": "1505144410215956482"
                }
            ],
            "author_id": "1337862046088638464"
        },
        {
            "text": "@MichelleMansel8 @EE I’ve had over a £1000 back how people don’t use this to do their online shopping I’ll never know x",
            "id": "1505166922228420610",
            "created_at": "2022-03-19T12:58:53.000Z",
            "referenced_tweets": [
                {
                    "type": "replied_to",
                    "id": "1505166514768519169"
                }
            ],
            "author_id": "2164699055"
        },
        {
            "text": "@EE #poorcustomerservice\nI'm not going to let you ignore my calls",
            "id": "1505166809602965510",
            "created_at": "2022-03-19T12:58:26.000Z",
            "author_id": "3826238968"
        },
        {
            "text": "@EE any known issues in the NN12 8 area? No service this morning ?",
            "id": "1505166613938585600",
            "created_at": "2022-03-19T12:57:40.000Z",
            "author_id": "233573025"
        },
        {
            "text": "@Angharad_78 @EE Aw thanks for this Angharad x",
            "id": "1505166514768519169",
            "created_at": "2022-03-19T12:57:16.000Z",
            "referenced_tweets": [
                {
                    "type": "replied_to",
                    "id": "1505135326335053825"
                }
            ],
            "author_id": "1017044018474225665"
        },
        {
            "text": "@EE How long does it take for an upgrade order to show on my account. Ordered yesterday and still nothing",
            "id": "1505164740078809091",
            "created_at": "2022-03-19T12:50:13.000Z",
            "author_id": "27238477"
        },
        {
            "text": "@EE Yes it is very very very serious and they are going to be caught and brought to justice hopefully a prison sentence will teach them not to keep repeating the malicious attacks against me and the hacking of my devices",
            "id": "1505164648798162953",
            "created_at": "2022-03-19T12:49:51.000Z",
            "referenced_tweets": [
                {
                    "type": "replied_to",
                    "id": "1505161915970031634"
                }
            ],
            "author_id": "1403751077548376065"
        },
        {
            "text": "@EE For gods sake ! People need to get a life and get back to reality",
            "id": "1505162943214022658",
            "created_at": "2022-03-19T12:43:04.000Z",
            "referenced_tweets": [
                {
                    "type": "replied_to",
                    "id": "1488246944757698561"
                }
            ],
            "author_id": "1438847486471426048"
        },
        {
            "text": "Spoken to Mickey from EE who said he would be able to help me when I wrote online about what happened with myself and my EE contract and as usuall the outcome was.... no help 🙄\nThanks @EE",
            "id": "1505162147810226179",
            "created_at": "2022-03-19T12:39:55.000Z",
            "author_id": "3504398542"
        },
        {
            "text": "@EE I’m hoping that EE will do the decent thing and help me out to put a full stop to it, It’s impossible to keep changing my number it affects everything as you know makes life really difficult for people, so hopefully they will be caught",
            "id": "1505160852613308417",
            "created_at": "2022-03-19T12:34:46.000Z",
            "referenced_tweets": [
                {
                    "type": "replied_to",
                    "id": "1505158760205008904"
                }
            ],
            "author_id": "1403751077548376065"
        },
        {
            "text": "@EE \n\nHi, I would like to find out (on my dad's behalf) if his contract has run out and if so, if he can cancel it as he doesn't use the number anymore.",
            "id": "1505159874623295490",
            "created_at": "2022-03-19T12:30:53.000Z",
            "author_id": "997833371702226945"
        },
        {
            "text": "@DPDgroup_news Please can I have a telephone number so I can speak to a human being about this. It’s a package from @EE and, as I said no attempt was made to contact me, the map just changed from almost at my home to item refused and sent back to the depot.",
            "id": "1505159652392284160",
            "created_at": "2022-03-19T12:30:00.000Z",
            "referenced_tweets": [
                {
                    "type": "replied_to",
                    "id": "1505158719289577478"
                }
            ],
            "author_id": "453282838"
        },
        {
            "text": "@EE You got the number it belongs to your network you know who owns this number. The police will trace it and act on it accordingly , they should do, it’s evil people and gang stalkers doing it. They will be caught and brought to justice, going on since May 2019 its next doors probs",
            "id": "1505158394499538948",
            "created_at": "2022-03-19T12:25:00.000Z",
            "referenced_tweets": [
                {
                    "type": "replied_to",
                    "id": "1505153940991746048"
                }
            ],
            "author_id": "1403751077548376065"
        },
        {
            "text": "@EE Whist some major providers have frozen roaming charges during tough economical times @EE have decided to reinstate theirs. 'deals' on new phones might be plentiful but ethics and morals aren't",
            "id": "1505153388320899073",
            "created_at": "2022-03-19T12:05:06.000Z",
            "referenced_tweets": [
                {
                    "type": "replied_to",
                    "id": "1498717329911435269"
                }
            ],
            "author_id": "1430538087503958016"
        },
        {
            "text": "@EE are robbing bastards 🤬 still taking money for a number that is not in use, nearly £40 a month 🤬 told we can’t do anything about it as out of 14 day period, so just getting money for nothing 🤬🤬🤬🤬",
            "id": "1505152469504040962",
            "created_at": "2022-03-19T12:01:27.000Z",
            "author_id": "64053332"
        },
        {
            "text": "@EE AMAZING service from Ashley just now thank you #grateful",
            "id": "1505149515489284100",
            "created_at": "2022-03-19T11:49:43.000Z",
            "referenced_tweets": [
                {
                    "type": "replied_to",
                    "id": "1504778998596972545"
                }
            ],
            "author_id": "78574078"
        },
        {
            "text": "@EE my wife posted old Samsung phone back on Monday, Special Delivery. It was delivered Tuesday (have proof). Still getting Final Reminder trade in e-mails today and to ensure it's received by 21st March.  Is this normal?",
            "id": "1505147507906686985",
            "created_at": "2022-03-19T11:41:44.000Z",
            "author_id": "7743542"
        },
        {
            "text": "@Salwa10jan @Shawn_Vodden_93 @Zetlydotio @EE @free @ChaChato_CCT https://t.co/bQ2UFToHQe",
            "id": "1505146521070841856",
            "created_at": "2022-03-19T11:37:49.000Z",
            "author_id": "1481912043657641984"
        },
        {
            "text": "@EE Im okay, I’m not doing anything, I might go to a duck pond not sure yet :) how about you?",
            "id": "1505143814322798599",
            "created_at": "2022-03-19T11:27:04.000Z",
            "referenced_tweets": [
                {
                    "type": "replied_to",
                    "id": "1505137720506601476"
                }
            ],
            "author_id": "1337862046088638464"
        },
        {
            "text": "@EE I ordered a new phone and am very disappointed that it has no plug charger, earphones and even the USB supplied is not a USB cable but has phone connection either end! I'd like to return please and cancel my contract.",
            "id": "1505143533581352961",
            "created_at": "2022-03-19T11:25:57.000Z",
            "author_id": "510795412"
        },
        {
            "text": "@kingofberkshire @GBNEWS @EE Here’s your next advert to test.",
            "id": "1505142189109788678",
            "created_at": "2022-03-19T11:20:36.000Z",
            "referenced_tweets": [
                {
                    "type": "replied_to",
                    "id": "1505080984299089926"
                }
            ],
            "author_id": "811325478359461892"
        },
        {
            "text": "This is definitely going to be HUGE! Thank for good project.\n@cammack_justin \n@EE \n@vita_designs \n#Airdrop #BSC #DinocoCoin #NFTs https://t.co/mo1oL0X1ka",
            "id": "1505141541870141440",
            "created_at": "2022-03-19T11:18:02.000Z",
            "referenced_tweets": [
                {
                    "type": "quoted",
                    "id": "1505078658670931970"
                }
            ],
            "author_id": "4130753293"
        },
        {
            "text": "@EE website is doing my head in",
            "id": "1505141541525983234",
            "created_at": "2022-03-19T11:18:02.000Z",
            "author_id": "239030267"
        },
        {
            "text": "Switched back over to @EE today. Oh how I have missed the speeds on your network!",
            "id": "1505140989261983745",
            "created_at": "2022-03-19T11:15:50.000Z",
            "author_id": "265502208"
        }
    ],
    "includes": {
        "users": [
            {
                "id": "2164699055",
                "location": "Ferndale, Wales",
                "username": "Angharad_78",
                "name": "Angharad Walters 🏴󠁧󠁢󠁷󠁬󠁳󠁿✊"
            },
            {
                "id": "1017044018474225665",
                "location": "West Wales",
                "username": "MichelleMansel8",
                "name": "Michelle Mansell 🏴󠁧󠁢󠁷󠁬󠁳󠁿💙🌈"
            },
            {
                "id": "636918361",
                "username": "beckybuster",
                "name": "beckybuster"
            },
            {
                "id": "1876326966",
                "location": "Bristol, England",
                "username": "Steerio84",
                "name": "Duck"
            },
            {
                "id": "1037140534471663618",
                "location": "London, England",
                "username": "BrightKnight15",
                "name": "BrightKnight"
            },
            {
                "id": "2736373410",
                "location": "الظهران, المملكة العربية السعودية",
                "username": "Abo_Abdulaziz96",
                "name": "Abo.Abdulaziz|🇸🇦ابو عبدالعزيز"
            },
            {
                "id": "624937787",
                "location": "Leeds",
                "username": "benjohn1983",
                "name": "BJT"
            },
            {
                "id": "222412083",
                "location": "York, UK",
                "username": "VicarGeoff",
                "name": "Geoff Mumford"
            },
            {
                "id": "3326845083",
                "username": "P_T_McC",
                "name": "Pauline_Mac"
            },
            {
                "id": "1488650262965370888",
                "username": "tamnadddu",
                "name": "Nada"
            },
            {
                "id": "1494943024438300672",
                "username": "DanielC37238896",
                "name": "Daniel Chapman"
            },
            {
                "id": "1403809289295253506",
                "username": "AlexHakmeh",
                "name": "Alex Hakmeh"
            },
            {
                "id": "1478778971269607429",
                "username": "RebeccaSohail3",
                "name": "Rebecca Sohail"
            },
            {
                "id": "3826238968",
                "username": "rebecca_sohail",
                "name": "Rebecca Sohail"
            },
            {
                "id": "793840820",
                "username": "Punkdude1981",
                "name": "Dan G 🤟"
            },
            {
                "id": "25327727",
                "location": "anywhere",
                "username": "rahim94",
                "name": "Rahim™ 🇬🇧🇲🇦🇺🇦"
            },
            {
                "id": "1316080497139879937",
                "username": "cut_once_well",
                "name": "My Tweets"
            },
            {
                "id": "540113771",
                "username": "AIDANTURNER4",
                "name": "AIDAN TURNER"
            },
            {
                "id": "1493848090637668353",
                "username": "Hai3086517",
                "name": "Hai"
            },
            {
                "id": "1025478123939344384",
                "location": "London, England",
                "username": "yashyp93",
                "name": "Yash Patel"
            },
            {
                "id": "100343470",
                "location": "LONDON",
                "username": "jjsmeiman",
                "name": "Just JJ"
            },
            {
                "id": "124470591",
                "username": "FetlockNFT",
                "name": "Fetlock"
            },
            {
                "id": "24170523",
                "location": "London",
                "username": "forheavensake",
                "name": "RC - third world child, free spirit"
            },
            {
                "id": "100331970",
                "location": "London, England",
                "username": "lewisgenney",
                "name": "lewis genney"
            },
            {
                "id": "126709474",
                "username": "Dawsy16",
                "name": "Daws"
            },
            {
                "id": "292382795",
                "location": "Thornton-Cleveleys ",
                "username": "garrypickles",
                "name": "Garry Pickles 🇺🇦 🇬🇧"
            },
            {
                "id": "19834332",
                "location": "South Wales / De Cymru",
                "username": "johntyx",
                "name": "John Cameron Hughes"
            },
            {
                "id": "1485372351256698881",
                "username": "gustavo26052",
                "name": "gustavo"
            },
            {
                "id": "1262864964072755201",
                "location": "An Independent Scotland ❤️",
                "username": "2Ironside",
                "name": "🏴󠁧󠁢󠁳󠁣󠁴󠁿 Sam no.2 🏴󠁧󠁢󠁳󠁣󠁴󠁿"
            },
            {
                "id": "192312872",
                "location": "Hitchin",
                "username": "EricAndEthel",
                "name": "Hannah Ciepiela"
            },
            {
                "id": "1496243902076100616",
                "username": "omar2572022",
                "name": "omar2022"
            },
            {
                "id": "625814166",
                "username": "oldskoolnod",
                "name": "James Knell"
            },
            {
                "id": "1080072106841436161",
                "location": "Edmonton Brighton",
                "username": "ConjuredRundown",
                "name": "Andrew Farrugia"
            },
            {
                "id": "999434117442867200",
                "location": "Ireland",
                "username": "frenchantiq",
                "name": "Le Tat C'est Moi"
            },
            {
                "id": "716610180679655424",
                "username": "64Jamz",
                "name": "James Ashelford"
            },
            {
                "id": "27238477",
                "location": "Glasgow",
                "username": "xXRandomTaskXx",
                "name": "Stewart McConnell"
            },
            {
                "id": "370761596",
                "location": "Essex ",
                "username": "cazessex",
                "name": "Carol B.🇺🇦"
            },
            {
                "id": "2314587322",
                "location": "Scotland. ",
                "username": "mick81670",
                "name": "W33trampus"
            },
            {
                "id": "398229111",
                "location": "UK",
                "username": "bossproofreader",
                "name": "Foolproof (Sylvia Suddes)"
            },
            {
                "id": "2510661390",
                "location": "Hampshire UK",
                "username": "David6Strutt",
                "name": "David Strutt"
            },
            {
                "id": "1219282345",
                "username": "Loverofcrisps",
                "name": "crisp lover"
            },
            {
                "id": "1213884445784076288",
                "username": "Adoptedgeordie3",
                "name": "Adoptedgeordie86"
            },
            {
                "id": "3223871613",
                "username": "marcusprosser74",
                "name": "Lord Marcus"
            },
            {
                "id": "20317337",
                "location": "Wrexham, God's Country",
                "username": "wrexham_gamer",
                "name": "🇺🇦🆆🆁🅴🆇🅷🅰🅼_🅶🅰🅼🅴🆁 #Xbox 🗝"
            },
            {
                "id": "1016744626747772931",
                "location": "United Kingdom",
                "username": "Michael57690152",
                "name": "Michael Armstrong"
            },
            {
                "id": "1302287186365120515",
                "username": "BarryNormal1",
                "name": "BarryNormal"
            },
            {
                "id": "90918950",
                "location": "Washington, DC",
                "username": "mattfrei",
                "name": "Matt Frei"
            },
            {
                "id": "1075323119865421825",
                "username": "ad_beraki",
                "name": "a.b.m"
            },
            {
                "id": "3092776893",
                "location": "Worldwide",
                "username": "DPDgroup_news",
                "name": "DPDgroup"
            },
            {
                "id": "2922928415",
                "location": "North East, UK",
                "username": "AllotmentFloss",
                "name": "Neil Flossy Smith"
            },
            {
                "id": "1357109033967235079",
                "location": "Ireland and UK",
                "username": "Melanieanderby",
                "name": "Melanie Andersonby"
            },
            {
                "id": "1241018112478187521",
                "username": "papaschnozz",
                "name": "Papa Schnozz"
            },
            {
                "id": "302268692",
                "location": "Cardiff ( UK )",
                "username": "Laserpromo",
                "name": "James keane with Laserpromo Cardiff🏴󠁧󠁢󠁷󠁬󠁳󠁿❤"
            },
            {
                "id": "2933351020",
                "username": "shanacole1990",
                "name": "Harry"
            },
            {
                "id": "1169723012523970561",
                "username": "Spencer745",
                "name": "Bag Puss 🇺🇦"
            },
            {
                "id": "40314060",
                "location": "Wales, United Kingdom",
                "username": "Smanfax",
                "name": "Samantha"
            },
            {
                "id": "1030506455647043590",
                "location": "Preston, England",
                "username": "PhilBur76917612",
                "name": "Guncle Phil (FULLY VAXXED!)"
            },
            {
                "id": "134066997",
                "location": "In My Zone 😘 UK",
                "username": "SophiaSabz",
                "name": "💫Sabz Virgo💫"
            },
            {
                "id": "3305254231",
                "location": "ف الدنيا",
                "username": "isnaimangas",
                "name": "EM 🔩🔧"
            },
            {
                "id": "252611223",
                "location": "Whiteley, Hampshire",
                "username": "PaulDarlaston84",
                "name": "Paul Darlaston"
            },
            {
                "id": "110415869",
                "location": "Scotland",
                "username": "EuanFarmer",
                "name": "Euan Farmer"
            },
            {
                "id": "1337862046088638464",
                "location": "she/her",
                "username": "SpaceEvie",
                "name": "Evie"
            },
            {
                "id": "233573025",
                "username": "ellysophia",
                "name": "Elly & Matt"
            },
            {
                "id": "1403751077548376065",
                "location": "South Wales, United Kingdom.",
                "username": "great_teller",
                "name": "Great British Storyteller, Sharon is my name 👍"
            },
            {
                "id": "1438847486471426048",
                "username": "KarenBowenCart2",
                "name": "Enlightened"
            },
            {
                "id": "3504398542",
                "username": "Andy_H84",
                "name": "Andy Highton"
            },
            {
                "id": "997833371702226945",
                "username": "nerdybookdragon",
                "name": "Rachel 🌈"
            },
            {
                "id": "453282838",
                "location": "London",
                "username": "floweroflondon",
                "name": "mostly-at-home-in-london"
            },
            {
                "id": "1430538087503958016",
                "username": "TalkenSport",
                "name": "Joga bonito"
            },
            {
                "id": "64053332",
                "location": "Northamptonshire ",
                "username": "fookinchuff",
                "name": "ScouSebiRd"
            },
            {
                "id": "78574078",
                "location": "LONDON AND ESSEX ",
                "username": "HEALERH",
                "name": "HAYLEY NEWTON"
            },
            {
                "id": "7743542",
                "location": "Aberdeen, Scotland",
                "username": "drl",
                "name": "David Lewis"
            },
            {
                "id": "1481912043657641984",
                "username": "Salwa10jan",
                "name": "Salwa"
            },
            {
                "id": "510795412",
                "username": "misstski",
                "name": "Tanya Levy"
            },
            {
                "id": "811325478359461892",
                "username": "Jones_2552",
                "name": "Jones_2552"
            },
            {
                "id": "4130753293",
                "username": "EmmaEmm15144836",
                "name": "Emma Emma"
            },
            {
                "id": "239030267",
                "location": "Manchester",
                "username": "CurrieLicious",
                "name": "Danny Currie"
            },
            {
                "id": "265502208",
                "username": "insp2238",
                "name": "Nick Oliver"
            }
        ],
        "tweets": [
            {
                "text": "@Angharad_78 @EE Yikes, looks like I've already signed up. Will request a password reset 👌 https://t.co/g4k3OpBGRv",
                "id": "1505259629793718273",
                "created_at": "2022-03-19T19:07:16.000Z",
                "referenced_tweets": [
                    {
                        "type": "replied_to",
                        "id": "1505215122180091904"
                    }
                ],
                "author_id": "1017044018474225665"
            },
            {
                "text": "@MichelleMansel8 @EE Here’s a screenshot of my account balance it’s hard to believe honestly. https://t.co/zk9ZPkMTi2",
                "id": "1505215122180091904",
                "created_at": "2022-03-19T16:10:25.000Z",
                "referenced_tweets": [
                    {
                        "type": "replied_to",
                        "id": "1505214987127689226"
                    }
                ],
                "author_id": "2164699055"
            },
            {
                "text": "شركات الاتصال في #بريطانيا .. مين الأفضل في الانترنت ؟\n\n✅ شاركونا تجاربكم https://t.co/imP3KqARBU",
                "id": "1505243934443937797",
                "created_at": "2022-03-19T18:04:54.000Z",
                "author_id": "1624180052"
            },
            {
                "text": "It’s the weekend! We hope that you have a great one. If you need us, we’re here from 8am to 8pm.",
                "id": "1505091708723372032",
                "created_at": "2022-03-19T08:00:01.000Z",
                "author_id": "7117212"
            },
            {
                "text": "@tsmith1873 @EE I was just lazy at the time, convenience over practicality but yeah massive saving when I leave, still with that revolving door of old customers leaving &amp; new ones being treated like royalty until they sign...they won't change.",
                "id": "1501502856637124611",
                "created_at": "2022-03-09T10:19:12.000Z",
                "referenced_tweets": [
                    {
                        "type": "replied_to",
                        "id": "1501478943664267265"
                    }
                ],
                "author_id": "1237343193584336896"
            },
            {
                "text": "@P_T_McC Glad to hear we're on the case already, Pauline. Be sure to keep us posted with how you get on 😊 - DJ",
                "id": "1505243454250622976",
                "created_at": "2022-03-19T18:03:00.000Z",
                "referenced_tweets": [
                    {
                        "type": "replied_to",
                        "id": "1505241165901217800"
                    }
                ],
                "author_id": "7117212"
            },
            {
                "text": "@mattfrei Good afternoon Matt. I would like to have this looked into further, if you could kindly send me over a direct message as soon as possible. -Ashleigh https://t.co/m14c5xio7y",
                "id": "1505215681763344389",
                "created_at": "2022-03-19T16:12:38.000Z",
                "referenced_tweets": [
                    {
                        "type": "replied_to",
                        "id": "1505201761979613186"
                    }
                ],
                "author_id": "7117212"
            },
            {
                "text": "Outrageous behaviour by @EE Charging daughter for two phone lines, having sold her new iPhone 13 with fake promise of early cancellation of number she doesn’t need. V upset. Fleecing customers.",
                "id": "1505201761979613186",
                "created_at": "2022-03-19T15:17:20.000Z",
                "author_id": "90918950"
            },
            {
                "text": "@P_T_McC Good afternoon, Pauline. I know how important it is to have reliable WIFI. If you have a landline linked to your account, even if it is not used, you can text HELP then the landline number to 60071 we'll then check the line and send you a message back with the next steps 🙂 - DJ",
                "id": "1505238072446918661",
                "created_at": "2022-03-19T17:41:37.000Z",
                "referenced_tweets": [
                    {
                        "type": "replied_to",
                        "id": "1505189590847705089"
                    }
                ],
                "author_id": "7117212"
            },
            {
                "text": "Get the epic new Samsung Galaxy S22 Ultra and save  £336 with trade-in in any condition, plus claim a pair of Galaxy Buds pro. And get Netflix on selected plans.",
                "id": "1494336377877532676",
                "created_at": "2022-02-17T15:42:10.000Z",
                "author_id": "7117212"
            },
            {
                "text": "Looking to see where I cut down monthly costs, figured maybe my @EE phone bill could be an area as a lot of other sim only plans are a cheaper, only to find out it'll cost me over £300 to get out a sim only contract 😐 Absolutely BS way to stongarm people into staying.",
                "id": "1505220048939634690",
                "created_at": "2022-03-19T16:29:59.000Z",
                "author_id": "126709474"
            },
            {
                "text": "Whether you have a team to 10 or 200, our Unlimited data SIMs are great value.",
                "id": "1481275540439023618",
                "created_at": "2022-01-12T14:43:04.000Z",
                "author_id": "158368965"
            },
            {
                "text": "📢Announcement about our Plan for unlocking and distributing FLAG tokens\n\n💡To ensure the interests of IDO investors, we will apply strict restrictions on tokens from the Airdrop.\n\n🆙These are the conditions to help FLAG tokens develop sustainably in the future.\n\nAre you ready?🚀 https://t.co/qjP89oTsvN",
                "id": "1505219820413153280",
                "created_at": "2022-03-19T16:29:05.000Z",
                "author_id": "1055135887233695744"
            },
            {
                "text": "@mattfrei @EE But, apparently, you can land a plane from your own living room using their broadband\n\nGet stuck into them Matt",
                "id": "1505203151917522944",
                "created_at": "2022-03-19T15:22:51.000Z",
                "referenced_tweets": [
                    {
                        "type": "replied_to",
                        "id": "1505201761979613186"
                    }
                ],
                "author_id": "56816572"
            },
            {
                "text": "@jjsmeiman Hi there.\n\nI haven't heard back from you after I sent a message earlier on, if you could get back to me I can look into this for you. -Connor",
                "id": "1505224182266834950",
                "created_at": "2022-03-19T16:46:25.000Z",
                "referenced_tweets": [
                    {
                        "type": "replied_to",
                        "id": "1505215195282616322"
                    }
                ],
                "author_id": "7117212"
            },
            {
                "text": "@vingoslang @Project_G_NFT @ee @eeh @eehhh",
                "id": "1504350880434618370",
                "created_at": "2022-03-17T06:56:14.000Z",
                "referenced_tweets": [
                    {
                        "type": "replied_to",
                        "id": "1504223858236268557"
                    }
                ],
                "author_id": "1391335294943653891"
            },
            {
                "text": "@tomellis17 @EE lucifer is a sensational series, it addresses the issues of people's aging over time, it also talks about family issues, such as the one between dan and trixie, in which he became a ghots, and wished \"not to have left before being a good example for his daughter\" and they talk...",
                "id": "1505218514734432262",
                "created_at": "2022-03-19T16:23:54.000Z",
                "referenced_tweets": [
                    {
                        "type": "replied_to",
                        "id": "1395755723456323591"
                    }
                ],
                "author_id": "1485372351256698881"
            },
            {
                "text": "No stunt doubles, no clever editing – just a robot barber on @EE’s network and my neck (literally) on the line. They said I could count on them #WhenItCounts, and I definitely took them up on that. #AD https://t.co/cKgjPMPAih",
                "id": "1395755723456323591",
                "created_at": "2021-05-21T14:57:51.000Z",
                "author_id": "106753602"
            },
            {
                "text": "@mattfrei @EE EE, in my experience too, are a rip-off. And any complaints procedure they offer will ultimately prove a waste of time. I hope you have better luck than I did - maybe being famous will help?",
                "id": "1505212306040496128",
                "created_at": "2022-03-19T15:59:13.000Z",
                "referenced_tweets": [
                    {
                        "type": "replied_to",
                        "id": "1505201761979613186"
                    }
                ],
                "author_id": "999434117442867200"
            },
            {
                "text": "@jjsmeiman Sorry to hear that you're having some trouble with your voicemail, I'd love to get this sorted for you. Would you mind sending me a DM with some information about what's going on with it please? -Connor https://t.co/m14c5xhQi0",
                "id": "1505135447986606081",
                "created_at": "2022-03-19T10:53:49.000Z",
                "referenced_tweets": [
                    {
                        "type": "replied_to",
                        "id": "1505120678600712192"
                    }
                ],
                "author_id": "7117212"
            },
            {
                "text": "@MichelleMansel8 @EE It’s a no brainer it’s so easy. I already do things like mobiles, broadband through it because the cashback is huge! Use this link to sign up and you’ll get an extra £10 when you use it for the first time. https://t.co/F2x5QlTj6d",
                "id": "1505214987127689226",
                "created_at": "2022-03-19T16:09:53.000Z",
                "referenced_tweets": [
                    {
                        "type": "replied_to",
                        "id": "1505174495358853123"
                    }
                ],
                "author_id": "2164699055"
            },
            {
                "text": "@Angharad_78 @EE We more or less do most of our shopping online so we really ought to look in to it 👍 x",
                "id": "1505174495358853123",
                "created_at": "2022-03-19T13:28:59.000Z",
                "referenced_tweets": [
                    {
                        "type": "replied_to",
                        "id": "1505166922228420610"
                    }
                ],
                "author_id": "1017044018474225665"
            },
            {
                "text": "@rebecca_sohail Hi Rebecca.\n\nI am sorry that we've left you feeling this way, and if you'd like to pop back to your DM I would love to help out. -Linzi H",
                "id": "1505206287411339272",
                "created_at": "2022-03-19T15:35:18.000Z",
                "referenced_tweets": [
                    {
                        "type": "replied_to",
                        "id": "1505166809602965510"
                    }
                ],
                "author_id": "7117212"
            },
            {
                "text": "@xXRandomTaskXx Hey Stewart.👋\n\nIt's great to read that you've ordered a new phone. I can't wait until just so I can get one🙂\n\nOrders placed online can take up to 24hrs to show on the account but if you can send me a DM with your full name and number I'll be happy to look into it. -Jason W https://t.co/m14c5xhQi0",
                "id": "1505206475974664193",
                "created_at": "2022-03-19T15:36:03.000Z",
                "referenced_tweets": [
                    {
                        "type": "replied_to",
                        "id": "1505164740078809091"
                    }
                ],
                "author_id": "7117212"
            },
            {
                "text": "@lewisgenney @EE Hello and thank you for reaching out to us. Please send us a direct message and we can assist you with that. Kind regards.",
                "id": "1505191943894151173",
                "created_at": "2022-03-19T14:38:19.000Z",
                "referenced_tweets": [
                    {
                        "type": "replied_to",
                        "id": "1505191222826184707"
                    }
                ],
                "author_id": "3092776893"
            },
            {
                "text": "@Loverofcrisps Hi there.\n\nI know it can be disappointing when the benefit you want is no longer available, and I do hope you can use something else instead.\nWe may at any time change the range of Smart Benefits available, so we cannot always guarantee certain options will stay. -Linzi H",
                "id": "1505108130866286592",
                "created_at": "2022-03-19T09:05:16.000Z",
                "referenced_tweets": [
                    {
                        "type": "replied_to",
                        "id": "1504910761101045766"
                    }
                ],
                "author_id": "7117212"
            },
            {
                "text": "Get the epic new Samsung Galaxy S22 Ultra and save  £336 with trade-in in any condition, plus claim a pair of Galaxy Buds pro. And get Netflix on selected plans.",
                "id": "1494336705901461515",
                "created_at": "2022-02-17T15:43:28.000Z",
                "author_id": "7117212"
            },
            {
                "text": "🎉🎉🎉We are happy to announce that the number of subscribers to our channel has exceeded 160,000 \n\nLet's imagine #Web3Coin start PUMP 💹\n\nIDO price: $0.00041💹\nPancakeswap Price: $0.005🚀 \n\n👉Buy IDO   https://t.co/mnnXbKqrT0\n\n🔗PancakeSwap: https://t.co/jvvXKKKd9e",
                "id": "1504121975530475525",
                "created_at": "2022-03-16T15:46:38.000Z",
                "author_id": "1500480341596803072"
            },
            {
                "text": "@EE Just made an order for a wireless router when will @DPDgroup_news will be in touch so I can redirect it my side",
                "id": "1505191222826184707",
                "created_at": "2022-03-19T14:35:27.000Z",
                "author_id": "100331970"
            },
            {
                "text": "Who would put their neck on the line to prove the power of a network? Brave and beautiful Tom Ellis, of course! Featuring a London Barber and Robot Arm. You just can’t make this up.",
                "id": "1488246872586268678",
                "created_at": "2022-01-31T20:24:39.000Z",
                "author_id": "7117212"
            },
            {
                "text": "@daviewhisk Hey David and thanks for reaching out! I'm sorry to hear that you're having an issue with your signal and I'd love to help. Could you send me a private message with your full post code please? -Phil",
                "id": "1503310871577214978",
                "created_at": "2022-03-14T10:03:36.000Z",
                "referenced_tweets": [
                    {
                        "type": "replied_to",
                        "id": "1503103350765932544"
                    }
                ],
                "author_id": "7117212"
            },
            {
                "text": "Good morning and happy Friday! Let us know if you need any help today. We’re here until 11pm.",
                "id": "1504714218402193409",
                "created_at": "2022-03-18T07:00:00.000Z",
                "author_id": "7117212"
            },
            {
                "text": "https://t.co/Lc7Zlj4rT7",
                "id": "1505137546992713728",
                "created_at": "2022-03-19T11:02:09.000Z",
                "author_id": "1390222016108662784"
            },
            {
                "text": "@MichelleMansel8 @EE I’ve had over a £1000 back how people don’t use this to do their online shopping I’ll never know x",
                "id": "1505166922228420610",
                "created_at": "2022-03-19T12:58:53.000Z",
                "referenced_tweets": [
                    {
                        "type": "replied_to",
                        "id": "1505166514768519169"
                    }
                ],
                "author_id": "2164699055"
            },
            {
                "text": "@EE No thanks.\n\nMy next phone will probably be a #Fairphone.\n\nI can do without all the crap and fancy camera options",
                "id": "1501604905097781252",
                "created_at": "2022-03-09T17:04:42.000Z",
                "referenced_tweets": [
                    {
                        "type": "replied_to",
                        "id": "1494336377877532676"
                    }
                ],
                "author_id": "1473861180"
            },
            {
                "text": "@SpaceEvie Aww, that will be nice. The weather is behaving so far as well :) I'm working till 8pm, today and tomorrow so will be having my 'weekend' on Monday and Tuesday - Full of housework no doubt 🤣 -Ashleigh",
                "id": "1505144410215956482",
                "created_at": "2022-03-19T11:29:26.000Z",
                "referenced_tweets": [
                    {
                        "type": "replied_to",
                        "id": "1505143814322798599"
                    }
                ],
                "author_id": "7117212"
            },
            {
                "text": "@Angharad_78 @EE Aw thanks for this Angharad x",
                "id": "1505166514768519169",
                "created_at": "2022-03-19T12:57:16.000Z",
                "referenced_tweets": [
                    {
                        "type": "replied_to",
                        "id": "1505135326335053825"
                    }
                ],
                "author_id": "1017044018474225665"
            },
            {
                "text": "@MichelleMansel8 @EE Loyalty means nothing these days! Make sure you use TopCashback as well to cash in on an offer 😊",
                "id": "1505135326335053825",
                "created_at": "2022-03-19T10:53:20.000Z",
                "referenced_tweets": [
                    {
                        "type": "replied_to",
                        "id": "1505134588691103744"
                    }
                ],
                "author_id": "2164699055"
            },
            {
                "text": "@great_teller EE do take such claims seriously Sharon, and have like all providers do, a police liaison to investigate this once it becomes a police investigation. -Ashleigh",
                "id": "1505161915970031634",
                "created_at": "2022-03-19T12:38:59.000Z",
                "referenced_tweets": [
                    {
                        "type": "replied_to",
                        "id": "1505160852613308417"
                    }
                ],
                "author_id": "7117212"
            },
            {
                "text": "A robotic barber on a remote mountain with Tom Ellis’s beautiful neck on the line. So unbelievable you guys didn’t think we had done this for real…",
                "id": "1488246944757698561",
                "created_at": "2022-01-31T20:24:56.000Z",
                "author_id": "7117212"
            },
            {
                "text": "@great_teller I'm confident with the correct process being followed this will end the way it should Sharon. -Ashleigh",
                "id": "1505158760205008904",
                "created_at": "2022-03-19T12:26:27.000Z",
                "referenced_tweets": [
                    {
                        "type": "replied_to",
                        "id": "1505158394499538948"
                    }
                ],
                "author_id": "7117212"
            },
            {
                "text": "@floweroflondon Hello and thank you for reaching out to us. We are sorry that you encountered issues with our service. Please contact us by direct message so that we can assist you to be connected with the relevant unit in your country which can handle your case. Kind regards.",
                "id": "1505158719289577478",
                "created_at": "2022-03-19T12:26:17.000Z",
                "referenced_tweets": [
                    {
                        "type": "replied_to",
                        "id": "1505157863286710274"
                    }
                ],
                "author_id": "3092776893"
            },
            {
                "text": "@great_teller Hi Sharon. I do hope you're keeping well. You can of course report any such calls to the police, they will work with networks to investigate any abusive calls being made. -Ashleigh",
                "id": "1505153940991746048",
                "created_at": "2022-03-19T12:07:18.000Z",
                "referenced_tweets": [
                    {
                        "type": "replied_to",
                        "id": "1505102339056746496"
                    }
                ],
                "author_id": "7117212"
            },
            {
                "text": "Our monthly price has never been lower on the Samsung Galaxy Watch4. Plus, claim a £50 Google Play Voucher. Get yours now for only £16 per month, £0 upfront on a 4GB plan.",
                "id": "1498717329911435269",
                "created_at": "2022-03-01T17:50:30.000Z",
                "author_id": "7117212"
            },
            {
                "text": "@HEALERH Hi Hayley, we're not able to send DMs first, but you can certainly pop us through a message. -Rach https://t.co/m14c5xhQi0",
                "id": "1504778998596972545",
                "created_at": "2022-03-18T11:17:25.000Z",
                "referenced_tweets": [
                    {
                        "type": "replied_to",
                        "id": "1504776426037424128"
                    }
                ],
                "author_id": "7117212"
            },
            {
                "text": "@SpaceEvie Good morning Evie. We're all keeping well, enjoying the sun being out today :) How's you? Have you got much planned for the weekend? -Ashleigh",
                "id": "1505137720506601476",
                "created_at": "2022-03-19T11:02:51.000Z",
                "referenced_tweets": [
                    {
                        "type": "replied_to",
                        "id": "1505128434837729282"
                    }
                ],
                "author_id": "7117212"
            },
            {
                "text": "@GBNEWS I can’t operate a digger at home thou",
                "id": "1505080984299089926",
                "created_at": "2022-03-19T07:17:24.000Z",
                "referenced_tweets": [
                    {
                        "type": "replied_to",
                        "id": "1505080838165200898"
                    }
                ],
                "author_id": "1498251445333864450"
            },
            {
                "text": "📣 Announcing the $700,000 #DinocoCoin Airdrop!\nParticipating is easy and takes a few minutes! \n\n1️⃣ Like &amp; Retweet Pinned Post\n2️⃣ Follow @DinocoCoin\n3️⃣ Add your #BSC Address to this form\n\nEND DATE : 27 March ‼️\n\nFill form : https://t.co/57ZSY6ryo7\n\n#Airdrop #BSC #DinocoCoin #NFTs",
                "id": "1505078658670931970",
                "created_at": "2022-03-19T07:08:09.000Z",
                "author_id": "1488467523146481667"
            }
        ]
    },
    "meta": {
        "oldest_id": "1505140989261983745",
        "newest_id": "1505261183078748165",
        "previous_token": "77qpymm88g5h9vqklurc09mmtqcjn7x7uo2uzvqebutyt",
        "result_count": 100,
        "next_token": "7140dibdnow9c7btw420ju3z79dsfsn8cjxhbzsa8y33p"
    }
}