{
    "data": [
        {
            "author_id": "480285553",
            "created_at": "2022-03-18T22:52:57.000Z",
            "text": "@EE Been with your Broadband for 6 years mobile phone contract 12 years. I can't use your services anymore as the place I'm moving to already has EE broadband and you want to charge me £164 to cancel. I am furious with this level of service for a exemplary customer of yours.",
            "id": "1504954034855239680"
        },
        {
            "author_id": "1493533681",
            "referenced_tweets": [
                {
                    "type": "replied_to",
                    "id": "1501221703170539521"
                }
            ],
            "created_at": "2022-03-18T22:49:50.000Z",
            "text": "@EE Imagine putting your prices up 13% in april 🤡",
            "id": "1504953252118466560"
        },
        {
            "author_id": "46403221",
            "referenced_tweets": [
                {
                    "type": "replied_to",
                    "id": "1504731287042547712"
                }
            ],
            "created_at": "2022-03-18T22:46:41.000Z",
            "text": "@EE I manually moved my roaming from AT&amp;T to TMobile and everything worked ok.",
            "id": "1504952456765132805"
        },
        {
            "author_id": "89939525",
            "referenced_tweets": [
                {
                    "type": "replied_to",
                    "id": "1504948817862569984"
                }
            ],
            "created_at": "2022-03-18T22:33:43.000Z",
            "text": "@tgou32 @Jamespepper55 @officialEIHL @EE Think people expect him to go sit in a corner somewhere n have a timeout n he's not allowed back til he apologises n means it!",
            "id": "1504949195236679686"
        },
        {
            "author_id": "3375111857",
            "referenced_tweets": [
                {
                    "type": "replied_to",
                    "id": "1504947949381554176"
                }
            ],
            "created_at": "2022-03-18T22:32:13.000Z",
            "text": "@nelson207 @Jamespepper55 @officialEIHL Shambles that @EE didn't ban his services.  Got a sideline ban should mean he shouldn't have access to his phone!!!!  I'm offended",
            "id": "1504948817862569984"
        },
        {
            "author_id": "562107118",
            "referenced_tweets": [
                {
                    "type": "replied_to",
                    "id": "1498717329911435269"
                }
            ],
            "created_at": "2022-03-18T22:32:05.000Z",
            "text": "@EE Yeah until they put you on a high tariff for a new phone. Moving.",
            "id": "1504948784761126914"
        },
        {
            "author_id": "1354780734",
            "created_at": "2022-03-18T22:19:44.000Z",
            "text": "@ee any information about lack of signal in HR6 0 ? When will service be back?",
            "id": "1504945677301866501"
        },
        {
            "author_id": "892005470080311296",
            "referenced_tweets": [
                {
                    "type": "replied_to",
                    "id": "1504714218402193409"
                }
            ],
            "created_at": "2022-03-18T22:14:39.000Z",
            "text": "@EE Unhappy Friday. No service in NR21 since 09.30 this morning and still no service now ….",
            "id": "1504944398924193795"
        },
        {
            "author_id": "1365423904743948289",
            "referenced_tweets": [
                {
                    "type": "replied_to",
                    "id": "1504912792880615429"
                }
            ],
            "created_at": "2022-03-18T21:57:35.000Z",
            "text": "@Sim0nTrains 3G on some networks is very reliable now, barely anyone uses it so isn’t as congested as 4g is. Saying that I am on @EE",
            "id": "1504940104279810055"
        },
        {
            "author_id": "3033449797",
            "referenced_tweets": [
                {
                    "type": "replied_to",
                    "id": "1504714218402193409"
                }
            ],
            "created_at": "2022-03-18T21:43:33.000Z",
            "text": "@EE Hey guys. Little to no data signal today at my home in SE London. Is affecting my 5g phone data and 4G broadband (no fibre in the area yet)... any updates?",
            "id": "1504936571736403968"
        },
        {
            "author_id": "866838832284667904",
            "created_at": "2022-03-18T21:36:40.000Z",
            "text": "@EE Hi is is possible to speak to a person? I can’t get onto the shop, needing a SIM only with Apple Watch connectivity?",
            "id": "1504934839669174273"
        },
        {
            "author_id": "563950155",
            "referenced_tweets": [
                {
                    "type": "replied_to",
                    "id": "1504714218402193409"
                }
            ],
            "created_at": "2022-03-18T21:34:50.000Z",
            "text": "@EE Hi @EE seems to be little to no 5G or 4G signal in SE London. Affecting my phone and 4G broadband box as well",
            "id": "1504934376735444995"
        },
        {
            "author_id": "1341532657902096395",
            "created_at": "2022-03-18T21:27:57.000Z",
            "text": "@EE I’m texting GO FASTER to 150, but I keep getting an error come back as a text.",
            "id": "1504932643380547596"
        },
        {
            "author_id": "1232303306703282177",
            "referenced_tweets": [
                {
                    "type": "replied_to",
                    "id": "1504505683638571009"
                }
            ],
            "created_at": "2022-03-18T21:20:56.000Z",
            "text": "@ChrissyCostanza I would have said Vodaphone is the worst but guess all networks have their weak areas. @EE or someone should hook you up!",
            "id": "1504930879008907270"
        },
        {
            "author_id": "1480115937294663685",
            "referenced_tweets": [
                {
                    "type": "replied_to",
                    "id": "1504121975530475525"
                }
            ],
            "created_at": "2022-03-18T21:20:06.000Z",
            "text": "@web3_coin Good projrct\n#LTC #C98 #Ethereum\n@EE \n@RealFaithTribe \n@RealVoxFinance",
            "id": "1504930669134295046"
        },
        {
            "author_id": "1121719094",
            "created_at": "2022-03-18T21:15:00.000Z",
            "text": "@EE hi- can I use an EE perk nhs discount code on an add on data offer? Thank you",
            "id": "1504929387199836162"
        },
        {
            "author_id": "22903013",
            "created_at": "2022-03-18T20:57:02.000Z",
            "text": "@EE please help, I’m a new customer who has had the WORST experience in the last week. I’ve spoken to 5 advisors each one has told me something contradictory and now I’ve been on the phone for 30 mins only to be told there are no supervisors available 😂. Is this a joke?",
            "id": "1504924863110295553"
        },
        {
            "author_id": "928947142156316674",
            "created_at": "2022-03-18T20:41:26.000Z",
            "text": "Hey @EE @MarcAllera let today be great: start showing support &amp; enact a policy for customers affected by domestic abuse #CorporateAccountability #CorporateResponsibility #DoSomething #victimblaming #SurvivorShaming #MeToo #CoerciveControl #FinancialAbuse #DomesticAbuse #Day1040",
            "id": "1504920938126712836"
        },
        {
            "author_id": "452292445",
            "created_at": "2022-03-18T20:40:29.000Z",
            "text": "@EE need help trying to upgrade online but page keeps crashing. Also keep getting disconnected over the phone",
            "id": "1504920697545670656"
        },
        {
            "author_id": "311357734",
            "created_at": "2022-03-18T20:39:42.000Z",
            "text": "@virginmedia Another night of crap gaming cheers! Soon going to @bt full fibre broadband as long as its the same price, but better performance I hope, P.S. @virginmedia you are a joke and weather  @EE or @Bt is good or bad you are history.",
            "id": "1504920501931679746"
        },
        {
            "author_id": "392816406",
            "created_at": "2022-03-18T20:07:32.000Z",
            "text": "Imagine buying a £10 Roaming add on and not being able to call people the whole time you’re abroad😊 @EE",
            "id": "1504912405415006214"
        },
        {
            "author_id": "1219282345",
            "created_at": "2022-03-18T20:00:59.000Z",
            "text": "@EE hi, I got a text that I can't claim Prime anymore as my smart benefit? But it was an option when I signed up to my contract, does that mean you won't honour the original benefit and I need to pick something else I don't really want?",
            "id": "1504910761101045766"
        },
        {
            "author_id": "52523248",
            "referenced_tweets": [
                {
                    "type": "replied_to",
                    "id": "1501221383099101194"
                }
            ],
            "created_at": "2022-03-18T19:52:00.000Z",
            "text": "@EE Can it do this? https://t.co/k798R9VOgg",
            "id": "1504908498903183373"
        },
        {
            "author_id": "458628994",
            "created_at": "2022-03-18T19:51:07.000Z",
            "text": "Paper spam from @ee, saying if we pay £10 more then we pay now (base rate) we can have shittier vdsl from @Bt_uk. No /29 routed IP, no multi line support as we'd have to use their useless router, no VPN support... Not much of an offer.",
            "id": "1504908275246153732"
        },
        {
            "author_id": "563693161",
            "created_at": "2022-03-18T19:26:37.000Z",
            "text": "@EE I’ve been in to customer services 3 times today as my stepdaughter can’t use her phone over in Ireland, I’ve been told there’s no issues on the account but she’s still unable to make or receive calls? Please can you help",
            "id": "1504902109577236482"
        },
        {
            "author_id": "1214933654557863938",
            "referenced_tweets": [
                {
                    "type": "replied_to",
                    "id": "1504869193535135746"
                }
            ],
            "created_at": "2022-03-18T19:24:54.000Z",
            "text": "@EE I'm getting really pissed off here. I get a smart watch and your whole system is fucking shit. I was told by your tech that he gets 5 calls a day about them. It's not acceptable and I'm still within the grace period so I'm likely to tell you to go fuck yourselves at this rate.",
            "id": "1504901679208149009"
        },
        {
            "author_id": "1457815568657133575",
            "created_at": "2022-03-18T19:21:31.000Z",
            "text": "@VOXI_UK switching from @EE to you guys",
            "id": "1504900827827392519"
        },
        {
            "author_id": "74421183",
            "created_at": "2022-03-18T19:20:32.000Z",
            "text": "@EE I am trying to return a product but the post office cannot scan the barcode to process, can someone please advise me on what I'm supposed to do as your instructions are very basic, and the post office has no clue either.",
            "id": "1504900579449090056"
        },
        {
            "author_id": "154239589",
            "referenced_tweets": [
                {
                    "type": "replied_to",
                    "id": "1500863718489477120"
                }
            ],
            "created_at": "2022-03-18T19:18:20.000Z",
            "text": "@racingfront @MogP @EE @BBCNews Reckon he hit the wrong tweet at a guess 🤣",
            "id": "1504900026409050121"
        },
        {
            "author_id": "1280981168373055489",
            "referenced_tweets": [
                {
                    "type": "replied_to",
                    "id": "1504892959828889606"
                }
            ],
            "created_at": "2022-03-18T19:06:15.000Z",
            "text": "@champtgram @BigBrainKids @yooni66666 @CodyOrlove @DeltaWGMI @suraj_raushan @EE  discord: Ao1Sor4#3401   0xc7f59A75Eb456BADF208C9D96720f8a687DAfc05",
            "id": "1504896983269613569"
        },
        {
            "author_id": "1214933654557863938",
            "referenced_tweets": [
                {
                    "type": "replied_to",
                    "id": "1504869193535135746"
                }
            ],
            "created_at": "2022-03-18T18:58:44.000Z",
            "text": "@EE My issue here is with the clearly planned and acceptable inconvenience.\n\nHave to \"claim\" the headphones that come with my phone... annoying... you send phones to the shops...send the headphones. \n\nThen activate an Esim via a clearly understaffed and useless call centre in Mumbai!",
            "id": "1504895093182013445"
        },
        {
            "author_id": "2985894351",
            "referenced_tweets": [
                {
                    "type": "replied_to",
                    "id": "1504845458870517810"
                }
            ],
            "created_at": "2022-03-18T18:51:41.000Z",
            "text": "@EE I’ve no difficulties paying you at all, but you’re greedy bastards! Increasing that much is a joke, I’ve just paid up my contract early for the remaining 14 months and ordered a new contract elsewhere for a fraction of the cost, especially with you removing my data roaming add on",
            "id": "1504893319607947270"
        },
        {
            "author_id": "1156242929175998464",
            "referenced_tweets": [
                {
                    "type": "replied_to",
                    "id": "1504877674828910595"
                }
            ],
            "created_at": "2022-03-18T18:44:40.000Z",
            "text": "@EE https://t.co/ZHkJacoXZw",
            "id": "1504891553592004610"
        },
        {
            "author_id": "18948717",
            "referenced_tweets": [
                {
                    "type": "replied_to",
                    "id": "1504889314743832580"
                }
            ],
            "created_at": "2022-03-18T18:41:06.000Z",
            "text": "@EE I'll admit it's rather frustrating that the majority of help online seems to focus on the Router-PC section, when it's clear that the router itself has access to a slower connection than normal.",
            "id": "1504890656916922371"
        },
        {
            "author_id": "18948717",
            "referenced_tweets": [
                {
                    "type": "replied_to",
                    "id": "1504885685081280513"
                }
            ],
            "created_at": "2022-03-18T18:25:48.000Z",
            "text": "@EE Does this only work if my landline is also with EE? I'm fairly sure ours isn't.",
            "id": "1504886807200210949"
        },
        {
            "author_id": "24418897",
            "referenced_tweets": [
                {
                    "type": "replied_to",
                    "id": "1504885495163203590"
                }
            ],
            "created_at": "2022-03-18T18:23:17.000Z",
            "text": "@YesCompSols @EE Yeah, seems to be standard practice now for the big companies, but the hike seems quite drastic. Inflation + 3.9% seems a bit cheeky really.",
            "id": "1504886171201159170"
        },
        {
            "author_id": "170031560",
            "created_at": "2022-03-18T18:22:10.000Z",
            "text": "@EE yet again nothing working without WiFi.... When are the works going to stop in my area?? Been going on for 4 days now.... Had this at the beginning of the month as well",
            "id": "1504885889092173826"
        },
        {
            "author_id": "74274149",
            "referenced_tweets": [
                {
                    "type": "replied_to",
                    "id": "1504882247756824583"
                }
            ],
            "created_at": "2022-03-18T18:20:36.000Z",
            "text": "@imdsm @EE The price rises are literally declared in the contract and were verbally explained to me when I re contracted. So it didn't come as a surprise to me. Not many places left without price rises baked into contract now?",
            "id": "1504885495163203590"
        },
        {
            "author_id": "20264845",
            "created_at": "2022-03-18T18:20:09.000Z",
            "text": "@EE hey, I’ve currently got a data add on while abroad in turkey of 500mb a day, will I get a warning if this amount is reached or will just get extra charges? Thanks",
            "id": "1504885383393329156"
        },
        {
            "author_id": "1271821773273776129",
            "referenced_tweets": [
                {
                    "type": "replied_to",
                    "id": "1488246872586268678"
                }
            ],
            "created_at": "2022-03-18T18:16:29.000Z",
            "text": "@EE Cant get ee in my house in city but they can 5g  on top of a mountain... yeah ok...",
            "id": "1504884460206108673"
        },
        {
            "author_id": "1079860328",
            "created_at": "2022-03-18T18:09:41.000Z",
            "text": "@EE still no calls form your escalations team a week on after being misold the wrong product .... Please send me a letter of deadlock so I can get this sorted",
            "id": "1504882747835301889"
        },
        {
            "author_id": "18948717",
            "referenced_tweets": [
                {
                    "type": "replied_to",
                    "id": "1504880492700647430"
                }
            ],
            "created_at": "2022-03-18T18:08:45.000Z",
            "text": "@EE I have a landline, yes. But I'm not home right now so can't access it.",
            "id": "1504882513839529985"
        },
        {
            "author_id": "24418897",
            "created_at": "2022-03-18T18:07:41.000Z",
            "text": "As if @EE just told me they’re raising prices by 9.3%… 9.3%! What use is a contract if there are price changes every March?",
            "id": "1504882247756824583"
        },
        {
            "author_id": "18948717",
            "referenced_tweets": [
                {
                    "type": "replied_to",
                    "id": "1504439545965813765"
                }
            ],
            "created_at": "2022-03-18T17:57:34.000Z",
            "text": "@EE Sadly nothing I've done seems to have brought back my previous download speed.\n\nAs I said, this happened after a several-hour-long outage, first time it fixed itself, but after the second the bandwidth has remained at ~7.5Mbps instead of the usual 14.",
            "id": "1504879699415244800"
        },
        {
            "author_id": "1264987556724248581",
            "referenced_tweets": [
                {
                    "type": "replied_to",
                    "id": "1504714218402193409"
                }
            ],
            "created_at": "2022-03-18T17:50:11.000Z",
            "text": "@EE 2 weeks of not being able to top up is becoming ridiculous, no EE pages will load on any device on any network. I cant even call my damn therapist. Is there a reason for this or?",
            "id": "1504877843536359426"
        },
        {
            "author_id": "1264987556724248581",
            "created_at": "2022-03-18T17:48:38.000Z",
            "text": "@EE is there a reason as to why not a single ee page will load for me to top my phone up? My home WiFi is fine but no page will load, not even ee home page. Can we sort this please? 2 weeks and I still can't sort it.",
            "id": "1504877452883111940"
        },
        {
            "author_id": "19783089",
            "referenced_tweets": [
                {
                    "type": "replied_to",
                    "id": "1498717329911435269"
                }
            ],
            "created_at": "2022-03-18T17:47:03.000Z",
            "text": "@EE My price contract is going up supposed to be a fixed term contract yes ok NOT",
            "id": "1504877054294212614"
        },
        {
            "author_id": "163860866",
            "referenced_tweets": [
                {
                    "type": "replied_to",
                    "id": "1504875734577430529"
                }
            ],
            "created_at": "2022-03-18T17:42:28.000Z",
            "text": "@EE So not really great value but thanks for replying",
            "id": "1504875900093014016"
        },
        {
            "author_id": "163860866",
            "referenced_tweets": [
                {
                    "type": "replied_to",
                    "id": "1504874416177569804"
                }
            ],
            "created_at": "2022-03-18T17:38:14.000Z",
            "text": "@EE My billing date is the 7th so if I do it now I only get 20 days 😳",
            "id": "1504874833175363591"
        },
        {
            "author_id": "15223684",
            "referenced_tweets": [
                {
                    "type": "replied_to",
                    "id": "1504862019345911831"
                }
            ],
            "created_at": "2022-03-18T17:31:14.000Z",
            "text": "@EE I can block them, but I'd rather they not happen at all if it can be prevented. https://t.co/NC6G1oGbkq",
            "id": "1504873071815102474"
        },
        {
            "author_id": "2667020552",
            "referenced_tweets": [
                {
                    "type": "replied_to",
                    "id": "1493321112712892416"
                }
            ],
            "created_at": "2022-03-18T17:21:38.000Z",
            "text": "@ABeautifulCult1 @EE They seem to be using them on every other mobile advert, is being in 99.99% of ads making you feel marginalised snowflake ❄️ ?",
            "id": "1504870658613952515"
        },
        {
            "author_id": "92400689",
            "referenced_tweets": [
                {
                    "type": "replied_to",
                    "id": "1504870317369528336"
                }
            ],
            "created_at": "2022-03-18T17:21:24.000Z",
            "text": "@EE No need, in on the mobile network as we speak, all fine",
            "id": "1504870598878674945"
        },
        {
            "author_id": "92400689",
            "referenced_tweets": [
                {
                    "type": "replied_to",
                    "id": "1504869406727409665"
                }
            ],
            "created_at": "2022-03-18T17:18:20.000Z",
            "text": "@EE Yes, I had to go onto the EE website and manually pay. It's working now, hopefully it will go through automatically next month like usual.  Thanks",
            "id": "1504869825729998848"
        },
        {
            "author_id": "92400689",
            "referenced_tweets": [
                {
                    "type": "replied_to",
                    "id": "1504867134425518081"
                }
            ],
            "created_at": "2022-03-18T17:12:24.000Z",
            "text": "@EE Hi, the network is fine, it was an issue with my card payment.  I presume it's due to the increased checks brought in by banks.",
            "id": "1504868334646571012"
        },
        {
            "author_id": "163860866",
            "created_at": "2022-03-18T17:07:50.000Z",
            "text": "@EE if I take out your unlimited data add on on a monthly basis does it renew after a month or on my billing date?",
            "id": "1504867182911578112"
        },
        {
            "author_id": "255493337",
            "created_at": "2022-03-18T17:05:56.000Z",
            "text": "One thing that irritates my OCD when it comes to the @EE ad featuring the family with the ATC in their living room and that’s when they get handed to tablet so that Kev  can congratulate them and it’s in portrait and not landscape 🙁",
            "id": "1504866707545993216"
        },
        {
            "author_id": "1345087938",
            "referenced_tweets": [
                {
                    "type": "replied_to",
                    "id": "1504865586660184088"
                }
            ],
            "created_at": "2022-03-18T17:04:01.000Z",
            "text": "@EE I’ve sorted it thank you",
            "id": "1504866222298566687"
        },
        {
            "author_id": "1265586835",
            "referenced_tweets": [
                {
                    "type": "replied_to",
                    "id": "1504861970889162758"
                }
            ],
            "created_at": "2022-03-18T16:59:01.000Z",
            "text": "@MarcAllera @BTAAwards @EE @bt_uk Congrats",
            "id": "1504864964938502154"
        },
        {
            "author_id": "58567330",
            "created_at": "2022-03-18T16:52:10.000Z",
            "text": "@EE every time I try text through Siri it fails to send, even though I have signal?",
            "id": "1504863240446165002"
        },
        {
            "author_id": "769134102796697600",
            "created_at": "2022-03-18T16:47:07.000Z",
            "text": "Awesome to celebrate our industry’s Black role models and trailblazers at last night’s @BTAAwards w/ our Ethnic Diversity Network.\n\nHonoured to be named Ally of the Year, but all credit to my colleagues for making @EE and @bt_uk a team that welcomes all where you can be yourself. https://t.co/iUNwQxGpHm",
            "id": "1504861970889162758"
        },
        {
            "author_id": "1363436752720064512",
            "referenced_tweets": [
                {
                    "type": "replied_to",
                    "id": "1504860714711851015"
                }
            ],
            "created_at": "2022-03-18T16:43:21.000Z",
            "text": "@SimonBeale @EE @Mobilescouk @AffordableMob Can can confirm affordable mobiles only do them with Three, Vodafone and O2",
            "id": "1504861023899160587"
        },
        {
            "author_id": "1363436752720064512",
            "referenced_tweets": [
                {
                    "type": "replied_to",
                    "id": "1504859794426978308"
                }
            ],
            "created_at": "2022-03-18T16:42:08.000Z",
            "text": "@SimonBeale @EE @Mobilescouk @AffordableMob Mobiles UK only have one with Vodafone currently",
            "id": "1504860714711851015"
        },
        {
            "author_id": "15223684",
            "referenced_tweets": [
                {
                    "type": "replied_to",
                    "id": "1504860187856887814"
                }
            ],
            "created_at": "2022-03-18T16:41:40.000Z",
            "text": "@EE Same number. I was an EE PAYG customer 2008-2011, then ported my number to O2, and ported it back a few weeks ago.",
            "id": "1504860601155260441"
        },
        {
            "author_id": "1345087938",
            "created_at": "2022-03-18T16:40:51.000Z",
            "text": "@EE hi, I bought the data add on for £8.35 per month?? Why am I now being charged £20 on my bill???? https://t.co/v2W41uxl8r",
            "id": "1504860395693039618"
        },
        {
            "author_id": "15223684",
            "referenced_tweets": [
                {
                    "type": "replied_to",
                    "id": "1504860051718250496"
                }
            ],
            "created_at": "2022-03-18T16:40:11.000Z",
            "text": "@EE Ok thanks.",
            "id": "1504860224913555456"
        },
        {
            "author_id": "49000397",
            "created_at": "2022-03-18T16:30:48.000Z",
            "text": "Hi @EE . Can I someone to call me please as one of my devices is in Ireland not working.  Thanks.",
            "id": "1504857865357561862"
        },
        {
            "author_id": "139642367",
            "created_at": "2022-03-18T16:29:44.000Z",
            "text": "@EE Amazed that after at least 2 weeks your app / website still won’t allow log-on https://t.co/Q062PXPJbV",
            "id": "1504857596909522965"
        },
        {
            "author_id": "1492106166595428353",
            "referenced_tweets": [
                {
                    "type": "replied_to",
                    "id": "1504851420058685452"
                }
            ],
            "created_at": "2022-03-18T16:27:09.000Z",
            "text": "@EE Thank you very much! Have a good weekend!",
            "id": "1504856945458663425"
        },
        {
            "author_id": "15223684",
            "referenced_tweets": [
                {
                    "type": "replied_to",
                    "id": "1504830156258648076"
                }
            ],
            "created_at": "2022-03-18T16:24:40.000Z",
            "text": "@EE It's all the spam HMRC calls. All from 07531 prefix numbers,  so I answer it thinking it's someone's mobile.",
            "id": "1504856321623040003"
        },
        {
            "author_id": "92400689",
            "created_at": "2022-03-18T16:23:29.000Z",
            "text": "Is the @EE network down in East Hampshire?",
            "id": "1504856024993439745"
        },
        {
            "author_id": "78790123",
            "created_at": "2022-03-18T16:19:17.000Z",
            "text": "@EE My prepaid SIM is having an auth error when trying to connect to the EE WiFi-Auto SSID in the underground. Have to activate in the store before use?",
            "id": "1504854967290580993"
        },
        {
            "author_id": "248681330",
            "referenced_tweets": [
                {
                    "type": "replied_to",
                    "id": "1504844742231744513"
                }
            ],
            "created_at": "2022-03-18T16:14:04.000Z",
            "text": "@Insy812 @EE @Etsy Must ask others how they find service locally",
            "id": "1504853652745424902"
        },
        {
            "author_id": "1016744626747772931",
            "referenced_tweets": [
                {
                    "type": "replied_to",
                    "id": "1504785132145815573"
                }
            ],
            "created_at": "2022-03-18T16:00:15.000Z",
            "text": "@EE That’s a laugh, cause most customers are still waiting for there s22 😂😂 me included 😬",
            "id": "1504850175411593221"
        },
        {
            "author_id": "1016744626747772931",
            "referenced_tweets": [
                {
                    "type": "replied_to",
                    "id": "1504831868981714946"
                }
            ],
            "created_at": "2022-03-18T15:52:54.000Z",
            "text": "@EE Yeah I know it’s just annoying having these texts and even more seeing people and hearing that there’s have now been delivered",
            "id": "1504848326302306311"
        },
        {
            "author_id": "1296359634",
            "referenced_tweets": [
                {
                    "type": "quoted",
                    "id": "1504064691747835905"
                }
            ],
            "created_at": "2022-03-18T15:49:52.000Z",
            "text": "#LongLiveYourTech \n@EE 's Great Grandfather https://t.co/IzbMDp3WPP https://t.co/nEI0wAB351",
            "id": "1504847563526131713"
        },
        {
            "author_id": "1492106166595428353",
            "referenced_tweets": [
                {
                    "type": "replied_to",
                    "id": "1504846607749103641"
                }
            ],
            "created_at": "2022-03-18T15:47:16.000Z",
            "text": "@EE Yeah all good now thank you, went into the Southend branch to ask the question. Apparently my antenna broke, but luckily was due an upgrade anyway so they gave me a new phone which is only £3 more per month from a iPhone 11 to 13. Thank you, appreciate it!!",
            "id": "1504846908115795973"
        },
        {
            "author_id": "957270390153383938",
            "created_at": "2022-03-18T15:46:32.000Z",
            "text": "@EE dreadful service. Made be pay £10 and still can't send WhatsApp or messenger",
            "id": "1504846723901964316"
        },
        {
            "author_id": "793840820",
            "referenced_tweets": [
                {
                    "type": "replied_to",
                    "id": "1504843568518733829"
                }
            ],
            "created_at": "2022-03-18T15:40:58.000Z",
            "text": "@EE 🤦‍♂️",
            "id": "1504845324183027729"
        },
        {
            "author_id": "581732608",
            "referenced_tweets": [
                {
                    "type": "replied_to",
                    "id": "1504835572464078858"
                }
            ],
            "created_at": "2022-03-18T15:39:42.000Z",
            "text": "@EE No thank you. Don't trust the process no more. Already gone through the complaints section and now I have to go to The Ombudsmen Service.",
            "id": "1504845003608178695"
        },
        {
            "author_id": "2985894351",
            "created_at": "2022-03-18T15:34:04.000Z",
            "text": "Fuck @EE by being allowed to put your contract up £11 a month not long after you sign it. Absolute piss take, don’t care if you landed a plane from some whoppers living room on your Wi-Fi 😡",
            "id": "1504843589028823049"
        },
        {
            "author_id": "1214933654557863938",
            "created_at": "2022-03-18T15:32:29.000Z",
            "text": "Well I won't be bothering with getting anything else from @EE.\n\nWalk out of a shop with a new phone and figured I'd give a watch a go... wish I hadn't bothered... more hassle than it's worth... who wants to pay to put this much work in for it. Shit process. Shit service. Cba man.",
            "id": "1504843188086915121"
        },
        {
            "author_id": "715604335149846528",
            "referenced_tweets": [
                {
                    "type": "replied_to",
                    "id": "1504427390738608131"
                }
            ],
            "created_at": "2022-03-18T15:28:19.000Z",
            "text": "@EE Won’t be the last one either",
            "id": "1504842139850653730"
        },
        {
            "author_id": "793840820",
            "referenced_tweets": [
                {
                    "type": "replied_to",
                    "id": "1504835296961216512"
                }
            ],
            "created_at": "2022-03-18T15:26:38.000Z",
            "text": "@EE I can see the update it's still not here or dispatched I doubt you can tell me any different than yesterday.",
            "id": "1504841714594365448"
        },
        {
            "author_id": "3123480994",
            "created_at": "2022-03-18T15:21:32.000Z",
            "text": "@EE Good afternoon, I hope you're well? I was just wondering if it is possible to do a trade-in deal and use my student discount on the same package as well? I am looking at the new S22+ and have a S20 to trade in but wanted to check before placing an order",
            "id": "1504840431267459072"
        },
        {
            "author_id": "1446098291641528326",
            "referenced_tweets": [
                {
                    "type": "replied_to",
                    "id": "1504788445440491520"
                }
            ],
            "created_at": "2022-03-18T15:16:37.000Z",
            "text": "@DrHoenderkamp @BorisJohnson @RishiSunak @EE have increased my phone bill by nearly 10% as well. Seriously considering emigrating",
            "id": "1504839195285766148"
        },
        {
            "author_id": "248681330",
            "created_at": "2022-03-18T15:09:53.000Z",
            "text": "My @EE broadband is so useless I have to use 4g to do my @Etsy listings",
            "id": "1504837502460379148"
        },
        {
            "author_id": "1504836021703303168",
            "created_at": "2022-03-18T15:09:45.000Z",
            "text": "Total nightmare with EE. Tried to upgrade and have had nothing but one f**k up after another and when I have contacted them to sort it I got absolutely no help what so ever. Think it might be time to go with another network which is a shame after being with EE for years @EE",
            "id": "1504837465969934344"
        },
        {
            "author_id": "14281753",
            "created_at": "2022-03-18T15:07:51.000Z",
            "text": "@EE Hi. My SIM only is now out of contract and I wish to close the account. How do I do this? Thanks",
            "id": "1504836989207592979"
        },
        {
            "author_id": "1319047826",
            "created_at": "2022-03-18T15:06:34.000Z",
            "text": "Definitely not upgrading with @EE with their prices 👀👀",
            "id": "1504836666598457344"
        },
        {
            "author_id": "351797545",
            "referenced_tweets": [
                {
                    "type": "replied_to",
                    "id": "1504833007139573764"
                }
            ],
            "created_at": "2022-03-18T14:56:30.000Z",
            "text": "@EE Thanks Rachel, will sort it out after work once we get the text.\nAppreciate you getting back to be. Lynn",
            "id": "1504834134102917132"
        },
        {
            "author_id": "16670330",
            "referenced_tweets": [
                {
                    "type": "replied_to",
                    "id": "1503050312545972228"
                }
            ],
            "created_at": "2022-03-18T14:56:15.000Z",
            "text": "@EE Hello, just spoke to two excellent humans. Worth navigating the hideous automated answer service to get to them, please make it easier 🙏",
            "id": "1504834070764736520"
        },
        {
            "author_id": "1337161830926577676",
            "created_at": "2022-03-18T14:53:33.000Z",
            "text": "@EE Why the hell my wifi so slow? Literally trying to download a Unity package, and it's downloading at 1,5 KB/s -.- I am literally using the 5GhZ -.-",
            "id": "1504833388871565313"
        },
        {
            "author_id": "199004644",
            "referenced_tweets": [
                {
                    "type": "replied_to",
                    "id": "1504832639747899418"
                }
            ],
            "created_at": "2022-03-18T14:51:18.000Z",
            "text": "@EE Ok will do thanks.",
            "id": "1504832825035472907"
        },
        {
            "author_id": "793840820",
            "referenced_tweets": [
                {
                    "type": "replied_to",
                    "id": "1504714218402193409"
                }
            ],
            "created_at": "2022-03-18T14:51:15.000Z",
            "text": "@EE Another day another no S22 ultra at my door.",
            "id": "1504832810431004675"
        },
        {
            "author_id": "199004644",
            "created_at": "2022-03-18T14:47:52.000Z",
            "text": "@EE Hi just a quick question I have an old iPhone 10 that I got through you and have since got the iPhone 12. If I wanted to unblock the old iPhone to be able to use on other networks is that something you can do?",
            "id": "1504831960228769796"
        },
        {
            "author_id": "1016744626747772931",
            "created_at": "2022-03-18T14:40:34.000Z",
            "text": "@EE you have texted me 4 times now! Telling me to pair my Samsung watch, problem there is, I haven’t received my s22 yet as I’m still waiting! So any chance you could just get it delivered or just stop rubbing it in that I can’t use my watch yet 😤",
            "id": "1504830125057081344"
        },
        {
            "author_id": "15223684",
            "created_at": "2022-03-18T14:36:58.000Z",
            "text": "@EE I switched my phone back to EE 3 weeks ago. Now I'm getting nonstop spam calls from other EE numbers. Can you do anything about this?",
            "id": "1504829218961637408"
        },
        {
            "author_id": "1471195798209712135",
            "created_at": "2022-03-18T14:36:42.000Z",
            "text": "@EE how wonderful EE is, taken money from my account, no phone arrived, called just sent around in circles, not being able to talk to anyone. There is another account due for renewal the way you have treated us, lied to us, there is fat chance of that rather use more code.",
            "id": "1504829151429251072"
        },
        {
            "author_id": "88288435",
            "created_at": "2022-03-18T14:30:32.000Z",
            "text": "@EE hello! What is the current wait time for the S22. I ordered Wednesday 16th and I have until 31st March to send off my old phone for trade in. Is it going to be cutting it fine to meet that deadline?",
            "id": "1504827600161619979"
        },
        {
            "author_id": "382638889",
            "created_at": "2022-03-18T14:30:15.000Z",
            "text": "@EE @EEHelpdesk I do not understand why one of your managers won't tell me the address they've sent a parcel to. I'm absolutely fuming about this and all my concerns are feeling ignored. It's all feeling so incredibly unprofessional and suspicious https://t.co/fozaSNwV0k",
            "id": "1504827528623628292"
        }
    ],
    "includes": {
        "users": [
            {
                "name": "DEJANBOSS",
                "location": "Between Psychotic and Iconic",
                "id": "480285553",
                "username": "DejanBoss"
            },
            {
                "name": "T",
                "location": "Barnsley, England",
                "id": "1493533681",
                "username": "TJKenny_"
            },
            {
                "name": "simon forster",
                "id": "46403221",
                "username": "simonrforster"
            },
            {
                "name": "Steven Nelson",
                "location": "Dumbarton",
                "id": "89939525",
                "username": "nelson207"
            },
            {
                "name": "Gou",
                "location": "Renfrewshire",
                "id": "3375111857",
                "username": "tgou32"
            },
            {
                "name": "graeme hodge",
                "location": "Paisley, Scotland",
                "id": "562107118",
                "username": "greyboots29"
            },
            {
                "name": "Mol Cyt Lab",
                "location": "University of Leicester, UK",
                "id": "1354780734",
                "username": "MolCyt"
            },
            {
                "name": "Daryl Bowden",
                "id": "892005470080311296",
                "username": "darylatglia"
            },
            {
                "name": "Weather Paul",
                "location": "somewhere in the uk",
                "id": "1365423904743948289",
                "username": "pauldnerd"
            },
            {
                "name": "Jack Dolan (He/Him)",
                "location": "Manchester/London",
                "id": "3033449797",
                "username": "DolanTenor"
            },
            {
                "name": "May",
                "location": "Brewood.",
                "id": "866838832284667904",
                "username": "percyj88"
            },
            {
                "name": "Dom Gaston",
                "location": "Shelsley Beaucamp",
                "id": "563950155",
                "username": "DomLee95"
            },
            {
                "name": "Karen Moore",
                "location": "United Kingdom",
                "id": "1341532657902096395",
                "username": "karen_m0ore"
            },
            {
                "name": "James",
                "location": "United Kingdom",
                "id": "1232303306703282177",
                "username": "TheJammyJK"
            },
            {
                "name": "Sonya",
                "id": "1480115937294663685",
                "username": "Sonya93567595"
            },
            {
                "name": "J",
                "location": "London, England",
                "id": "1121719094",
                "username": "JJac028"
            },
            {
                "name": "Sal Burtt-Jones 🇺🇦",
                "location": "Whitstable",
                "id": "22903013",
                "username": "salburttjones"
            },
            {
                "name": "Lucie B",
                "location": "London, England",
                "id": "928947142156316674",
                "username": "goodbooksLB"
            },
            {
                "name": "sonia mestre costa",
                "location": "England, United Kingdom",
                "id": "452292445",
                "username": "zorrica77"
            },
            {
                "name": "toewad1",
                "location": "u.k.",
                "id": "311357734",
                "username": "toewad1"
            },
            {
                "name": "BROWNSUGA.",
                "location": "London gyal",
                "id": "392816406",
                "username": "eyrambabyy"
            },
            {
                "name": "crisp lover",
                "id": "1219282345",
                "username": "Loverofcrisps"
            },
            {
                "name": "LifeIsDifficultEnough",
                "location": "Middle England",
                "id": "52523248",
                "username": "Spezzington"
            },
            {
                "name": "Chloe Raccoon",
                "id": "458628994",
                "username": "ChloeRaccoon"
            },
            {
                "name": "Vicky Cooper",
                "location": "Wales, United Kingdom",
                "id": "563693161",
                "username": "cheekycoops1"
            },
            {
                "name": "Scott Pryde",
                "id": "1214933654557863938",
                "username": "ScottPryde3"
            },
            {
                "name": "FanMadeMunkVideos",
                "location": "Depression land ",
                "id": "1457815568657133575",
                "username": "FanMadeMunkVidz"
            },
            {
                "name": "Genna Ley",
                "location": "oxfordshire",
                "id": "74421183",
                "username": "GennaLey"
            },
            {
                "name": "Lee 🖤💛",
                "location": "Liverpool, England",
                "id": "154239589",
                "username": "Crosby71"
            },
            {
                "name": "Ao1Sor4",
                "id": "1280981168373055489",
                "username": "AdamYan34178764"
            },
            {
                "name": "Ads",
                "id": "2985894351",
                "username": "Adam_W48"
            },
            {
                "name": "Ridge Racer 🇺🇦",
                "location": "United Kingdom",
                "id": "1156242929175998464",
                "username": "RidgeRacer12"
            },
            {
                "name": "MajorMagna",
                "location": "UK",
                "id": "18948717",
                "username": "majormagna"
            },
            {
                "name": "Adam K Dean 🇬🇧🇺🇦",
                "location": "United Kingdom",
                "id": "24418897",
                "username": "imdsm"
            },
            {
                "name": "ღKαтıεღ",
                "id": "170031560",
                "username": "Katiie90_x"
            },
            {
                "name": "Alan Goodman",
                "location": "Leicestershire",
                "id": "74274149",
                "username": "YesCompSols"
            },
            {
                "name": "Lauren Shaw",
                "location": "Coventry",
                "id": "20264845",
                "username": "laurenmonet"
            },
            {
                "name": "Wobblybob",
                "location": "Everywhere",
                "id": "1271821773273776129",
                "username": "wobblybob2020"
            },
            {
                "name": "luke fuji bishop",
                "id": "1079860328",
                "username": "FUJIfromFIJI"
            },
            {
                "name": "Jasmine",
                "location": "English Riviera",
                "id": "1264987556724248581",
                "username": "Lilac_W0lf"
            },
            {
                "name": "andy tilly",
                "location": "nottingham",
                "id": "19783089",
                "username": "lord_plop"
            },
            {
                "name": "Andrew Healey",
                "id": "163860866",
                "username": "andhealey"
            },
            {
                "name": "Rebecca J Lockley 😷 | 👻🕯🖖🏻 🇪🇺",
                "location": "Lincoln, UK",
                "id": "15223684",
                "username": "annaonthemoon"
            },
            {
                "name": "Ohh The Shade",
                "location": "Library",
                "id": "2667020552",
                "username": "ohhtheshade"
            },
            {
                "name": "Darren Gregory",
                "location": "Liphook, Hampshire",
                "id": "92400689",
                "username": "gredawarha"
            },
            {
                "name": "THE Jones",
                "location": "South East, England",
                "id": "255493337",
                "username": "adisenoj"
            },
            {
                "name": "shan",
                "location": "East Midlands, England",
                "id": "1345087938",
                "username": "batqueenTW"
            },
            {
                "name": "Flavilla Fongang",
                "location": "London & Paris",
                "id": "1265586835",
                "username": "FlavillaFongang"
            },
            {
                "name": "Chelsea",
                "location": "West Yorkshire",
                "id": "58567330",
                "username": "ChelseaaJadee_"
            },
            {
                "name": "Marc Allera",
                "location": "London, England",
                "id": "769134102796697600",
                "username": "MarcAllera"
            },
            {
                "name": "AdamOnRadio",
                "location": "Studio",
                "id": "1363436752720064512",
                "username": "ATOnRadio"
            },
            {
                "name": "DT Al Liverpool",
                "location": "England",
                "id": "49000397",
                "username": "DTAl1928"
            },
            {
                "name": "Zxz",
                "location": "England",
                "id": "139642367",
                "username": "ZxzSkyBlue"
            },
            {
                "name": "BettingTips24/7",
                "location": "England, United Kingdom",
                "id": "1492106166595428353",
                "username": "HorseRacing779"
            },
            {
                "name": "Android Fung",
                "location": "London, England",
                "id": "78790123",
                "username": "androidfung"
            },
            {
                "name": "Suzanne",
                "location": " Enniskillen",
                "id": "248681330",
                "username": "bakedinbelfast"
            },
            {
                "name": "Michael Armstrong",
                "location": "United Kingdom",
                "id": "1016744626747772931",
                "username": "Michael57690152"
            },
            {
                "name": "Dave Røberts🎗️☘️🔴⚪🟢⚪",
                "location": "North London",
                "id": "1296359634",
                "username": "DaveRoberts777"
            },
            {
                "name": "John Lewis",
                "location": "Llanhilleth ",
                "id": "957270390153383938",
                "username": "tredtoponty"
            },
            {
                "name": "Dan G 🤟",
                "id": "793840820",
                "username": "Punkdude1981"
            },
            {
                "name": "Liam",
                "id": "581732608",
                "username": "Liam_Kiernan89"
            },
            {
                "name": "Simon K, Radio presenter, Goalkeeper Enthusiast",
                "location": "Cobham, South East",
                "id": "715604335149846528",
                "username": "SKontheradio"
            },
            {
                "name": "Zak Chevin",
                "location": "Leicester, England",
                "id": "3123480994",
                "username": "zjc1993"
            },
            {
                "name": "Simon Hargood",
                "id": "1446098291641528326",
                "username": "SimonHargood1"
            },
            {
                "name": "Tasha Tate",
                "id": "1504836021703303168",
                "username": "tashtate88"
            },
            {
                "name": "Tom",
                "location": "United Kingdom",
                "id": "14281753",
                "username": "UKTomm"
            },
            {
                "name": "Chels'",
                "location": "Southampton, England",
                "id": "1319047826",
                "username": "ChelseaOwton19"
            },
            {
                "name": "Lynn Macfarlane",
                "location": "Scotland",
                "id": "351797545",
                "username": "LynnMac28"
            },
            {
                "name": "Alison",
                "location": "London",
                "id": "16670330",
                "username": "AlisonRamblings"
            },
            {
                "name": "Sakuu_Asmr",
                "id": "1337161830926577676",
                "username": "OwoSakuraa"
            },
            {
                "name": "Ashraf Wallace",
                "location": "Bradford",
                "id": "199004644",
                "username": "AshrafWallace"
            },
            {
                "name": "Fallingstartime",
                "location": "Scotland, United Kingdom",
                "id": "1471195798209712135",
                "username": "fallingstartime"
            },
            {
                "name": "Helen Jacobs",
                "location": "Manchester",
                "id": "88288435",
                "username": "waiteywoo"
            },
            {
                "name": "Black Lives Matter!",
                "location": "Glasgow, Scotland",
                "id": "382638889",
                "username": "JasonPaulPark"
            }
        ],
        "tweets": [
            {
                "author_id": "7117212",
                "created_at": "2022-03-08T15:42:00.000Z",
                "text": "Pre-order the epic new OPPO Find X5 Pro 5G today and get a free gift pack worth £373 on the UK’s best network. Hurry, offer ends 23rd March. Annual price changes and terms apply.",
                "id": "1501221703170539521"
            },
            {
                "author_id": "7117212",
                "referenced_tweets": [
                    {
                        "type": "replied_to",
                        "id": "1504583453660094464"
                    }
                ],
                "created_at": "2022-03-18T08:07:50.000Z",
                "text": "@simonrforster Morning Simon, hope you're well.\n\nI'm gutted to hear you're having issues with roaming in the USA, I'd love to help you get this sorted as I know how important it is for you to stay connected.\n\nAre you currently in the USA and having this issue? -Helen",
                "id": "1504731287042547712"
            },
            {
                "author_id": "3375111857",
                "referenced_tweets": [
                    {
                        "type": "replied_to",
                        "id": "1504947949381554176"
                    }
                ],
                "created_at": "2022-03-18T22:32:13.000Z",
                "text": "@nelson207 @Jamespepper55 @officialEIHL Shambles that @EE didn't ban his services.  Got a sideline ban should mean he shouldn't have access to his phone!!!!  I'm offended",
                "id": "1504948817862569984"
            },
            {
                "author_id": "89939525",
                "referenced_tweets": [
                    {
                        "type": "replied_to",
                        "id": "1504926027168075781"
                    }
                ],
                "created_at": "2022-03-18T22:28:46.000Z",
                "text": "@Jamespepper55 @officialEIHL You are aware this isn't against the rules? It's called a sideline ban no getting grounded n phone confiscated! Every single team in every single sport does this 🤣🤣🤣🤣🤣",
                "id": "1504947949381554176"
            },
            {
                "author_id": "7117212",
                "created_at": "2022-03-01T17:50:30.000Z",
                "text": "Our monthly price has never been lower on the Samsung Galaxy Watch4. Plus, claim a £50 Google Play Voucher. Get yours now for only £16 per month, £0 upfront on a 4GB plan.",
                "id": "1498717329911435269"
            },
            {
                "author_id": "7117212",
                "created_at": "2022-03-18T07:00:00.000Z",
                "text": "Good morning and happy Friday! Let us know if you need any help today. We’re here until 11pm.",
                "id": "1504714218402193409"
            },
            {
                "author_id": "634742623",
                "created_at": "2022-03-18T20:09:04.000Z",
                "text": "I had the livestream on 3G and was running good, think I had my stream on 4G/3G/2G and that what caused it to be rubbish https://t.co/05YWw9fw3m",
                "id": "1504912792880615429"
            },
            {
                "author_id": "160396614",
                "created_at": "2022-03-17T17:11:22.000Z",
                "text": "UK/EU friends - do any of you have advice for portable hot spots that have good internet and unlimited data for my tour streams?",
                "id": "1504505683638571009"
            },
            {
                "author_id": "1500480341596803072",
                "created_at": "2022-03-16T15:46:38.000Z",
                "text": "🎉🎉🎉We are happy to announce that the number of subscribers to our channel has exceeded 160,000 \n\nLet's imagine #Web3Coin start PUMP 💹\n\nIDO price: $0.00041💹\nPancakeswap Price: $0.005🚀 \n\n👉Buy IDO   https://t.co/mnnXbKqrT0\n\n🔗PancakeSwap: https://t.co/jvvXKKKd9e",
                "id": "1504121975530475525"
            },
            {
                "author_id": "7117212",
                "created_at": "2022-03-08T15:40:43.000Z",
                "text": "Pre-order the epic new OPPO Find X5 Pro 5G today and get a free gift pack worth £373 on the UK’s best network. Hurry, offer ends 23rd March. Annual price changes and terms apply.",
                "id": "1501221383099101194"
            },
            {
                "author_id": "7117212",
                "referenced_tweets": [
                    {
                        "type": "replied_to",
                        "id": "1504843188086915121"
                    }
                ],
                "created_at": "2022-03-18T17:15:49.000Z",
                "text": "@ScottPryde3 Hi, Scott. I hope you are well today. I am really sorry to hear that you wish you had not bothered and something has been more difficult than expected. Do you still need help at all? If so can you pop me your full name and number on a DM, please. - Sarahjane https://t.co/m14c5xhQi0",
                "id": "1504869193535135746"
            },
            {
                "author_id": "2571876063",
                "referenced_tweets": [
                    {
                        "type": "replied_to",
                        "id": "1499291461870931969"
                    }
                ],
                "created_at": "2022-03-07T15:59:29.000Z",
                "text": "@MogP @EE @BBCNews Are you blaming EE for that ? 🤔",
                "id": "1500863718489477120"
            },
            {
                "author_id": "1117809180713324544",
                "created_at": "2022-03-18T18:50:15.000Z",
                "text": "🚨 Giving away @BigBrainKids whitelist 🚨\n\n🧠🧠🧠🧠🧠\n\n1⃣ Like + RT\n2⃣ Follow me + @BigBrainKids \n3⃣ Tag friends (1 tag = 1 entry) \n4⃣ Drop your eth address + discord name https://t.co/bFqx9ORNeU",
                "id": "1504892959828889606"
            },
            {
                "author_id": "7117212",
                "referenced_tweets": [
                    {
                        "type": "replied_to",
                        "id": "1504843589028823049"
                    }
                ],
                "created_at": "2022-03-18T15:41:30.000Z",
                "text": "@Adam_W48 We remain committed to supporting customers on low-incomes or facing financial hardship. We encourage any customer having difficulty paying their bill to contact us. (3/3) -Craig",
                "id": "1504845458870517810"
            },
            {
                "author_id": "7117212",
                "created_at": "2022-03-18T17:49:31.000Z",
                "text": "The new iPhone SE with 5G. Buy now on the UK's best 5G network, and enjoy Apple Music, Apple TV+, Apple Arcade and Apple News+ free for 6 months. Plus, save £96 when you trade in your iPhone.\n\nFind out more and order at: https://t.co/hTMy5EO392 https://t.co/MOXggvlJbt",
                "id": "1504877674828910595"
            },
            {
                "author_id": "7117212",
                "referenced_tweets": [
                    {
                        "type": "replied_to",
                        "id": "1504886807200210949"
                    }
                ],
                "created_at": "2022-03-18T18:35:46.000Z",
                "text": "@majormagna Ah yeah it will need to be linked to the same account as your actual broadband I believe. -Bob",
                "id": "1504889314743832580"
            },
            {
                "author_id": "7117212",
                "referenced_tweets": [
                    {
                        "type": "replied_to",
                        "id": "1504882513839529985"
                    }
                ],
                "created_at": "2022-03-18T18:21:21.000Z",
                "text": "@majormagna Oh no worries, if you know the number, you can text FAULT followed by the landline number to 60071 and this will run some checks on the line and in the local area to see if there's anything going on there. Do you want to see what comes back from that? -Bob",
                "id": "1504885685081280513"
            },
            {
                "author_id": "74274149",
                "referenced_tweets": [
                    {
                        "type": "replied_to",
                        "id": "1504882247756824583"
                    }
                ],
                "created_at": "2022-03-18T18:20:36.000Z",
                "text": "@imdsm @EE The price rises are literally declared in the contract and were verbally explained to me when I re contracted. So it didn't come as a surprise to me. Not many places left without price rises baked into contract now?",
                "id": "1504885495163203590"
            },
            {
                "author_id": "24418897",
                "created_at": "2022-03-18T18:07:41.000Z",
                "text": "As if @EE just told me they’re raising prices by 9.3%… 9.3%! What use is a contract if there are price changes every March?",
                "id": "1504882247756824583"
            },
            {
                "author_id": "7117212",
                "created_at": "2022-01-31T20:24:39.000Z",
                "text": "Who would put their neck on the line to prove the power of a network? Brave and beautiful Tom Ellis, of course! Featuring a London Barber and Robot Arm. You just can’t make this up.",
                "id": "1488246872586268678"
            },
            {
                "author_id": "7117212",
                "referenced_tweets": [
                    {
                        "type": "replied_to",
                        "id": "1504879699415244800"
                    }
                ],
                "created_at": "2022-03-18T18:00:43.000Z",
                "text": "@majormagna Hey there, I hope you're well with the exception of the broadband issues. I know slow speeds can be the cause of massive frustration. Do you have a landline associated with the broadband account on your bill at all? (Please don't confirm the number if you do) -Bob",
                "id": "1504880492700647430"
            },
            {
                "author_id": "7117212",
                "referenced_tweets": [
                    {
                        "type": "replied_to",
                        "id": "1504438973996937221"
                    }
                ],
                "created_at": "2022-03-17T12:48:33.000Z",
                "text": "@majormagna Great. Keep me posted with how you get on. -Michael D",
                "id": "1504439545965813765"
            },
            {
                "author_id": "7117212",
                "referenced_tweets": [
                    {
                        "type": "replied_to",
                        "id": "1504874833175363591"
                    }
                ],
                "created_at": "2022-03-18T17:41:49.000Z",
                "text": "@andhealey That would be correct, yeah. You'd still have access to the full unlimited data during that time though 😊 -Craig",
                "id": "1504875734577430529"
            },
            {
                "author_id": "7117212",
                "referenced_tweets": [
                    {
                        "type": "replied_to",
                        "id": "1504867182911578112"
                    }
                ],
                "created_at": "2022-03-18T17:36:34.000Z",
                "text": "@andhealey Hey there Andrew 👋 I hope you're keeping okay and had a nice week.\n\nIf you pick up the Unlimited Data Pass, it'll renew on your billing date each month 🙂\n\nIf you ever wanted to cancel it, it's best to do that before the bill date to stop a charge for the next month. -Craig",
                "id": "1504874416177569804"
            },
            {
                "author_id": "7117212",
                "referenced_tweets": [
                    {
                        "type": "replied_to",
                        "id": "1504860601155260441"
                    }
                ],
                "created_at": "2022-03-18T16:47:19.000Z",
                "text": "@annaonthemoon Hmm that's really odd then, I would definitely recommend forwarding the details to the number I mentioned. Depending on the phone you're using, you might also be able to block the numbers too so it'll also be worth looking to do that. What type of phone is it you have? -Bob",
                "id": "1504862019345911831"
            },
            {
                "author_id": "1351906066519490562",
                "referenced_tweets": [
                    {
                        "type": "replied_to",
                        "id": "1468208428514426883"
                    }
                ],
                "created_at": "2022-02-14T20:27:52.000Z",
                "text": "@EE Do white people still use phones?",
                "id": "1493321112712892416"
            },
            {
                "author_id": "7117212",
                "referenced_tweets": [
                    {
                        "type": "replied_to",
                        "id": "1504869825729998848"
                    }
                ],
                "created_at": "2022-03-18T17:20:17.000Z",
                "text": "@gredawarha Ah that's great and I can make sure all is ok at our side if you would like? -Mark",
                "id": "1504870317369528336"
            },
            {
                "author_id": "7117212",
                "referenced_tweets": [
                    {
                        "type": "replied_to",
                        "id": "1504868334646571012"
                    }
                ],
                "created_at": "2022-03-18T17:16:40.000Z",
                "text": "@gredawarha Ah right. has everything went through ok now? -Mark",
                "id": "1504869406727409665"
            },
            {
                "author_id": "7117212",
                "referenced_tweets": [
                    {
                        "type": "replied_to",
                        "id": "1504856024993439745"
                    }
                ],
                "created_at": "2022-03-18T17:07:38.000Z",
                "text": "@gredawarha Hi Darren, I can help see how things are in the area. Please pop me a DM with your full postcode -Mark https://t.co/m14c5xhQi0",
                "id": "1504867134425518081"
            },
            {
                "author_id": "7117212",
                "referenced_tweets": [
                    {
                        "type": "replied_to",
                        "id": "1504860395693039618"
                    }
                ],
                "created_at": "2022-03-18T17:01:29.000Z",
                "text": "@batqueenTW If you decide to keep the pass going forward, you'll just see the one £10 charge on your bill each month which will cover it for the month ahead. If you ever want to remove it, just text STOP UNLIMITED to 150. It's best to do that before your bill date too 😊 (3/3) -Craig",
                "id": "1504865586660184088"
            },
            {
                "author_id": "769134102796697600",
                "created_at": "2022-03-18T16:47:07.000Z",
                "text": "Awesome to celebrate our industry’s Black role models and trailblazers at last night’s @BTAAwards w/ our Ethnic Diversity Network.\n\nHonoured to be named Ally of the Year, but all credit to my colleagues for making @EE and @bt_uk a team that welcomes all where you can be yourself. https://t.co/iUNwQxGpHm",
                "id": "1504861970889162758"
            },
            {
                "author_id": "1363436752720064512",
                "referenced_tweets": [
                    {
                        "type": "replied_to",
                        "id": "1504859794426978308"
                    }
                ],
                "created_at": "2022-03-18T16:42:08.000Z",
                "text": "@SimonBeale @EE @Mobilescouk @AffordableMob Mobiles UK only have one with Vodafone currently",
                "id": "1504860714711851015"
            },
            {
                "author_id": "7117212",
                "referenced_tweets": [
                    {
                        "type": "replied_to",
                        "id": "1504856321623040003"
                    }
                ],
                "created_at": "2022-03-18T16:40:02.000Z",
                "text": "@annaonthemoon Did you keep hold of your existing number when you moved back to us or did you start fresh with a new number? -Bob",
                "id": "1504860187856887814"
            },
            {
                "author_id": "7117212",
                "referenced_tweets": [
                    {
                        "type": "replied_to",
                        "id": "1504856321623040003"
                    }
                ],
                "created_at": "2022-03-18T16:39:29.000Z",
                "text": "@annaonthemoon Ahh okay, so it sounds like someone spoofing a number by the sounds of things there. If you do get calls like that, it's a good idea to text CALL to 7726 they will text you back asking for the number that the call came from which helps to tackle these scam calls. -Bob",
                "id": "1504860051718250496"
            },
            {
                "author_id": "7117212",
                "referenced_tweets": [
                    {
                        "type": "replied_to",
                        "id": "1504846908115795973"
                    }
                ],
                "created_at": "2022-03-18T16:05:11.000Z",
                "text": "@HorseRacing779 Ah great stuff and the new iPhone 13's are lovely aren't they. That's not bad either just £3 a month more :). Enjoy the weekend If we can help with anything else at all just give us a shout :) -Mark",
                "id": "1504851420058685452"
            },
            {
                "author_id": "7117212",
                "referenced_tweets": [
                    {
                        "type": "replied_to",
                        "id": "1504829218961637408"
                    }
                ],
                "created_at": "2022-03-18T14:40:42.000Z",
                "text": "@annaonthemoon Hey Rebecca, I hope you're well. \n\nI know getting a load of unwanted calls can be a real pain. Have you answered any of the calls to see if there is anyone on the other end? -Bob",
                "id": "1504830156258648076"
            },
            {
                "author_id": "7117212",
                "referenced_tweets": [
                    {
                        "type": "replied_to",
                        "id": "1504785066815279120"
                    }
                ],
                "created_at": "2022-03-18T11:41:47.000Z",
                "text": "And we’ve partnered with Samsung to help customers with hearing impairments get the most out of EE and the new Samsung S22 range, too.\n\nWhen our in-store QR code is scanned, it links to videos about the new Samsung series with sign language interpreter Simon, and closed captions. https://t.co/xggCSlaJJV",
                "id": "1504785132145815573"
            },
            {
                "author_id": "7117212",
                "referenced_tweets": [
                    {
                        "type": "replied_to",
                        "id": "1504830125057081344"
                    }
                ],
                "created_at": "2022-03-18T14:47:30.000Z",
                "text": "@Michael57690152 Hi Michael, \n\nI'm sorry to hear that you're still waiting to receive your new phone. I know that you'll want to get this as soon as possible to start using it and the watch. As soon as the phone is available, it will be dispatched and on it's way to you. -Russ",
                "id": "1504831868981714946"
            },
            {
                "author_id": "170277278",
                "created_at": "2022-03-16T11:59:01.000Z",
                "text": "It's cash for trash month! But wait, it's not trash to us. We'll give you £5 when you recycle any old tech in stores.💰\n\nTo celebrate the launch, we're giving away a £500 Currys Voucher!🤩\n\nSimply retweet this post &amp; send us a photo of an old piece of tech, with #LongLiveYourTech https://t.co/eavFn6uUay",
                "id": "1504064691747835905"
            },
            {
                "author_id": "7117212",
                "referenced_tweets": [
                    {
                        "type": "replied_to",
                        "id": "1503814260715134995"
                    }
                ],
                "created_at": "2022-03-18T15:46:04.000Z",
                "text": "@HorseRacing779 I hope you don't mind me popping you another message Luke and was just to see if all was ok or can we still help? :) -Mark",
                "id": "1504846607749103641"
            },
            {
                "author_id": "7117212",
                "referenced_tweets": [
                    {
                        "type": "replied_to",
                        "id": "1504841714594365448"
                    }
                ],
                "created_at": "2022-03-18T15:34:00.000Z",
                "text": "@Punkdude1981 Ah right, I am pleased you have that to check. Sorry, you are right, I will not have any further information than that. We will get it to you as quickly as we can. - Sarahjane",
                "id": "1504843568518733829"
            },
            {
                "author_id": "7117212",
                "created_at": "2022-03-17T12:00:15.000Z",
                "text": "iPhone 13 Pro with the best Pro camera system ever on iPhone. Now in Alpine Green on the UK’s best 5G network. Plus get Apple Music, Apple TV+ and Apple Arcade included in your plan for 24 months. And save £96 when you trade-in your iPhone. Annual price changes and terms apply",
                "id": "1504427390738608131"
            },
            {
                "author_id": "7117212",
                "referenced_tweets": [
                    {
                        "type": "replied_to",
                        "id": "1504832810431004675"
                    }
                ],
                "created_at": "2022-03-18T15:01:07.000Z",
                "text": "@Punkdude1981 Hi, Dan. I hope you are well today. I know you will be eager to get your new phone. If you pop me a DM with your full name and number I can see if there are any updates for you. - Sarahjane",
                "id": "1504835296961216512"
            },
            {
                "author_id": "1411219694",
                "created_at": "2022-03-18T11:54:57.000Z",
                "text": "Just had my direct debit from my energy provider increased from £137/month to £260/month… how are people expected to live? .@BorisJohnson .@RishiSunak",
                "id": "1504788445440491520"
            },
            {
                "author_id": "7117212",
                "referenced_tweets": [
                    {
                        "type": "replied_to",
                        "id": "1504816428364537893"
                    }
                ],
                "created_at": "2022-03-18T14:52:02.000Z",
                "text": "@LynnMac28 Hi Lynn, I hope you're well. 👋\n\nI would personally wait until you get another text from the team. It's just due to some changes that would need to go through. - Rachel",
                "id": "1504833007139573764"
            },
            {
                "author_id": "7117212",
                "referenced_tweets": [
                    {
                        "type": "replied_to",
                        "id": "1503048778395361285"
                    }
                ],
                "created_at": "2022-03-13T16:48:14.000Z",
                "text": "@AlisonRamblings I am sorry to hear that this has happened, as this isn't something that should be happening, though I will get this fed back. Have you been able to speak with the team now? -Rach",
                "id": "1503050312545972228"
            },
            {
                "author_id": "7117212",
                "referenced_tweets": [
                    {
                        "type": "replied_to",
                        "id": "1504831960228769796"
                    }
                ],
                "created_at": "2022-03-18T14:50:34.000Z",
                "text": "@AshrafWallace Hi Ashraf, hope you are well and having a fabulous Friday. \n\nIf you can drop me a DM with the IMEI number of your handset I would love to run through how to unlock your handset online. -Neil https://t.co/m14c5xhQi0",
                "id": "1504832639747899418"
            }
        ]
    },
    "errors": [
        {
            "value": "1504859794426978308",
            "detail": "Could not find tweet with referenced_tweets.id: [1504859794426978308].",
            "title": "Not Found Error",
            "resource_type": "tweet",
            "parameter": "referenced_tweets.id",
            "resource_id": "1504859794426978308",
            "type": "https://api.twitter.com/2/problems/resource-not-found"
        },
        {
            "resource_id": "1504844742231744513",
            "parameter": "referenced_tweets.id",
            "resource_type": "tweet",
            "section": "includes",
            "title": "Authorization Error",
            "value": "1504844742231744513",
            "detail": "Sorry, you are not authorized to see the Tweet with referenced_tweets.id: [1504844742231744513].",
            "type": "https://api.twitter.com/2/problems/not-authorized-for-resource"
        },
        {
            "value": "1504835572464078858",
            "detail": "Could not find tweet with referenced_tweets.id: [1504835572464078858].",
            "title": "Not Found Error",
            "resource_type": "tweet",
            "parameter": "referenced_tweets.id",
            "resource_id": "1504835572464078858",
            "type": "https://api.twitter.com/2/problems/resource-not-found"
        }
    ],
    "meta": {
        "oldest_id": "1504827528623628292",
        "newest_id": "1504954034855239680",
        "previous_token": "77qpymm88g5h9vqklurc07k05w10j68nzh79uy6elv50w",
        "result_count": 100,
        "next_token": "7140dibdnow9c7btw420js1chxahcpqo6rnqkenxu60c2"
    }
}