{
    "data": [
        {
            "author_id": "1387379639614595076",
            "id": "1505850575237308420",
            "text": "@TonyVCarter @FitForHeroes @Dominiclangan @bt_uk @zeninternet Looking forward to many more @zeninternet years!",
            "referenced_tweets": [
                {
                    "type": "replied_to",
                    "id": "1505847428439846922"
                }
            ],
            "created_at": "2022-03-21T10:15:29.000Z"
        },
        {
            "author_id": "893210975264006145",
            "id": "1505849546777182210",
            "text": "Big thanks to @bt_uk for their help sorting out issues with my aunt’s account this morning. She has dementia and they couldn’t have been more helpful. Much appreciated.",
            "created_at": "2022-03-21T10:11:23.000Z"
        },
        {
            "author_id": "198751197",
            "id": "1505848254243786752",
            "text": "@tvlicensing @bt_uk @stwater @EON_SE_en Also sent you my full address from my housing association. Stop assigning postcodes, you are not the post office",
            "referenced_tweets": [
                {
                    "type": "replied_to",
                    "id": "1505847930321879044"
                }
            ],
            "created_at": "2022-03-21T10:06:15.000Z"
        },
        {
            "author_id": "17896041",
            "id": "1505847930321879044",
            "text": "@BuffyIles @bt_uk @stwater @EON_SE_en Hi, we've received your DM and will take a look as soon as we can. Thank you.",
            "referenced_tweets": [
                {
                    "type": "replied_to",
                    "id": "1505847295614586880"
                }
            ],
            "created_at": "2022-03-21T10:04:58.000Z"
        },
        {
            "author_id": "321606975",
            "id": "1505847428439846922",
            "text": "@BDintheBorders @FitForHeroes @Dominiclangan @bt_uk @zeninternet I'll take your 6 years and raise it to the 14 I have been with them. Never a foot wrong and ALWAYS very helpful. And once you sign up the price never goes up, unless you change your plan. And if you need help with something complicated, they know the answer and will sort you out",
            "referenced_tweets": [
                {
                    "type": "replied_to",
                    "id": "1505826266443919364"
                }
            ],
            "created_at": "2022-03-21T10:02:58.000Z"
        },
        {
            "author_id": "198751197",
            "id": "1505847295614586880",
            "text": "@tvlicensing @bt_uk @stwater @EON_SE_en Sure can, your virtual assistant is a complete waste of time",
            "referenced_tweets": [
                {
                    "type": "replied_to",
                    "id": "1505846677349015554"
                }
            ],
            "created_at": "2022-03-21T10:02:27.000Z"
        },
        {
            "author_id": "1243211227825922049",
            "id": "1505846701587845127",
            "text": "Thrilled to announce that we are working with @BT_uk on a first-of-its-kind re-skilling programme 🚀 We are running an exclusive cohort for a group of existing BT employees, who will be re-skilling in cyber security with us and starting new cyber roles at BT upon graduation... https://t.co/owgT362Wre",
            "created_at": "2022-03-21T10:00:05.000Z"
        },
        {
            "author_id": "17896041",
            "id": "1505846677349015554",
            "text": "@BuffyIles @bt_uk @stwater @EON_SE_en Hi, we'd like to take a look into this. Could you please DM us some details? Thank you.",
            "referenced_tweets": [
                {
                    "type": "replied_to",
                    "id": "1505846009569722374"
                }
            ],
            "created_at": "2022-03-21T09:59:59.000Z"
        },
        {
            "author_id": "198751197",
            "id": "1505846009569722374",
            "text": "@bt_uk @stwater @EON_SE_en can you all please confirm to @tvlicensing that my new postcode DOES EXIST, and that you all supply my new postcode, as the TV licence people are insisting it doesn't and assigning a different postcode to my address",
            "created_at": "2022-03-21T09:57:20.000Z"
        },
        {
            "author_id": "1113370898998886400",
            "id": "1505845323566092290",
            "text": "@bt_uk so you dropping them PS5 today?? 😉 I’m feeling lucky!",
            "created_at": "2022-03-21T09:54:37.000Z"
        },
        {
            "author_id": "1694526013",
            "id": "1505845063066267652",
            "text": "@bt_uk Is there an outage in Newbury at the moment, I’ve had no internet since 7.45",
            "created_at": "2022-03-21T09:53:34.000Z"
        },
        {
            "author_id": "4064261483",
            "id": "1505839187844608007",
            "text": "@bt_uk can you please dm me.",
            "created_at": "2022-03-21T09:30:14.000Z"
        },
        {
            "author_id": "1430061584211226626",
            "id": "1505837513981804545",
            "text": "The latest in the @BT_UK saga - charged £160 early termination fees after they cut my line off without my consent. Credited but not refunded. Nearly 4 weeks on, still no broadband, still awaiting call from Head of Department or Ops manager since Thursday last week. Tiresome.",
            "created_at": "2022-03-21T09:23:35.000Z"
        },
        {
            "author_id": "3151648900",
            "id": "1505831565448065028",
            "text": "Where can I get a returns bag @bt_uk I can’t see any link on your website to order one? Having a clear out and found some old equipment. Thanks",
            "created_at": "2022-03-21T08:59:56.000Z"
        },
        {
            "author_id": "910679791",
            "id": "1505828502280491011",
            "text": "@bt_uk Is this a private txt ? I have spoken with BT now and apparently it’s on its way 😉",
            "referenced_tweets": [
                {
                    "type": "replied_to",
                    "id": "1505824329694683137"
                }
            ],
            "created_at": "2022-03-21T08:47:46.000Z"
        },
        {
            "author_id": "1335576548",
            "id": "1505828447486357508",
            "text": "@bt_uk Thanks a lot",
            "referenced_tweets": [
                {
                    "type": "replied_to",
                    "id": "1505828285531533313"
                }
            ],
            "created_at": "2022-03-21T08:47:33.000Z"
        },
        {
            "author_id": "352710204",
            "id": "1505828185535090689",
            "text": "@bt_uk prob end up having to do that good idea , not chatted with phone bot for awhile be nice to hear her voice again",
            "referenced_tweets": [
                {
                    "type": "replied_to",
                    "id": "1505826499789742081"
                }
            ],
            "created_at": "2022-03-21T08:46:31.000Z"
        },
        {
            "author_id": "1335576548",
            "id": "1505828013774098433",
            "text": "@bt_uk Yep BT",
            "referenced_tweets": [
                {
                    "type": "replied_to",
                    "id": "1505827912334946308"
                }
            ],
            "created_at": "2022-03-21T08:45:50.000Z"
        },
        {
            "author_id": "1335576548",
            "id": "1505827539993903106",
            "text": "@bt_uk This was yesterday morning, we haven’t had internet since Saturday am in our E3 postcode (we have the constant flashing purple lights).",
            "referenced_tweets": [
                {
                    "type": "replied_to",
                    "id": "1505826004861919235"
                }
            ],
            "created_at": "2022-03-21T08:43:57.000Z"
        },
        {
            "author_id": "1387379639614595076",
            "id": "1505826266443919364",
            "text": "@FitForHeroes @Dominiclangan @bt_uk @zeninternet I agree. Go with @zeninternet I've been with them for about 6 yrs now. Always had great service - and no price increase.",
            "referenced_tweets": [
                {
                    "type": "replied_to",
                    "id": "1505471325720268808"
                }
            ],
            "created_at": "2022-03-21T08:38:53.000Z"
        },
        {
            "author_id": "1335576548",
            "id": "1505825664703860736",
            "text": "@bt_uk we’ve had no internet since Saturday and been told that they “might” send engineers out on Wednesday…is this normal for a capital city where a large % still work from home?",
            "created_at": "2022-03-21T08:36:30.000Z"
        },
        {
            "author_id": "352710204",
            "id": "1505825101069049858",
            "text": "one of those days both @bt_uk and @UtilitaEnergy online payments not working, been trying both since last night hopelessi think they should have to give you compensation 1 free month if you get pissed about not tried @TamesideCouncil yet but they do say trouble comes in three`s",
            "created_at": "2022-03-21T08:34:15.000Z"
        },
        {
            "author_id": "749997887963160580",
            "id": "1505821783848595458",
            "text": "@bt_uk Hello. Since this early this morning, texts are taking ages to send. They are stuck for several minutes as \"sending\" before finally sending. I'm in my usual location and turned my phone off and on. Is there an issue with the network? Thanks.",
            "created_at": "2022-03-21T08:21:04.000Z"
        },
        {
            "author_id": "20012143",
            "id": "1505820214893686787",
            "text": "@bt_uk When will we get compensation for the 5 day outage?",
            "referenced_tweets": [
                {
                    "type": "replied_to",
                    "id": "1505514490116333572"
                }
            ],
            "created_at": "2022-03-21T08:14:50.000Z"
        },
        {
            "author_id": "3243607300",
            "id": "1505814345141436416",
            "text": "Congratulations @bt_uk it's been a whole month that my 90 year old Mother has not had full use of her home phone @Ofcom 😠",
            "created_at": "2022-03-21T07:51:31.000Z"
        },
        {
            "author_id": "841594727086620676",
            "id": "1505798098840399872",
            "text": "@1848horse @bt_uk Thank you 😊",
            "referenced_tweets": [
                {
                    "type": "replied_to",
                    "id": "1505553504227758088"
                }
            ],
            "created_at": "2022-03-21T06:46:57.000Z"
        },
        {
            "author_id": "1067898311288463360",
            "id": "1505716289754521603",
            "text": "@bt_uk connection kept dropping january. Bt finally came 5 days ago.. (problem fixed) bang no internet connectivity? £90 a month for this shite?",
            "created_at": "2022-03-21T01:21:52.000Z"
        },
        {
            "author_id": "220429694",
            "id": "1505689112807940097",
            "text": "@bt_uk buffeting all night absolute rubbish sorry I signed up with them can’t even watch something on I player. Swerve them at all cost",
            "created_at": "2022-03-20T23:33:53.000Z"
        },
        {
            "author_id": "1018597261",
            "id": "1505686800517545986",
            "text": "@bt_uk  Is there any issues with your services? I've tried to check the service status, asking for a phone number. I don't have one as I went with BT without getting a number. My Ping is very high, my download is okay and my upload is 0.5. I'm paying over £200 a month.",
            "created_at": "2022-03-20T23:24:42.000Z"
        },
        {
            "author_id": "955785137651896320",
            "id": "1505674634083160065",
            "text": "@bt_uk I was. I was sent a letter. BT post a 1.5 billion before tax profit in December. So why are you putting the rates up? I assume you've had an above inflation pay rise Aisling?",
            "referenced_tweets": [
                {
                    "type": "replied_to",
                    "id": "1504802856649564178"
                }
            ],
            "created_at": "2022-03-20T22:36:21.000Z"
        },
        {
            "author_id": "1504503019383271429",
            "id": "1505665978855792648",
            "text": "@SueChester7 @bt_uk @O2 @Skype @edwarddavey @ClarenceHouse @GOVUK @UN_HRC @UN Dm for quick recovery very recommendable",
            "referenced_tweets": [
                {
                    "type": "replied_to",
                    "id": "1504395925439004678"
                }
            ],
            "created_at": "2022-03-20T22:01:57.000Z"
        },
        {
            "author_id": "241058034",
            "id": "1505664206976307212",
            "text": "@bt_uk I've had numerous calls, and still not sorted. Hoping that you will do something tomorrow, but will believe it when I see it....",
            "referenced_tweets": [
                {
                    "type": "replied_to",
                    "id": "1497932507848876036"
                }
            ],
            "created_at": "2022-03-20T21:54:55.000Z"
        },
        {
            "author_id": "1200162108417163264",
            "id": "1505663023557615616",
            "text": "@TheTiniestVole @bt_uk It's like the opposite of a burglar.",
            "referenced_tweets": [
                {
                    "type": "replied_to",
                    "id": "1505662468760256518"
                }
            ],
            "created_at": "2022-03-20T21:50:13.000Z"
        },
        {
            "author_id": "38926943",
            "id": "1505662468760256518",
            "text": "@SuperGr99797063 @bt_uk Yes. They’ll never find it in there. #cybercrimesolutions",
            "referenced_tweets": [
                {
                    "type": "replied_to",
                    "id": "1505662026017914885"
                }
            ],
            "created_at": "2022-03-20T21:48:01.000Z"
        },
        {
            "author_id": "1200162108417163264",
            "id": "1505662026017914885",
            "text": "@TheTiniestVole @bt_uk That will foil the miscreants more effectively than any software.",
            "referenced_tweets": [
                {
                    "type": "replied_to",
                    "id": "1505660232919359491"
                }
            ],
            "created_at": "2022-03-20T21:46:15.000Z"
        },
        {
            "author_id": "1073518271394131968",
            "id": "1505661463939137536",
            "text": "@bt_uk Sian darlin, it says ur closed for the day 😢 https://t.co/h02A6L0bDC",
            "referenced_tweets": [
                {
                    "type": "replied_to",
                    "id": "1505660417758142468"
                }
            ],
            "created_at": "2022-03-20T21:44:01.000Z"
        },
        {
            "author_id": "38926943",
            "id": "1505660232919359491",
            "text": "@SuperGr99797063 @bt_uk I shall find out soon enough. I’ve turned it off and put it in a drawer. That should fix things.",
            "referenced_tweets": [
                {
                    "type": "replied_to",
                    "id": "1505658641000587265"
                }
            ],
            "created_at": "2022-03-20T21:39:07.000Z"
        },
        {
            "author_id": "1073518271394131968",
            "id": "1505659939808763910",
            "text": "@bt_uk ur wifi literally makes me so depressed - id be apex pred level SO EASY, the only thing holding me back is ur wifi - the singular reason that lets u call ur broadband “fibre” is the similarity between the wifi and these steaming, fibrous logs im laying on the daily",
            "referenced_tweets": [
                {
                    "type": "replied_to",
                    "id": "1505655419418652674"
                }
            ],
            "created_at": "2022-03-20T21:37:58.000Z"
        },
        {
            "author_id": "1200162108417163264",
            "id": "1505658641000587265",
            "text": "@TheTiniestVole @bt_uk Lucky the cyber criminals only work in office hours then, really.",
            "referenced_tweets": [
                {
                    "type": "replied_to",
                    "id": "1505657016437587970"
                }
            ],
            "created_at": "2022-03-20T21:32:48.000Z"
        },
        {
            "author_id": "38926943",
            "id": "1505657016437587970",
            "text": "@SuperGr99797063 @bt_uk I needed help immediately. It had allowed me to uninstall McAffee but not install Norton so my laptop was unprotected. I’m not impressed. It says they are available 24/7 but that doesn’t seem to include weekends…",
            "referenced_tweets": [
                {
                    "type": "replied_to",
                    "id": "1505656543571759107"
                }
            ],
            "created_at": "2022-03-20T21:26:21.000Z"
        },
        {
            "author_id": "1200162108417163264",
            "id": "1505656543571759107",
            "text": "@TheTiniestVole @bt_uk Shame on you for disturbing them during the weekend. That's what I heard in the silence",
            "referenced_tweets": [
                {
                    "type": "replied_to",
                    "id": "1505643756493713409"
                }
            ],
            "created_at": "2022-03-20T21:24:28.000Z"
        },
        {
            "author_id": "1085333977198678016",
            "id": "1505644441951952896",
            "text": "@bt_uk @btsportcricket Come on BT. You have to do better than this. I’m paying for this and the picture quality is terrible tonight. I would like to be able to enjoy the cricket!!!",
            "created_at": "2022-03-20T20:36:23.000Z"
        },
        {
            "author_id": "38926943",
            "id": "1505643756493713409",
            "text": "@bt_uk Waiting for a reply to my DM",
            "referenced_tweets": [
                {
                    "type": "replied_to",
                    "id": "1505167206216306688"
                }
            ],
            "created_at": "2022-03-20T20:33:39.000Z"
        },
        {
            "author_id": "1073518271394131968",
            "id": "1505634192012554240",
            "text": "i genuinely want you to know from the bottom of my heart @bt_uk, that if it wasn’t for your wretched, korma the night before, skid mark of of a broadband service… i acc might not need counselling anymore",
            "created_at": "2022-03-20T19:55:39.000Z"
        },
        {
            "author_id": "270311831",
            "id": "1505630391771832471",
            "text": "Nearly seven years with @bt_uk, broadband, TV, phone, mobile. Thousands of pounds paid. But when I call and ask if they could send a loyal customer a Pro TV box to replace my decrepit 2016 4k box, the answer was a firm no. You really don't understand customer retention do you?",
            "created_at": "2022-03-20T19:40:33.000Z"
        },
        {
            "author_id": "1505618349480452102",
            "id": "1505628304426119168",
            "text": "@Jacob_Kelly2002 @bt_uk Well sell you some packet ❄️❄️",
            "referenced_tweets": [
                {
                    "type": "replied_to",
                    "id": "1505613798153019400"
                }
            ],
            "created_at": "2022-03-20T19:32:15.000Z"
        },
        {
            "author_id": "232674972",
            "id": "1505615920470925326",
            "text": "@LizzieT67208271 @bt_uk Thought it was just me. It just keeps dropping in and out. When I get a connections it’s fast as always. But I have no hope of streaming any live media today",
            "referenced_tweets": [
                {
                    "type": "replied_to",
                    "id": "1505588069839294469"
                }
            ],
            "created_at": "2022-03-20T18:43:03.000Z"
        },
        {
            "author_id": "2299781145",
            "id": "1505613798153019400",
            "text": "@bt_uk hey! I'm having seriously high ping and packet loss on my FTTP connection, been solid for a while started playing up now. That is directly ethernet into the home hub https://t.co/v4vmByxqqv",
            "created_at": "2022-03-20T18:34:37.000Z"
        },
        {
            "author_id": "1060904323",
            "id": "1505596663804702721",
            "text": "@bt_uk can’t believe how bad the customer service has been with BT. No internet for two weeks, tried to end contact and was told to pay £350 to do so. Absolutely shocking!",
            "created_at": "2022-03-20T17:26:31.000Z"
        },
        {
            "author_id": "281631718",
            "id": "1505595381828235269",
            "text": "@bt_uk Am I eligible for a new/better BT TV box? I find mine has a relatively poor picture quality and the performance is pretty slow.",
            "created_at": "2022-03-20T17:21:26.000Z"
        },
        {
            "author_id": "371160927",
            "id": "1505592962599768066",
            "text": "@bt_uk I’ve DM my details?",
            "referenced_tweets": [
                {
                    "type": "replied_to",
                    "id": "1505591246156406789"
                }
            ],
            "created_at": "2022-03-20T17:11:49.000Z"
        },
        {
            "author_id": "1184110985596063744",
            "id": "1505592060568645635",
            "text": "@bt_uk I don't have a landlines number. I don't use one.",
            "referenced_tweets": [
                {
                    "type": "replied_to",
                    "id": "1505588613203042306"
                }
            ],
            "created_at": "2022-03-20T17:08:14.000Z"
        },
        {
            "author_id": "1184110985596063744",
            "id": "1505590826675556352",
            "text": "@bt_uk Judging by the replies, it's not just my home affected. Do you have engineers in Maghull currently fixing this issue?",
            "referenced_tweets": [
                {
                    "type": "replied_to",
                    "id": "1505588688004300802"
                }
            ],
            "created_at": "2022-03-20T17:03:20.000Z"
        },
        {
            "author_id": "371160927",
            "id": "1505590812360552449",
            "text": "@bt_uk Regarding my broadband, it’s gone off again, but I can’t understand why",
            "referenced_tweets": [
                {
                    "type": "replied_to",
                    "id": "1505589859846602754"
                }
            ],
            "created_at": "2022-03-20T17:03:16.000Z"
        },
        {
            "author_id": "371160927",
            "id": "1505589561329700876",
            "text": "@bt_uk need some help regarding my account, thanks",
            "created_at": "2022-03-20T16:58:18.000Z"
        },
        {
            "author_id": "1184110985596063744",
            "id": "1505588069839294469",
            "text": "@bt_uk Maghull, Liverpool is unreal today! My kids cannot get on the Internet to do their homework and I cannot watch anything Internet based. Help us please! 🙏🙏🙏",
            "referenced_tweets": [
                {
                    "type": "replied_to",
                    "id": "1505167206216306688"
                }
            ],
            "created_at": "2022-03-20T16:52:22.000Z"
        },
        {
            "author_id": "21189275",
            "id": "1505584349655318541",
            "text": "@bt_uk hi. My Internet has been down for 3 days. Any idea when it might be fixed please? Also I assume I’ll get some money back through my bill? Ta",
            "created_at": "2022-03-20T16:37:36.000Z"
        },
        {
            "author_id": "154895514",
            "id": "1505580598106238977",
            "text": "You could be clearer @bt_uk as I still don’t understand what I’m paying to activate when neither Now TV or Netflix charge to start a subscription. Either way I’ll not be paying it 🤷🏻‍♀️ https://t.co/PFKHMRzpNi",
            "created_at": "2022-03-20T16:22:41.000Z"
        },
        {
            "author_id": "3059838095",
            "id": "1505575117274988549",
            "text": "@Nic_Nac_Ola @bt_uk money grabbers",
            "referenced_tweets": [
                {
                    "type": "replied_to",
                    "id": "1505573680209924102"
                }
            ],
            "created_at": "2022-03-20T16:00:54.000Z"
        },
        {
            "author_id": "154895514",
            "id": "1505573680209924102",
            "text": "Absolutely baffled how @bt_uk can justify charging me £40 “activation” fee to add Now TV &amp; Netflix to my account when I ,firstly, already have the TV Box &amp; , secondly, neither Now or Netflix charge for activation - what is this charge for?! (At least it’s saved me some money!)",
            "created_at": "2022-03-20T15:55:12.000Z"
        },
        {
            "author_id": "154895514",
            "id": "1505568659074334728",
            "text": "Hey @bt_uk I’m trying to add an entertainment package but the guy on the phone said I can’t use the email address my BT account is set up with to upgrade my account. I can’t do it online either as it’s charging me for a box I already have. I used the same email address without",
            "created_at": "2022-03-20T15:35:15.000Z"
        },
        {
            "author_id": "721028926387175424",
            "id": "1505553504227758088",
            "text": "@LetsGoLudlow @bt_uk Hope he soon recovers.",
            "referenced_tweets": [
                {
                    "type": "replied_to",
                    "id": "1505233436197412866"
                }
            ],
            "created_at": "2022-03-20T14:35:01.000Z"
        },
        {
            "author_id": "1329450072086622208",
            "id": "1505545034514456579",
            "text": "@bt_uk is there anyway I can check when full fibre will be available in my area?",
            "created_at": "2022-03-20T14:01:22.000Z"
        },
        {
            "author_id": "1433137345411403784",
            "id": "1505544179983986689",
            "text": "@TheGasGeezer01 @DpawsonGas @virginmedia @bt_uk 🤙👍🏼",
            "referenced_tweets": [
                {
                    "type": "replied_to",
                    "id": "1505539595240460290"
                }
            ],
            "created_at": "2022-03-20T13:57:58.000Z"
        },
        {
            "author_id": "2305545918",
            "id": "1505538530923229190",
            "text": "@jamie_Gas_85 @TheGasGeezer01 @virginmedia @bt_uk Ring up to cancel. Retentions department to keep you",
            "referenced_tweets": [
                {
                    "type": "replied_to",
                    "id": "1505537885113659392"
                }
            ],
            "created_at": "2022-03-20T13:35:31.000Z"
        },
        {
            "author_id": "1433137345411403784",
            "id": "1505537885113659392",
            "text": "@TheGasGeezer01 @DpawsonGas @virginmedia @bt_uk Seems to be norm now though! Pay through for shit service and be great full. 🥲",
            "referenced_tweets": [
                {
                    "type": "replied_to",
                    "id": "1505536702546427908"
                }
            ],
            "created_at": "2022-03-20T13:32:58.000Z"
        },
        {
            "author_id": "1433137345411403784",
            "id": "1505535513029136386",
            "text": "@DpawsonGas @TheGasGeezer01 @virginmedia @bt_uk I’ll stick with my fibre for now … assuming virgin get back to me befor I die of old age",
            "referenced_tweets": [
                {
                    "type": "replied_to",
                    "id": "1505535227216678914"
                }
            ],
            "created_at": "2022-03-20T13:23:32.000Z"
        },
        {
            "author_id": "2305545918",
            "id": "1505535227216678914",
            "text": "@jamie_Gas_85 @TheGasGeezer01 @virginmedia @bt_uk 4g dongle",
            "referenced_tweets": [
                {
                    "type": "replied_to",
                    "id": "1505533029820813314"
                }
            ],
            "created_at": "2022-03-20T13:22:24.000Z"
        },
        {
            "author_id": "18455732",
            "id": "1505534478638370818",
            "text": "@bt_uk have you noticed how @SkyUK are out to steal your broadband customers? 18 months fixed price aimed at people like me that you have shafted with a mid contract price rise. Short term gain for a long term loss is how you are operating your business.",
            "created_at": "2022-03-20T13:19:25.000Z"
        },
        {
            "author_id": "1433137345411403784",
            "id": "1505533029820813314",
            "text": "@TheGasGeezer01 @DpawsonGas @virginmedia @bt_uk Carrier pigeon is also more reliable  than my experience with BT prev, no doubt easier to communicate with than virgin! Stick with it",
            "referenced_tweets": [
                {
                    "type": "replied_to",
                    "id": "1505521844706811906"
                }
            ],
            "created_at": "2022-03-20T13:13:40.000Z"
        },
        {
            "author_id": "46383869",
            "id": "1505532117048082435",
            "text": "Get a £70 BT Gift Card! Fibre 1 @bt_uk #Broadband - £28.99 p/m on a 24 month contract for new customers + no set-up fee https://t.co/t3XNSvi0uP https://t.co/NvWoNSC69e",
            "created_at": "2022-03-20T13:10:02.000Z"
        },
        {
            "author_id": "803347753174794241",
            "id": "1505529566386921472",
            "text": "@bt_uk Yes I do just DM’d you",
            "referenced_tweets": [
                {
                    "type": "replied_to",
                    "id": "1505491134478487552"
                }
            ],
            "created_at": "2022-03-20T12:59:54.000Z"
        },
        {
            "author_id": "1207730341508734982",
            "id": "1505528290081132551",
            "text": "@bt_uk How do we go about cancelling the contract without penalty? \n\nPolice and fire report can be provided if required.",
            "referenced_tweets": [
                {
                    "type": "replied_to",
                    "id": "1505164347340988417"
                }
            ],
            "created_at": "2022-03-20T12:54:50.000Z"
        },
        {
            "author_id": "3221725365",
            "id": "1505522604324577287",
            "text": "@bt_uk i did not message bt &gt;?",
            "referenced_tweets": [
                {
                    "type": "replied_to",
                    "id": "1505521082417262597"
                }
            ],
            "created_at": "2022-03-20T12:32:14.000Z"
        },
        {
            "author_id": "3221725365",
            "id": "1505522499303391234",
            "text": "@bt_uk no its not my bt its my virgin",
            "referenced_tweets": [
                {
                    "type": "replied_to",
                    "id": "1505521082417262597"
                }
            ],
            "created_at": "2022-03-20T12:31:49.000Z"
        },
        {
            "author_id": "1433137345411403784",
            "id": "1505520527234019330",
            "text": "@DpawsonGas @virginmedia @bt_uk I can’t they don’t do fibre here 🤭",
            "referenced_tweets": [
                {
                    "type": "replied_to",
                    "id": "1505482117874171906"
                }
            ],
            "created_at": "2022-03-20T12:23:59.000Z"
        },
        {
            "author_id": "364865633",
            "id": "1505518976071254019",
            "text": "@bt_uk please read this   Joke ! https://t.co/gbTZHIqIfe",
            "created_at": "2022-03-20T12:17:49.000Z"
        },
        {
            "author_id": "3405467206",
            "id": "1505514470231228417",
            "text": "@bt_uk and now we I've been with since orange first started it takes a week or 2 to text my partner I think royal mail quicker",
            "created_at": "2022-03-20T11:59:55.000Z"
        },
        {
            "author_id": "3405467206",
            "id": "1505513929597927426",
            "text": "@bt_uk to Finnish after talking to bt sales man 1hr later a fault appeared on line covering Spalding and other areas in think I'm owed a refund for the last few months",
            "created_at": "2022-03-20T11:57:46.000Z"
        },
        {
            "author_id": "29689643",
            "id": "1505513267808063496",
            "text": "@bt_uk Thanks Claire, I just want to know if I can migrate away without being penalised?",
            "referenced_tweets": [
                {
                    "type": "replied_to",
                    "id": "1505508437500698625"
                }
            ],
            "created_at": "2022-03-20T11:55:08.000Z"
        },
        {
            "author_id": "3405467206",
            "id": "1505512978996764676",
            "text": "@bt_uk well I e been with by my start contract was up to 36mg and 6-8 up load but in Spalding my line they offered me max of 19mg and 1 meg up I feel they have lied about my new speed they have no records of my original contract I when I canceled 1 HR after I spoke to by sales",
            "created_at": "2022-03-20T11:53:59.000Z"
        },
        {
            "author_id": "118750085",
            "id": "1505512615241560064",
            "text": "@Cathrynmaginni1 Cathryn, \n\nFor wireless only issues try switching the hub off for 30 seconds and switch it back on, try forgetting the connection to the hub on the device and reconnecting and refreshing the WIFI via the instructions in the help link- https://t.co/zMY2ITUItY ^Ian @BT_UK Team",
            "referenced_tweets": [
                {
                    "type": "replied_to",
                    "id": "1505511693568425984"
                }
            ],
            "created_at": "2022-03-20T11:52:33.000Z"
        },
        {
            "author_id": "3962445327",
            "id": "1505511693568425984",
            "text": "@bt_uk Wireless",
            "referenced_tweets": [
                {
                    "type": "replied_to",
                    "id": "1505511488580116482"
                }
            ],
            "created_at": "2022-03-20T11:48:53.000Z"
        },
        {
            "author_id": "118750085",
            "id": "1505511488580116482",
            "text": "@Cathrynmaginni1 Sorry to hear this Cathryn, Is this on a wired or wireless connection and have you reported a fault to us via-\n\nText HELP to 61998 (charges may apply at your standard rate).\n\nhttps://t.co/OXhq1iB0S8 ^Ian @BT_UK Team",
            "referenced_tweets": [
                {
                    "type": "replied_to",
                    "id": "1505510834751037443"
                }
            ],
            "created_at": "2022-03-20T11:48:04.000Z"
        },
        {
            "author_id": "3962445327",
            "id": "1505510834751037443",
            "text": "@bt_uk ox15 6EU internet not even reaching 1mb … what’s going on",
            "created_at": "2022-03-20T11:45:28.000Z"
        },
        {
            "author_id": "228648524",
            "id": "1505500954296168448",
            "text": "@bt_uk\n hey, what are you doing? Have I been swapped onto the dodgy pair again? think I won't notice? Put me back on a pair that does what I pay you for!! (and don't offer to put me on mobile BB, this area is an EE black hole) #btbroadband #btispants https://t.co/qNLLygrFec",
            "created_at": "2022-03-20T11:06:13.000Z"
        },
        {
            "author_id": "29689643",
            "id": "1505498962542878724",
            "text": "@bt_uk Will I be penalised if I switch broadband due to your price rise?",
            "created_at": "2022-03-20T10:58:18.000Z"
        },
        {
            "author_id": "198751197",
            "id": "1505494482720067588",
            "text": "@bt_uk your services might have a few glitches but your staff are absolutely lovely to talk to, just had to say 😁",
            "created_at": "2022-03-20T10:40:30.000Z"
        },
        {
            "author_id": "2305545918",
            "id": "1505482117874171906",
            "text": "@jamie_Gas_85 @virginmedia Just move to @bt_uk 🤷‍♂️",
            "referenced_tweets": [
                {
                    "type": "replied_to",
                    "id": "1505264815303974913"
                }
            ],
            "created_at": "2022-03-20T09:51:22.000Z"
        },
        {
            "author_id": "1316601710",
            "id": "1505477010197561344",
            "text": "Finally left @bt_uk after years over overpaying. A @UswitchUK search and saved £17 a month on broadband and phone. Called BT to see if they’d price match. No chance. Next day they call to try to offer me a deal, get stuffed!",
            "created_at": "2022-03-20T09:31:04.000Z"
        },
        {
            "author_id": "2871330131",
            "id": "1505476340513914887",
            "text": "@bt_uk our internet is not working properly, its off more than its on at the moment. Can you sort it out, we re paying for a service that we re not getting. Thank you.",
            "created_at": "2022-03-20T09:28:24.000Z"
        },
        {
            "author_id": "1357289328",
            "id": "1505474338237075456",
            "text": "Why BT is guilty of putting lives at risk with the removal of telephone landlines - see @yorkshirepost letters\nhttps://t.co/28C5dyaRi7\nWhat is your view? Email: yp.editor@ypn.co.uk\n@JayMitchinson @IanDayPix @bt_uk #landlines @CLANorth #mobilephone",
            "created_at": "2022-03-20T09:20:27.000Z"
        },
        {
            "author_id": "118750085",
            "id": "1505472390641430533",
            "text": "@Earl_Kay You haven't DM'd the correct page. \n\nYou need to DM us at @bt_uk ^Lisa",
            "referenced_tweets": [
                {
                    "type": "replied_to",
                    "id": "1505472002076860417"
                }
            ],
            "created_at": "2022-03-20T09:12:42.000Z"
        },
        {
            "author_id": "148044886",
            "id": "1505472002076860417",
            "text": "@bt_uk So you can just not reply again?",
            "referenced_tweets": [
                {
                    "type": "replied_to",
                    "id": "1505469522655993857"
                }
            ],
            "created_at": "2022-03-20T09:11:10.000Z"
        },
        {
            "author_id": "242233345",
            "id": "1505471325720268808",
            "text": "@Dominiclangan @bt_uk I’ve been with @zeninternet for 4 years. Proper uk call centre, great customer service, and consistent, quality internet connection. Voted #1 by Which. DO NOT go to Virgin, woeful on all levels.",
            "referenced_tweets": [
                {
                    "type": "replied_to",
                    "id": "1505267520412004358"
                }
            ],
            "created_at": "2022-03-20T09:08:29.000Z"
        },
        {
            "author_id": "45248686",
            "id": "1505468827945033730",
            "text": "@bt_uk Back on now. Thank you",
            "referenced_tweets": [
                {
                    "type": "replied_to",
                    "id": "1505454487850397698"
                }
            ],
            "created_at": "2022-03-20T08:58:33.000Z"
        },
        {
            "author_id": "1404138755833962497",
            "id": "1505464135731093509",
            "text": "@bt_uk my internet is down? Been on hold since 8am!!! Is it just me?",
            "created_at": "2022-03-20T08:39:54.000Z"
        },
        {
            "author_id": "306654645",
            "id": "1505454409450405889",
            "text": "@Dominiclangan @bt_uk Plusnet👍🏻 sky 👎🏻",
            "referenced_tweets": [
                {
                    "type": "replied_to",
                    "id": "1505267520412004358"
                }
            ],
            "created_at": "2022-03-20T08:01:15.000Z"
        },
        {
            "author_id": "148044886",
            "id": "1505453736470228993",
            "text": "@bt_uk It’s still saying no known issues, just like when we tried yesterday👍",
            "referenced_tweets": [
                {
                    "type": "replied_to",
                    "id": "1505205721226485760"
                }
            ],
            "created_at": "2022-03-20T07:58:35.000Z"
        },
        {
            "author_id": "148044886",
            "id": "1505452949325193218",
            "text": "@bt_uk https://t.co/K4U3Cg04tl",
            "referenced_tweets": [
                {
                    "type": "replied_to",
                    "id": "1505272698892603397"
                }
            ],
            "created_at": "2022-03-20T07:55:27.000Z"
        }
    ],
    "includes": {
        "users": [
            {
                "id": "1387379639614595076",
                "username": "BDintheBorders",
                "name": "BDintheBorders"
            },
            {
                "location": "Europe",
                "id": "893210975264006145",
                "username": "slightlymadder",
                "name": "me"
            },
            {
                "location": "Nottingham, England",
                "id": "198751197",
                "username": "BuffyIles",
                "name": "Buffy Iles"
            },
            {
                "location": "UK",
                "id": "17896041",
                "username": "tvlicensing",
                "name": "TV Licensing"
            },
            {
                "location": "Kent, UK",
                "id": "321606975",
                "username": "TonyVCarter",
                "name": "🅃🄾🄽🅈 🄲🄰🅁🅃🄴🅁"
            },
            {
                "location": "United Kingdom",
                "id": "1243211227825922049",
                "username": "CAPSLOCKCyber",
                "name": "CAPSLOCK"
            },
            {
                "id": "1113370898998886400",
                "username": "Dentist_Joan",
                "name": "Officer•Needs•Assistance ⛔"
            },
            {
                "id": "1694526013",
                "username": "cookingsocks",
                "name": "Thegrimsbyreaper"
            },
            {
                "location": "London, England",
                "id": "4064261483",
                "username": "Abdulstayhumble",
                "name": "Abbz"
            },
            {
                "location": "Newcastle, England",
                "id": "1430061584211226626",
                "username": "f0resttemple",
                "name": "Drew"
            },
            {
                "location": "Hertfordshire",
                "id": "3151648900",
                "username": "SpecialK_chef",
                "name": "Chef"
            },
            {
                "id": "910679791",
                "username": "11jbk",
                "name": "jan baker"
            },
            {
                "location": "London",
                "id": "1335576548",
                "username": "Opposable1",
                "name": "Chris B"
            },
            {
                "location": "Manchester",
                "id": "352710204",
                "username": "itsmeitsmeandy",
                "name": "AM"
            },
            {
                "id": "749997887963160580",
                "username": "RhodesyLu",
                "name": "Lu 💫"
            },
            {
                "location": "Hove, East Sussex",
                "id": "20012143",
                "username": "domballsuk",
                "name": "Dom Balls Productions Limited"
            },
            {
                "location": "Northants",
                "id": "3243607300",
                "username": "loonyfruitcake",
                "name": "Steve Layton"
            },
            {
                "location": "Ludlow, England",
                "id": "841594727086620676",
                "username": "LetsGoLudlow",
                "name": "Let's Go! Ludlow"
            },
            {
                "location": "Carlisle, England",
                "id": "1067898311288463360",
                "username": "GaryPea65105933",
                "name": "Gary Pearce"
            },
            {
                "location": "Liverpool, England",
                "id": "220429694",
                "username": "crumblex",
                "name": "Crumble 🏃‍♂️🚴"
            },
            {
                "location": "Wigan, England",
                "id": "1018597261",
                "username": "CraigMiles_",
                "name": "Craig Miles!"
            },
            {
                "id": "955785137651896320",
                "username": "snowbindtrades",
                "name": "Alistair Wright"
            },
            {
                "id": "1504503019383271429",
                "username": "OswaldCox8",
                "name": "Oswald Cox"
            },
            {
                "location": "Plymouth, England",
                "id": "241058034",
                "username": "Tessa_Webb",
                "name": "Tessa Webb"
            },
            {
                "location": "Sesame Street, Scotland",
                "id": "1200162108417163264",
                "username": "SuperGr99797063",
                "name": "Sir SuperGrover 🇺🇦"
            },
            {
                "location": "Northumberland UK",
                "id": "38926943",
                "username": "TheTiniestVole",
                "name": "Laura"
            },
            {
                "location": "ur mothers king sized bed ",
                "id": "1073518271394131968",
                "username": "BistoSkids",
                "name": "bisto papi"
            },
            {
                "location": "Altrincham",
                "id": "1085333977198678016",
                "username": "grannyallan_val",
                "name": "val allan"
            },
            {
                "id": "270311831",
                "username": "HisWayUp",
                "name": "Gavin Owen"
            },
            {
                "location": "United Kingdom",
                "id": "1505618349480452102",
                "username": "02CUSTOMERHELP",
                "name": "02 Support"
            },
            {
                "id": "232674972",
                "username": "lukebest1981",
                "name": "Luke Best"
            },
            {
                "location": "Maghull, England",
                "id": "2299781145",
                "username": "Jacob_Kelly2002",
                "name": "Jacob Kelly 🤘🏼"
            },
            {
                "location": "London",
                "id": "1060904323",
                "username": "ThomasGrundy3",
                "name": "Tom Grundy"
            },
            {
                "location": "Cardiff/ Pembs",
                "id": "281631718",
                "username": "JohnPGf",
                "name": "John"
            },
            {
                "id": "371160927",
                "username": "MrBasicx",
                "name": "Matty"
            },
            {
                "id": "1184110985596063744",
                "username": "LizzieT67208271",
                "name": "Lizzie_T"
            },
            {
                "location": "London",
                "id": "21189275",
                "username": "Barbs0",
                "name": "Chris Barber"
            },
            {
                "location": "Wrecsam, Cymru",
                "id": "154895514",
                "username": "Nic_Nac_Ola",
                "name": "Nic 👩🏻‍🦰 🏴󠁧󠁢󠁷󠁬󠁳󠁿"
            },
            {
                "id": "3059838095",
                "username": "pauly3113",
                "name": "Deadpool United"
            },
            {
                "location": "Ludlow",
                "id": "721028926387175424",
                "username": "1848horse",
                "name": "mary rawlins"
            },
            {
                "id": "1329450072086622208",
                "username": "BonBill43",
                "name": "B"
            },
            {
                "id": "1433137345411403784",
                "username": "jamie_Gas_85",
                "name": "Jamie_engineer_85"
            },
            {
                "location": "Leeds, England",
                "id": "2305545918",
                "username": "DpawsonGas",
                "name": "DPawsonGas"
            },
            {
                "location": "Staffordshire",
                "id": "18455732",
                "username": "Lhasadreams",
                "name": "Adrian Daniels"
            },
            {
                "location": "London",
                "id": "46383869",
                "username": "DiscVisc",
                "name": "DiscountVouchers is WFH 🏡"
            },
            {
                "location": "England, United Kingdom",
                "id": "803347753174794241",
                "username": "davethecocker",
                "name": "Dave"
            },
            {
                "id": "1207730341508734982",
                "username": "adarrenbilivit",
                "name": "Dazzlejeuse, Dazzlejeuse, Dazzlejeuse"
            },
            {
                "id": "3221725365",
                "username": "PETERDFF",
                "name": "p d"
            },
            {
                "location": "Harrogate",
                "id": "364865633",
                "username": "GuyRiall",
                "name": "Guy Riall"
            },
            {
                "id": "3405467206",
                "username": "simonwi07619538",
                "name": "grumpy grandad"
            },
            {
                "location": "Wirral via Prestonpans",
                "id": "29689643",
                "username": "MrDavidSteele",
                "name": "David 🏴󠁧󠁢󠁳󠁣󠁴󠁿"
            },
            {
                "location": "United Kingdom",
                "id": "118750085",
                "username": "bt_uk",
                "name": "BT"
            },
            {
                "id": "3962445327",
                "username": "Cathrynmaginni1",
                "name": "Cathryn maginnis"
            },
            {
                "location": "Bristol, England",
                "id": "228648524",
                "username": "edwardsgwen",
                "name": "Gwen"
            },
            {
                "id": "1316601710",
                "username": "a_bear_ystwyth",
                "name": "Taylor"
            },
            {
                "id": "2871330131",
                "username": "chorley_mike",
                "name": "Mike Chorley 💙"
            },
            {
                "location": "Yorkshire",
                "id": "1357289328",
                "username": "OpinionYP",
                "name": "OpinionYP"
            },
            {
                "location": "London, England",
                "id": "148044886",
                "username": "Earl_Kay",
                "name": "Teabag"
            },
            {
                "id": "242233345",
                "username": "FitForHeroes",
                "name": "Michael Fish"
            },
            {
                "location": "London, UK",
                "id": "45248686",
                "username": "nadinematheson",
                "name": "Nadine Matheson"
            },
            {
                "id": "1404138755833962497",
                "username": "JamesPulmer",
                "name": "James Pulmer"
            },
            {
                "id": "306654645",
                "username": "MuscleClinicUK",
                "name": "Russell Kingston🇬🇧"
            }
        ],
        "tweets": [
            {
                "author_id": "321606975",
                "id": "1505847428439846922",
                "text": "@BDintheBorders @FitForHeroes @Dominiclangan @bt_uk @zeninternet I'll take your 6 years and raise it to the 14 I have been with them. Never a foot wrong and ALWAYS very helpful. And once you sign up the price never goes up, unless you change your plan. And if you need help with something complicated, they know the answer and will sort you out",
                "referenced_tweets": [
                    {
                        "type": "replied_to",
                        "id": "1505826266443919364"
                    }
                ],
                "created_at": "2022-03-21T10:02:58.000Z"
            },
            {
                "author_id": "17896041",
                "id": "1505847930321879044",
                "text": "@BuffyIles @bt_uk @stwater @EON_SE_en Hi, we've received your DM and will take a look as soon as we can. Thank you.",
                "referenced_tweets": [
                    {
                        "type": "replied_to",
                        "id": "1505847295614586880"
                    }
                ],
                "created_at": "2022-03-21T10:04:58.000Z"
            },
            {
                "author_id": "198751197",
                "id": "1505847295614586880",
                "text": "@tvlicensing @bt_uk @stwater @EON_SE_en Sure can, your virtual assistant is a complete waste of time",
                "referenced_tweets": [
                    {
                        "type": "replied_to",
                        "id": "1505846677349015554"
                    }
                ],
                "created_at": "2022-03-21T10:02:27.000Z"
            },
            {
                "author_id": "1387379639614595076",
                "id": "1505826266443919364",
                "text": "@FitForHeroes @Dominiclangan @bt_uk @zeninternet I agree. Go with @zeninternet I've been with them for about 6 yrs now. Always had great service - and no price increase.",
                "referenced_tweets": [
                    {
                        "type": "replied_to",
                        "id": "1505471325720268808"
                    }
                ],
                "created_at": "2022-03-21T08:38:53.000Z"
            },
            {
                "author_id": "17896041",
                "id": "1505846677349015554",
                "text": "@BuffyIles @bt_uk @stwater @EON_SE_en Hi, we'd like to take a look into this. Could you please DM us some details? Thank you.",
                "referenced_tweets": [
                    {
                        "type": "replied_to",
                        "id": "1505846009569722374"
                    }
                ],
                "created_at": "2022-03-21T09:59:59.000Z"
            },
            {
                "author_id": "198751197",
                "id": "1505846009569722374",
                "text": "@bt_uk @stwater @EON_SE_en can you all please confirm to @tvlicensing that my new postcode DOES EXIST, and that you all supply my new postcode, as the TV licence people are insisting it doesn't and assigning a different postcode to my address",
                "created_at": "2022-03-21T09:57:20.000Z"
            },
            {
                "author_id": "118750085",
                "id": "1505824329694683137",
                "text": "@11jbk Hey Jan, if you still haven’t received your returns kit drop me over your details so I can make sure one was ordered for you. ^David",
                "referenced_tweets": [
                    {
                        "type": "replied_to",
                        "id": "1504763371324911628"
                    }
                ],
                "created_at": "2022-03-21T08:31:11.000Z"
            },
            {
                "author_id": "118750085",
                "id": "1505828285531533313",
                "text": "@Opposable1 And have you reported the fault and spoken to someone at BT? If you can DM over the full address and postcode and account holders name i'll check the latest update on it. ^Janet",
                "referenced_tweets": [
                    {
                        "type": "replied_to",
                        "id": "1505828013774098433"
                    }
                ],
                "created_at": "2022-03-21T08:46:54.000Z"
            },
            {
                "author_id": "118750085",
                "id": "1505826499789742081",
                "text": "@itsmeitsmeandy Hi, sorry to hear you're having trouble making a payment online. Have you tried logging in with a different device? Alternatively you can pay a bill using our automated service by dialling 0800 443311. Please let us know if you need any further help - ^David https://t.co/hBbj6tVEyH",
                "referenced_tweets": [
                    {
                        "type": "replied_to",
                        "id": "1505825101069049858"
                    }
                ],
                "created_at": "2022-03-21T08:39:49.000Z"
            },
            {
                "author_id": "118750085",
                "id": "1505827912334946308",
                "text": "@Opposable1 Is your service with BT Chris? ^Janet",
                "referenced_tweets": [
                    {
                        "type": "replied_to",
                        "id": "1505827539993903106"
                    }
                ],
                "created_at": "2022-03-21T08:45:25.000Z"
            },
            {
                "author_id": "118750085",
                "id": "1505826004861919235",
                "text": "@Opposable1 Hi Chris, Arrangements for a repair shouldn't be so vague. Is your service with BT and have you spoken to anyone recently for an update? ^Janet",
                "referenced_tweets": [
                    {
                        "type": "replied_to",
                        "id": "1505825664703860736"
                    }
                ],
                "created_at": "2022-03-21T08:37:51.000Z"
            },
            {
                "author_id": "242233345",
                "id": "1505471325720268808",
                "text": "@Dominiclangan @bt_uk I’ve been with @zeninternet for 4 years. Proper uk call centre, great customer service, and consistent, quality internet connection. Voted #1 by Which. DO NOT go to Virgin, woeful on all levels.",
                "referenced_tweets": [
                    {
                        "type": "replied_to",
                        "id": "1505267520412004358"
                    }
                ],
                "created_at": "2022-03-20T09:08:29.000Z"
            },
            {
                "author_id": "118750085",
                "id": "1505514490116333572",
                "text": "We're springing into action today and are ready for the day ahead! 🌼 Happy first day of Spring everyone 🌼 We're here to help with your account.",
                "created_at": "2022-03-20T12:00:00.000Z"
            },
            {
                "author_id": "721028926387175424",
                "id": "1505553504227758088",
                "text": "@LetsGoLudlow @bt_uk Hope he soon recovers.",
                "referenced_tweets": [
                    {
                        "type": "replied_to",
                        "id": "1505233436197412866"
                    }
                ],
                "created_at": "2022-03-20T14:35:01.000Z"
            },
            {
                "author_id": "118750085",
                "id": "1504802856649564178",
                "text": "@snowbindtrades Hi Alistair, you would have been sent a notification about the price increase, did you get this? It's usually sent via email or letter. ^Aisling",
                "referenced_tweets": [
                    {
                        "type": "replied_to",
                        "id": "1504799012435730445"
                    }
                ],
                "created_at": "2022-03-18T12:52:13.000Z"
            },
            {
                "author_id": "1065627500775116800",
                "id": "1504395925439004678",
                "text": "My emails @bt_uk landline @O2 mob @Skype #HACKED post stolen from ALL ethical police solicitors journalists with legal/press campaign help-I'm #stalked daily-no friends unless #spycop minders\n\n📢@EdwardDavey plz push @ClarenceHouse to STOP the paranoid @GOVUK #hacking @UN_HRC @UN https://t.co/AvLO7ypqhC",
                "referenced_tweets": [
                    {
                        "type": "replied_to",
                        "id": "1504395921194422279"
                    }
                ],
                "created_at": "2022-03-17T09:55:13.000Z"
            },
            {
                "author_id": "118750085",
                "id": "1497932507848876036",
                "text": "@Tessa_Webb Hello Tessa, did the team call you back? If you need me to check anything, pop me over your details via DM and I'll have a look ^Elaine",
                "referenced_tweets": [
                    {
                        "type": "replied_to",
                        "id": "1497291189661409285"
                    }
                ],
                "created_at": "2022-02-27T13:51:54.000Z"
            },
            {
                "author_id": "38926943",
                "id": "1505662468760256518",
                "text": "@SuperGr99797063 @bt_uk Yes. They’ll never find it in there. #cybercrimesolutions",
                "referenced_tweets": [
                    {
                        "type": "replied_to",
                        "id": "1505662026017914885"
                    }
                ],
                "created_at": "2022-03-20T21:48:01.000Z"
            },
            {
                "author_id": "1200162108417163264",
                "id": "1505662026017914885",
                "text": "@TheTiniestVole @bt_uk That will foil the miscreants more effectively than any software.",
                "referenced_tweets": [
                    {
                        "type": "replied_to",
                        "id": "1505660232919359491"
                    }
                ],
                "created_at": "2022-03-20T21:46:15.000Z"
            },
            {
                "author_id": "38926943",
                "id": "1505660232919359491",
                "text": "@SuperGr99797063 @bt_uk I shall find out soon enough. I’ve turned it off and put it in a drawer. That should fix things.",
                "referenced_tweets": [
                    {
                        "type": "replied_to",
                        "id": "1505658641000587265"
                    }
                ],
                "created_at": "2022-03-20T21:39:07.000Z"
            },
            {
                "author_id": "118750085",
                "id": "1505660417758142468",
                "text": "@BistoSkids Have you used the FIX service to diagnose any issues? Regards ^Sian- BT_UK Team",
                "referenced_tweets": [
                    {
                        "type": "replied_to",
                        "id": "1505659939808763910"
                    }
                ],
                "created_at": "2022-03-20T21:39:52.000Z"
            },
            {
                "author_id": "1200162108417163264",
                "id": "1505658641000587265",
                "text": "@TheTiniestVole @bt_uk Lucky the cyber criminals only work in office hours then, really.",
                "referenced_tweets": [
                    {
                        "type": "replied_to",
                        "id": "1505657016437587970"
                    }
                ],
                "created_at": "2022-03-20T21:32:48.000Z"
            },
            {
                "author_id": "118750085",
                "id": "1505655419418652674",
                "text": "@BistoSkids Sorry to hear you`re having problems. Text FIX with your landline number &amp; Social Media username to 61998. This will automatically run tests on your line and if it doesn’t fix your issue then we'll be in touch. (Texts are free unless you are on Virgin mobile). ^Sian- BT_UK Team",
                "referenced_tweets": [
                    {
                        "type": "replied_to",
                        "id": "1505634192012554240"
                    }
                ],
                "created_at": "2022-03-20T21:20:00.000Z"
            },
            {
                "author_id": "38926943",
                "id": "1505657016437587970",
                "text": "@SuperGr99797063 @bt_uk I needed help immediately. It had allowed me to uninstall McAffee but not install Norton so my laptop was unprotected. I’m not impressed. It says they are available 24/7 but that doesn’t seem to include weekends…",
                "referenced_tweets": [
                    {
                        "type": "replied_to",
                        "id": "1505656543571759107"
                    }
                ],
                "created_at": "2022-03-20T21:26:21.000Z"
            },
            {
                "author_id": "1200162108417163264",
                "id": "1505656543571759107",
                "text": "@TheTiniestVole @bt_uk Shame on you for disturbing them during the weekend. That's what I heard in the silence",
                "referenced_tweets": [
                    {
                        "type": "replied_to",
                        "id": "1505643756493713409"
                    }
                ],
                "created_at": "2022-03-20T21:24:28.000Z"
            },
            {
                "author_id": "38926943",
                "id": "1505643756493713409",
                "text": "@bt_uk Waiting for a reply to my DM",
                "referenced_tweets": [
                    {
                        "type": "replied_to",
                        "id": "1505167206216306688"
                    }
                ],
                "created_at": "2022-03-20T20:33:39.000Z"
            },
            {
                "author_id": "118750085",
                "id": "1505167206216306688",
                "text": "We're here to help, pop over a DM with any queries you may have!",
                "created_at": "2022-03-19T13:00:01.000Z"
            },
            {
                "author_id": "2299781145",
                "id": "1505613798153019400",
                "text": "@bt_uk hey! I'm having seriously high ping and packet loss on my FTTP connection, been solid for a while started playing up now. That is directly ethernet into the home hub https://t.co/v4vmByxqqv",
                "created_at": "2022-03-20T18:34:37.000Z"
            },
            {
                "author_id": "1184110985596063744",
                "id": "1505588069839294469",
                "text": "@bt_uk Maghull, Liverpool is unreal today! My kids cannot get on the Internet to do their homework and I cannot watch anything Internet based. Help us please! 🙏🙏🙏",
                "referenced_tweets": [
                    {
                        "type": "replied_to",
                        "id": "1505167206216306688"
                    }
                ],
                "created_at": "2022-03-20T16:52:22.000Z"
            },
            {
                "author_id": "118750085",
                "id": "1505591246156406789",
                "text": "@MrBasicx I'm sorry to hear this - Is it totally off or dropping connection? Send me over the full name and address on the account along with your mobile number via DM and I'll have a look here ^Elaine",
                "referenced_tweets": [
                    {
                        "type": "replied_to",
                        "id": "1505590812360552449"
                    }
                ],
                "created_at": "2022-03-20T17:05:00.000Z"
            },
            {
                "author_id": "118750085",
                "id": "1505588613203042306",
                "text": "@LizzieT67208271 Are there any faults listed here  https://t.co/MzA036xsMJ If not then follow the instructions below: ^Kevin",
                "referenced_tweets": [
                    {
                        "type": "replied_to",
                        "id": "1505588069839294469"
                    }
                ],
                "created_at": "2022-03-20T16:54:32.000Z"
            },
            {
                "author_id": "118750085",
                "id": "1505588688004300802",
                "text": "@LizzieT67208271 To report a fault text FIX plus landline https://t.co/Qqop4OJU6u 61998. For an update text SUPPORT plus landline no. (normal text rate). \n\n•If you need an engineer, we’ll text you to book \n\n•If you don’t need one, our UK/Ireland team will call you ^Kevin",
                "referenced_tweets": [
                    {
                        "type": "replied_to",
                        "id": "1505588069839294469"
                    }
                ],
                "created_at": "2022-03-20T16:54:50.000Z"
            },
            {
                "author_id": "118750085",
                "id": "1505589859846602754",
                "text": "@MrBasicx Hello Matty, how can I help? ^Elaine",
                "referenced_tweets": [
                    {
                        "type": "replied_to",
                        "id": "1505589561329700876"
                    }
                ],
                "created_at": "2022-03-20T16:59:29.000Z"
            },
            {
                "author_id": "154895514",
                "id": "1505573680209924102",
                "text": "Absolutely baffled how @bt_uk can justify charging me £40 “activation” fee to add Now TV &amp; Netflix to my account when I ,firstly, already have the TV Box &amp; , secondly, neither Now or Netflix charge for activation - what is this charge for?! (At least it’s saved me some money!)",
                "created_at": "2022-03-20T15:55:12.000Z"
            },
            {
                "author_id": "945700048595292160",
                "id": "1505539595240460290",
                "text": "@DpawsonGas @jamie_Gas_85 @virginmedia @bt_uk If they are operating out of contract Ref - Service and or guarantees then an immediate cancellation can be requested prior to end of imposed contract ! Check Your Current Contract For Terms &amp; Conditions",
                "referenced_tweets": [
                    {
                        "type": "replied_to",
                        "id": "1505538530923229190"
                    }
                ],
                "created_at": "2022-03-20T13:39:45.000Z"
            },
            {
                "author_id": "1433137345411403784",
                "id": "1505537885113659392",
                "text": "@TheGasGeezer01 @DpawsonGas @virginmedia @bt_uk Seems to be norm now though! Pay through for shit service and be great full. 🥲",
                "referenced_tweets": [
                    {
                        "type": "replied_to",
                        "id": "1505536702546427908"
                    }
                ],
                "created_at": "2022-03-20T13:32:58.000Z"
            },
            {
                "author_id": "945700048595292160",
                "id": "1505536702546427908",
                "text": "@jamie_Gas_85 @DpawsonGas @virginmedia @bt_uk Makes you feel great paying for a service that your not getting https://t.co/xlo5ar1iPw",
                "referenced_tweets": [
                    {
                        "type": "replied_to",
                        "id": "1505535513029136386"
                    }
                ],
                "created_at": "2022-03-20T13:28:16.000Z"
            },
            {
                "author_id": "2305545918",
                "id": "1505535227216678914",
                "text": "@jamie_Gas_85 @TheGasGeezer01 @virginmedia @bt_uk 4g dongle",
                "referenced_tweets": [
                    {
                        "type": "replied_to",
                        "id": "1505533029820813314"
                    }
                ],
                "created_at": "2022-03-20T13:22:24.000Z"
            },
            {
                "author_id": "1433137345411403784",
                "id": "1505533029820813314",
                "text": "@TheGasGeezer01 @DpawsonGas @virginmedia @bt_uk Carrier pigeon is also more reliable  than my experience with BT prev, no doubt easier to communicate with than virgin! Stick with it",
                "referenced_tweets": [
                    {
                        "type": "replied_to",
                        "id": "1505521844706811906"
                    }
                ],
                "created_at": "2022-03-20T13:13:40.000Z"
            },
            {
                "author_id": "945700048595292160",
                "id": "1505521844706811906",
                "text": "@jamie_Gas_85 @DpawsonGas @virginmedia @bt_uk I’m 2 miles away from civilisation - stick ya fibre I’ll just use the carrier pigeon -",
                "referenced_tweets": [
                    {
                        "type": "replied_to",
                        "id": "1505520527234019330"
                    }
                ],
                "created_at": "2022-03-20T12:29:13.000Z"
            },
            {
                "author_id": "118750085",
                "id": "1505491134478487552",
                "text": "@davethecocker Hi Dave just checking if you still needed help with this? ^Dee",
                "referenced_tweets": [
                    {
                        "type": "replied_to",
                        "id": "1504855985562832905"
                    }
                ],
                "created_at": "2022-03-20T10:27:11.000Z"
            },
            {
                "author_id": "118750085",
                "id": "1505164347340988417",
                "text": "@adarrenbilivit Hi there, so sorry to hear of your mums situation it must be truly awful. She would have 2 options, move the service to the temporary accommodation or cancel. If shes in contract I can remove it to ensure she's not charged for cancellation. ^Dee",
                "referenced_tweets": [
                    {
                        "type": "replied_to",
                        "id": "1505163817285791753"
                    }
                ],
                "created_at": "2022-03-19T12:48:39.000Z"
            },
            {
                "author_id": "118750085",
                "id": "1505521082417262597",
                "text": "@PETERDFF Hello there. I'm very sorry to hear you're having problems logging into your BT email. What error message are you receiving? Please DM me. ^Eamon",
                "referenced_tweets": [
                    {
                        "type": "replied_to",
                        "id": "1505520761695617025"
                    }
                ],
                "created_at": "2022-03-20T12:26:11.000Z"
            },
            {
                "author_id": "2305545918",
                "id": "1505482117874171906",
                "text": "@jamie_Gas_85 @virginmedia Just move to @bt_uk 🤷‍♂️",
                "referenced_tweets": [
                    {
                        "type": "replied_to",
                        "id": "1505264815303974913"
                    }
                ],
                "created_at": "2022-03-20T09:51:22.000Z"
            },
            {
                "author_id": "118750085",
                "id": "1505508437500698625",
                "text": "@MrDavidSteele Check out https://t.co/bwFyoSlL8X for more info on how the Price Changes will effect you ^ClaireC",
                "referenced_tweets": [
                    {
                        "type": "replied_to",
                        "id": "1505498962542878724"
                    }
                ],
                "created_at": "2022-03-20T11:35:57.000Z"
            },
            {
                "author_id": "3962445327",
                "id": "1505511693568425984",
                "text": "@bt_uk Wireless",
                "referenced_tweets": [
                    {
                        "type": "replied_to",
                        "id": "1505511488580116482"
                    }
                ],
                "created_at": "2022-03-20T11:48:53.000Z"
            },
            {
                "author_id": "118750085",
                "id": "1505511488580116482",
                "text": "@Cathrynmaginni1 Sorry to hear this Cathryn, Is this on a wired or wireless connection and have you reported a fault to us via-\n\nText HELP to 61998 (charges may apply at your standard rate).\n\nhttps://t.co/OXhq1iB0S8 ^Ian @BT_UK Team",
                "referenced_tweets": [
                    {
                        "type": "replied_to",
                        "id": "1505510834751037443"
                    }
                ],
                "created_at": "2022-03-20T11:48:04.000Z"
            },
            {
                "author_id": "3962445327",
                "id": "1505510834751037443",
                "text": "@bt_uk ox15 6EU internet not even reaching 1mb … what’s going on",
                "created_at": "2022-03-20T11:45:28.000Z"
            },
            {
                "author_id": "1433137345411403784",
                "id": "1505264815303974913",
                "text": "@virginmedia been in a WhatsApp que for two days now ! Still in line or has something gone wrong ?",
                "created_at": "2022-03-19T19:27:53.000Z"
            },
            {
                "author_id": "148044886",
                "id": "1505472002076860417",
                "text": "@bt_uk So you can just not reply again?",
                "referenced_tweets": [
                    {
                        "type": "replied_to",
                        "id": "1505469522655993857"
                    }
                ],
                "created_at": "2022-03-20T09:11:10.000Z"
            },
            {
                "author_id": "118750085",
                "id": "1505469522655993857",
                "text": "@Earl_Kay You need to DM this page ^Lisa",
                "referenced_tweets": [
                    {
                        "type": "replied_to",
                        "id": "1505453736470228993"
                    }
                ],
                "created_at": "2022-03-20T09:01:19.000Z"
            },
            {
                "author_id": "86163944",
                "id": "1505267520412004358",
                "text": "I have not had any @BT_UK broadband for over 2 weeks now. At my wit’s end if I’m honest. Rung them numerous times, raised 2 complaints and written to the Omsbudman but got me nowhere. My 32 years with BT are coming to an end. Who do you recommend for my broadband replacement?",
                "created_at": "2022-03-19T19:38:38.000Z"
            },
            {
                "author_id": "118750085",
                "id": "1505454487850397698",
                "text": "@nadinematheson Hi Nadine, I'm sorry to read this. Is your broadband still down or is it back up and running again? ^Tasha",
                "referenced_tweets": [
                    {
                        "type": "replied_to",
                        "id": "1505278686043553794"
                    }
                ],
                "created_at": "2022-03-20T08:01:34.000Z"
            },
            {
                "author_id": "118750085",
                "id": "1505205721226485760",
                "text": "@Earl_Kay Can you check here - https://t.co/gqud2yQZpH for known issues in your area and let me know? ^LauraG",
                "referenced_tweets": [
                    {
                        "type": "replied_to",
                        "id": "1505204133338492930"
                    }
                ],
                "created_at": "2022-03-19T15:33:03.000Z"
            },
            {
                "author_id": "118750085",
                "id": "1505272698892603397",
                "text": "@Earl_Kay We haven't received a DM from you. If you'd like to send us your details so we can help, please use this link. ^LauraG https://t.co/hBbj6tVEyH",
                "referenced_tweets": [
                    {
                        "type": "replied_to",
                        "id": "1505272297891979268"
                    }
                ],
                "created_at": "2022-03-19T19:59:12.000Z"
            }
        ]
    },
    "errors": [
        {
            "value": "1505233436197412866",
            "detail": "Could not find tweet with referenced_tweets.id: [1505233436197412866].",
            "title": "Not Found Error",
            "resource_type": "tweet",
            "parameter": "referenced_tweets.id",
            "resource_id": "1505233436197412866",
            "type": "https://api.twitter.com/2/problems/resource-not-found"
        }
    ],
    "meta": {
        "oldest_id": "1505452949325193218",
        "newest_id": "1505850575237308420",
        "previous_token": "77qpymm88g5h9vqklurc09ofirrjevcnz6guuux6fodo0",
        "result_count": 100,
        "next_token": "7140dibdnow9c7btw420ju4vm2k1ptfn2nzljp9lxpiyg"
    }
}