{
    "data": [
        {
            "author_id": "1897354381",
            "created_at": "2022-03-17T11:17:31.000Z",
            "id": "1504416634571837446",
            "text": "@VodafoneUK I’d love to ski down the tallest mountain in Ireland! 🤦",
            "referenced_tweets": [
                {
                    "type": "replied_to",
                    "id": "1503778049203924994"
                }
            ]
        },
        {
            "author_id": "1456585253775101953",
            "created_at": "2022-03-17T11:14:19.000Z",
            "id": "1504415833065467904",
            "text": "@VodafoneUK #DreamHoliday Costa Rica bungee jumping from a 300 ft crane....considering I'm not keen on heights I'm not sure about that 😆",
            "referenced_tweets": [
                {
                    "type": "replied_to",
                    "id": "1503778049203924994"
                }
            ]
        },
        {
            "author_id": "753397623118258176",
            "created_at": "2022-03-17T11:11:52.000Z",
            "id": "1504415214862835712",
            "text": "Now30, nearly 40 mins on hold to @VodafoneUK trying to sort out a problem THEY caused and potentially leaving me without internet. \nGreat service here guys! Wouldn’t take nearly as long if I was wanting to purchase a service https://t.co/OovTr1whdM",
            "referenced_tweets": [
                {
                    "type": "replied_to",
                    "id": "1504409607439015947"
                }
            ]
        },
        {
            "author_id": "466341559",
            "created_at": "2022-03-17T10:59:03.000Z",
            "id": "1504411990835568645",
            "text": "Vodafone UK team up with @EmmaRaducanu 🙌\n\n@VodafoneUK will work alongside Emma as their ambassador for 'Play Your Way to @Wimbledon' 🎾\n\nThrough this tournament we'll work with @the_LTA to help inspire future tennis stars ⭐ #FeelTheConnection https://t.co/xQssiIMapR"
        },
        {
            "author_id": "753397623118258176",
            "created_at": "2022-03-17T10:49:35.000Z",
            "id": "1504409607439015947",
            "text": "Funny how @VodafoneUK are sending me this text but can’t do a broadband install. Had the installers come to day only to say “we can’t do anything cause there isn’t a connection”\nTime to find a provider that actually does what they say? https://t.co/x2JaX67Qez"
        },
        {
            "author_id": "751082826",
            "created_at": "2022-03-17T10:43:51.000Z",
            "id": "1504408162933293057",
            "text": "@VodafoneUK #DreamHoliday Hunt for a lost city in Egypt!",
            "referenced_tweets": [
                {
                    "type": "replied_to",
                    "id": "1503778049203924994"
                }
            ]
        },
        {
            "author_id": "315149353",
            "created_at": "2022-03-17T10:34:37.000Z",
            "id": "1504405842283704323",
            "text": "@VodafoneUK I'm no maths genius but I think your adding up is a little out https://t.co/ulQI7cFSHO"
        },
        {
            "author_id": "2241206546",
            "created_at": "2022-03-17T10:28:13.000Z",
            "id": "1504404230668537856",
            "text": "@VodafoneUK #DreamHoliday Japan to ski down the tallest mountain...best get practising!",
            "referenced_tweets": [
                {
                    "type": "replied_to",
                    "id": "1503778049203924994"
                }
            ]
        },
        {
            "author_id": "1253318872515538947",
            "created_at": "2022-03-17T10:22:31.000Z",
            "id": "1504402793213349890",
            "text": "@VodafoneUK #DreamHoliday Become a pro ice skater in Japan",
            "referenced_tweets": [
                {
                    "type": "replied_to",
                    "id": "1503778049203924994"
                }
            ]
        },
        {
            "author_id": "56452203",
            "created_at": "2022-03-17T10:18:55.000Z",
            "id": "1504401888573329412",
            "text": "@VodafoneUK Hi it's just shutting down when I type a message",
            "referenced_tweets": [
                {
                    "type": "replied_to",
                    "id": "1504399852557549572"
                }
            ]
        },
        {
            "author_id": "478091974",
            "created_at": "2022-03-17T10:17:57.000Z",
            "id": "1504401647006584832",
            "text": "@VodafoneUK are a disgrace, finally talking to a person who just won't help me  stay away from rhis corrupt company"
        },
        {
            "author_id": "2831832240",
            "created_at": "2022-03-17T10:14:34.000Z",
            "id": "1504400792689774605",
            "text": "@VodafoneUK This would actually be a #DreamHoliday because I’m off to the Philippines 🇵🇭 to build huge sand castles but this time they’re going to be big and creative.",
            "referenced_tweets": [
                {
                    "type": "replied_to",
                    "id": "1503778049203924994"
                }
            ]
        },
        {
            "author_id": "356385385",
            "created_at": "2022-03-17T10:13:00.000Z",
            "id": "1504400401696759808",
            "text": "@VodafoneUK hiya, signal has dropped to one bar and Internet not working. Help pls"
        },
        {
            "author_id": "56452203",
            "created_at": "2022-03-17T10:08:50.000Z",
            "id": "1504399352365785090",
            "text": "@VodafoneUK is the online chat down at the moment? Thanks"
        },
        {
            "author_id": "478091974",
            "created_at": "2022-03-17T10:03:42.000Z",
            "id": "1504398059589062658",
            "text": "@VodafoneUK omg all I want is to speak to someone about a bill we don't owe, its impossible to get to a human, this is ridiculous"
        },
        {
            "author_id": "399914080",
            "created_at": "2022-03-17T09:59:48.000Z",
            "id": "1504397080109985799",
            "text": "@VodafoneUK #DreamHoliday Looks like I am off to Costa Rica for Tea and Crumpets!",
            "referenced_tweets": [
                {
                    "type": "replied_to",
                    "id": "1503778049203924994"
                }
            ]
        },
        {
            "author_id": "390325144",
            "created_at": "2022-03-17T09:18:34.000Z",
            "id": "1504386702168805390",
            "text": "@VodafoneUK April in the Hawaii  - Fantastic #VeryMeRewards  #DreamHoliday",
            "referenced_tweets": [
                {
                    "type": "replied_to",
                    "id": "1503778049203924994"
                }
            ]
        },
        {
            "author_id": "737565380",
            "created_at": "2022-03-17T09:12:01.000Z",
            "id": "1504385052930719744",
            "text": "@VodafoneUK France to have tea &amp; crumpets. #VeryMeRewards",
            "referenced_tweets": [
                {
                    "type": "replied_to",
                    "id": "1503778049203924994"
                }
            ]
        },
        {
            "author_id": "1484735557",
            "created_at": "2022-03-17T09:11:19.000Z",
            "id": "1504384878548291584",
            "text": "@VodafoneUK In Spain wrestling an aardvark\n#VeryMeRewards #DreamHoliday",
            "referenced_tweets": [
                {
                    "type": "replied_to",
                    "id": "1503778049203924994"
                }
            ]
        },
        {
            "author_id": "48630066",
            "created_at": "2022-03-17T08:29:33.000Z",
            "id": "1504374365110116353",
            "text": "@VodafoneUK #DreamHoliday Hawaii to make friends with a bear",
            "referenced_tweets": [
                {
                    "type": "replied_to",
                    "id": "1503778049203924994"
                }
            ]
        },
        {
            "author_id": "442695768",
            "created_at": "2022-03-17T08:19:57.000Z",
            "id": "1504371952110256130",
            "text": "@VodafoneUK I'll become a pro ice skater in France! 🇫🇷⛸️  #DreamHoliday",
            "referenced_tweets": [
                {
                    "type": "replied_to",
                    "id": "1503778049203924994"
                }
            ]
        },
        {
            "author_id": "41199281",
            "created_at": "2022-03-17T07:47:00.000Z",
            "id": "1504363657060360192",
            "text": "@VodafoneUK I'm going to Germany to get lost in the Jungle, apparently 😅🌲🌲 #DreamHoliday",
            "referenced_tweets": [
                {
                    "type": "replied_to",
                    "id": "1503778049203924994"
                }
            ]
        },
        {
            "author_id": "211115235",
            "created_at": "2022-03-17T07:38:57.000Z",
            "id": "1504361633019219970",
            "text": "@VodafoneUK Greece - Hunt for a lost city.....sounds interesting  #DreamHoliday",
            "referenced_tweets": [
                {
                    "type": "replied_to",
                    "id": "1503778049203924994"
                }
            ]
        },
        {
            "author_id": "1650309242",
            "created_at": "2022-03-17T07:32:27.000Z",
            "id": "1504359997601329158",
            "text": "@VodafoneUK I am doing it for my son and he is off to Japan for a bungee jump  #DreamHoliday",
            "referenced_tweets": [
                {
                    "type": "replied_to",
                    "id": "1503778049203924994"
                }
            ]
        },
        {
            "author_id": "352990280",
            "created_at": "2022-03-17T07:29:32.000Z",
            "id": "1504359261534572546",
            "text": "@VodafoneUK #DreamHoliday I'm going yo Spain yo build a sandcastle 🤣",
            "referenced_tweets": [
                {
                    "type": "replied_to",
                    "id": "1503778049203924994"
                }
            ]
        },
        {
            "author_id": "150823066",
            "created_at": "2022-03-17T07:03:21.000Z",
            "id": "1504352672882868226",
            "text": "@justagoose121 @VodafoneUK @RENAULTUK @SamsungUK Haha yes👌🕵️ good eye.",
            "referenced_tweets": [
                {
                    "type": "replied_to",
                    "id": "1504227402238541829"
                }
            ]
        },
        {
            "author_id": "26848400",
            "created_at": "2022-03-17T06:22:48.000Z",
            "id": "1504342470200541186",
            "text": "@VodafoneUK #DreamHoliday I'll be in Australia and i'd Hunt for a lost city ..... Exciting!!",
            "referenced_tweets": [
                {
                    "type": "replied_to",
                    "id": "1503778049203924994"
                }
            ]
        },
        {
            "author_id": "231884916",
            "created_at": "2022-03-17T06:03:39.000Z",
            "id": "1504337648437059585",
            "text": "@VodafoneUK I'm off to Dubai to haggle with the locals 😍 #DreamHoliday",
            "referenced_tweets": [
                {
                    "type": "replied_to",
                    "id": "1503778049203924994"
                }
            ]
        },
        {
            "author_id": "91883269",
            "created_at": "2022-03-17T05:51:34.000Z",
            "id": "1504334609068216324",
            "text": "@VodafoneUK @thortful Got mine! Thank you #VeryMeRewards",
            "referenced_tweets": [
                {
                    "type": "replied_to",
                    "id": "1502177502743064576"
                }
            ]
        },
        {
            "author_id": "30552442",
            "created_at": "2022-03-17T05:06:54.000Z",
            "id": "1504323368820129792",
            "text": "@VodafoneUK DM sent",
            "referenced_tweets": [
                {
                    "type": "replied_to",
                    "id": "1504320090770137089"
                }
            ]
        },
        {
            "author_id": "30552442",
            "created_at": "2022-03-17T04:44:33.000Z",
            "id": "1504317743931314179",
            "text": "@VodafoneUK you’ve taken £93 quid out my account for my phone bill and I’ve already paid it I want this money back!"
        },
        {
            "author_id": "1144175626628280325",
            "created_at": "2022-03-17T02:21:03.000Z",
            "id": "1504281632085262338",
            "text": "@OfficialMr_West @SamsungUK @VodafoneUK Why u not want to help me",
            "referenced_tweets": [
                {
                    "type": "replied_to",
                    "id": "1504270514377924611"
                }
            ]
        },
        {
            "author_id": "69049211",
            "created_at": "2022-03-17T01:05:51.000Z",
            "id": "1504262703849910274",
            "text": "@VodafoneUK I responded but just automated responses that don't help. Can a real person review this for me?",
            "referenced_tweets": [
                {
                    "type": "replied_to",
                    "id": "1501749883446906883"
                }
            ]
        },
        {
            "author_id": "348526826",
            "created_at": "2022-03-17T00:52:31.000Z",
            "id": "1504259349039960068",
            "text": "@VodafoneUK I'm off to The Philippines to invest in a timeshare I'll never see. Sounds like fun. #DreamHoliday",
            "referenced_tweets": [
                {
                    "type": "replied_to",
                    "id": "1503778049203924994"
                }
            ]
        },
        {
            "author_id": "113683148",
            "created_at": "2022-03-16T23:22:03.000Z",
            "id": "1504236582739587074",
            "text": "@VodafoneUK #DreamHoliday Those Canadian penguins will be well fed ! Penguin 🐧",
            "referenced_tweets": [
                {
                    "type": "replied_to",
                    "id": "1503778049203924994"
                }
            ]
        },
        {
            "author_id": "150823066",
            "created_at": "2022-03-16T22:44:36.000Z",
            "id": "1504227158490857483",
            "text": "V&amp;M Tawroginski Property Maintenance &amp; DIY! 🛠️👌🏠🚐 🙂 #windsor\nProperty maintenance. 🖌️🪜🧰🧭\n Large and Small Projects! 🚐🛠️ #handymanservices #diy #propertymaintenance #propertyinvestment #propertyservices ✅ @vodafoneuk ☎️ @renaultuk 🚐 #renaulttrafic @samsunguk 📱 #s21plus https://t.co/TyTKSRL7I1"
        },
        {
            "author_id": "150823066",
            "created_at": "2022-03-16T22:44:14.000Z",
            "id": "1504227065838682121",
            "text": "V&amp;M Tawroginski Property Maintenance &amp; DIY! 🛠️👌🏠🚐 🙂 #windsor\nProperty maintenance. 🖌️🪜🧰🧭\n Large and Small Projects! 🚐🛠️ #handymanservices #diy #propertymaintenance #propertyinvestment #propertyservices ✅ @vodafoneuk ☎️ @renaultuk 🚐 #renaulttrafic @samsunguk 📱 #s21plus https://t.co/luV7eKyy7d"
        },
        {
            "author_id": "150823066",
            "created_at": "2022-03-16T22:44:06.000Z",
            "id": "1504227033810939906",
            "text": "V&amp;M Tawroginski Property Maintenance &amp; DIY! 🛠️👌🏠🚐 🙂 #windsor\nProperty maintenance. 🖌️🪜🧰🧭\n Large and Small Projects! 🚐🛠️ #handymanservices #diy #propertymaintenance #propertyinvestment #propertyservices ✅ @vodafoneuk ☎️ @renaultuk 🚐 #renaulttrafic @samsunguk 📱 #s21plus https://t.co/r9hLhCJR7v"
        },
        {
            "author_id": "150823066",
            "created_at": "2022-03-16T22:43:58.000Z",
            "id": "1504226997521760258",
            "text": "V&amp;M Tawroginski Property Maintenance &amp; DIY! 🛠️👌🏠🚐 🙂 #windsor\nProperty maintenance. 🖌️🪜🧰🧭\n Large and Small Projects! 🚐🛠️ #handymanservices #diy #propertymaintenance #propertyinvestment #propertyservices ✅ @vodafoneuk ☎️ @renaultuk 🚐 #renaulttrafic @samsunguk 📱 #s21plus https://t.co/89E5oDgFz9"
        },
        {
            "author_id": "248377869",
            "created_at": "2022-03-16T22:36:43.000Z",
            "id": "1504225175054737408",
            "text": "@autumndazed @VodafoneUK Your lucky we haven't even got any broadband here. Only been with these jokers 3 months also",
            "referenced_tweets": [
                {
                    "type": "replied_to",
                    "id": "1504199065952829443"
                }
            ]
        },
        {
            "author_id": "159212354",
            "created_at": "2022-03-16T22:26:47.000Z",
            "id": "1504222673844543489",
            "text": "@sledgeski @VodafoneUK Damn, tbh SIM swap scams are probably my biggest concern, the carrier's shouldn't give them out in store full stop, only posted to registered address. I'm assuming they did the swap in store anyway. Hope you get it all sorted and really sorry to hear it",
            "referenced_tweets": [
                {
                    "type": "replied_to",
                    "id": "1504215700981886983"
                }
            ]
        },
        {
            "author_id": "159212354",
            "created_at": "2022-03-16T22:24:31.000Z",
            "id": "1504222106430676994",
            "text": "@VodafoneUK hi, what's the chances you can get closer to mobiles-co-uk for upgrade prices. They are like 50-70% cheaper but to keep my number I need to mess about by leaving VF to talkmobile first and then come back as a new customer or drop my contract to PAYG first"
        },
        {
            "author_id": "351182202",
            "created_at": "2022-03-16T21:58:39.000Z",
            "id": "1504215595134377985",
            "text": "@thisisjmx @VodafoneUK Nice! What a lovely gesture. Enjoy 😉",
            "referenced_tweets": [
                {
                    "type": "replied_to",
                    "id": "1504173007660589056"
                }
            ]
        },
        {
            "author_id": "141528263",
            "created_at": "2022-03-16T21:46:29.000Z",
            "id": "1504212533439352835",
            "text": "@autumndazed @VodafoneUK I had an engineer call today, but it was near impossible to understand him,he had a heavy Indian accent. I had to ask for one word at a time",
            "referenced_tweets": [
                {
                    "type": "replied_to",
                    "id": "1504208246973902848"
                }
            ]
        },
        {
            "author_id": "1322169286849404933",
            "created_at": "2022-03-16T21:40:10.000Z",
            "id": "1504210945039650817",
            "text": "@VodafoneUK I’m gonna befriend a bear in Greece. Are there a lot of bears in Greece? Are we talking bout the animal or…? #DreamHoliday #verymerewards",
            "referenced_tweets": [
                {
                    "type": "replied_to",
                    "id": "1503778049203924994"
                }
            ]
        },
        {
            "author_id": "217486220",
            "created_at": "2022-03-16T21:36:44.000Z",
            "id": "1504210077879840773",
            "text": "@iarepilot @engineers_feed The state of broadband in the UK is embarrassing. We label 50Mb as \"ultrafast\". I live 10 miles from the capital. Been on ever decreasing fttc via Victorian copper for 11 years with no sign of any improvement in sight. @OpenreachHelp @virginmedia @VodafoneUK @bt_uk @SkyUK",
            "referenced_tweets": [
                {
                    "type": "replied_to",
                    "id": "1504167343114620935"
                }
            ]
        },
        {
            "author_id": "1702156772",
            "created_at": "2022-03-16T21:33:59.000Z",
            "id": "1504209387933601797",
            "text": "@VodafoneUK Iceland have tea and crumpets Use #DreamHoliday\n\n@cocobear454",
            "referenced_tweets": [
                {
                    "type": "replied_to",
                    "id": "1503778049203924994"
                }
            ]
        },
        {
            "author_id": "141528263",
            "created_at": "2022-03-16T21:21:04.000Z",
            "id": "1504206135385104395",
            "text": "@autumndazed @VodafoneUK Same here. So it is all of Milton Keynes? We can't even watch streaming TV services, and we are supposed to be on the 950mbps plan!",
            "referenced_tweets": [
                {
                    "type": "replied_to",
                    "id": "1504199065952829443"
                }
            ]
        },
        {
            "author_id": "35811839",
            "created_at": "2022-03-16T21:17:11.000Z",
            "id": "1504205158632337415",
            "text": "@VodafoneUK Spain, wrestle and aardvark .. sounds fun! 🤩",
            "referenced_tweets": [
                {
                    "type": "replied_to",
                    "id": "1503778049203924994"
                }
            ]
        },
        {
            "author_id": "248377869",
            "created_at": "2022-03-16T20:50:32.000Z",
            "id": "1504198454758813707",
            "text": "@VodafoneUK any idea when the broadband in our area will be fixed?"
        },
        {
            "author_id": "192608384",
            "created_at": "2022-03-16T20:39:28.000Z",
            "id": "1504195668503666688",
            "text": "@VodafoneUK I’m going to Hawaii to make friends with a bear! #DreamHoliday",
            "referenced_tweets": [
                {
                    "type": "replied_to",
                    "id": "1503778049203924994"
                }
            ]
        },
        {
            "author_id": "989514860261203969",
            "created_at": "2022-03-16T19:53:30.000Z",
            "id": "1504184099526819845",
            "text": "@VodafoneUK 🫶🏼\n\nShame it's not working on WhatsApp for some reason 🫤",
            "referenced_tweets": [
                {
                    "type": "replied_to",
                    "id": "1504152767555907586"
                }
            ]
        },
        {
            "author_id": "37512310",
            "created_at": "2022-03-16T19:53:01.000Z",
            "id": "1504183979112607745",
            "text": "@XiaomiUK @VodafoneUK Patiently awaiting the pre-order for #Xiaomi12Series ! 😍🔥",
            "referenced_tweets": [
                {
                    "type": "replied_to",
                    "id": "1504161335948546053"
                }
            ]
        },
        {
            "author_id": "37512310",
            "created_at": "2022-03-16T19:51:19.000Z",
            "id": "1504183552354799619",
            "text": "@_AndroidAsh @XiaomiUK @VodafoneUK It's true though. Can vary slightly but yeh, normally 17 mins on the Xiaomi 11T Pro 😎🔋⚡ https://t.co/B4Pz6DCboT",
            "referenced_tweets": [
                {
                    "type": "replied_to",
                    "id": "1504161865609453569"
                }
            ]
        },
        {
            "author_id": "3165850031",
            "created_at": "2022-03-16T19:38:18.000Z",
            "id": "1504180273193361411",
            "text": "@VodafoneUK #dreamholiday I’ll be in Japan building a huge sandcastle 😂",
            "referenced_tweets": [
                {
                    "type": "replied_to",
                    "id": "1503778049203924994"
                }
            ]
        },
        {
            "author_id": "102377603",
            "created_at": "2022-03-16T19:33:32.000Z",
            "id": "1504179075014971396",
            "text": "@VodafoneUK 🫶🏼",
            "referenced_tweets": [
                {
                    "type": "replied_to",
                    "id": "1504152767555907586"
                }
            ]
        },
        {
            "author_id": "83162746",
            "created_at": "2022-03-16T19:28:36.000Z",
            "id": "1504177832553070599",
            "text": "@VodafoneUK Trying to place an order online for BB and keeps failing and when call the number provided says technical difficulties any updates please? #Vodafone #vodafonedown"
        },
        {
            "author_id": "53991200",
            "created_at": "2022-03-16T19:09:25.000Z",
            "id": "1504173007660589056",
            "text": "Thank you @VodafoneUK for the box of little fabulous things. #VodafoneUK #vodafonetreats https://t.co/kpC8ul1JLr"
        },
        {
            "author_id": "22173832",
            "created_at": "2022-03-16T18:49:50.000Z",
            "id": "1504168076153139202",
            "text": "@VodafoneUK Ooh the hands as a heart is cute 🥰",
            "referenced_tweets": [
                {
                    "type": "replied_to",
                    "id": "1504152767555907586"
                }
            ]
        },
        {
            "author_id": "1099645236492546048",
            "created_at": "2022-03-16T18:39:52.000Z",
            "id": "1504165571604238337",
            "text": "@VodafoneUK Going to Japan to have tea and crumpets #DreamHoliday",
            "referenced_tweets": [
                {
                    "type": "replied_to",
                    "id": "1503778049203924994"
                }
            ]
        },
        {
            "author_id": "20184145",
            "created_at": "2022-03-16T18:37:56.000Z",
            "id": "1504165083433385989",
            "text": "@VodafoneUK The Coral for me",
            "referenced_tweets": [
                {
                    "type": "replied_to",
                    "id": "1504152767555907586"
                }
            ]
        },
        {
            "author_id": "20657457",
            "created_at": "2022-03-16T18:36:13.000Z",
            "id": "1504164653060046848",
            "text": "@VodafoneUK @O2 @ThreeUK @TMobile if I buy a contract today at say £40 a month will this rise by the rpi next month?"
        },
        {
            "author_id": "246430346",
            "created_at": "2022-03-16T18:29:54.000Z",
            "id": "1504163059409035270",
            "text": "@VodafoneUK I’m third row down second to the right the heart I haven’t got that one 💛💙💛",
            "referenced_tweets": [
                {
                    "type": "replied_to",
                    "id": "1504152767555907586"
                }
            ]
        },
        {
            "author_id": "91518385",
            "created_at": "2022-03-16T18:25:41.000Z",
            "id": "1504162001219727371",
            "text": "@VodafoneUK The wheels man",
            "referenced_tweets": [
                {
                    "type": "replied_to",
                    "id": "1504152767555907586"
                }
            ]
        },
        {
            "author_id": "1300413816493289473",
            "created_at": "2022-03-16T18:25:09.000Z",
            "id": "1504161865609453569",
            "text": "@XiaomiUK @VodafoneUK https://t.co/VOARwVIWJx",
            "referenced_tweets": [
                {
                    "type": "replied_to",
                    "id": "1504161335948546053"
                }
            ]
        },
        {
            "author_id": "537137004",
            "created_at": "2022-03-16T18:24:01.000Z",
            "id": "1504161582691016710",
            "text": "iPhone 13 Pro and iPhone 13 Pro Max. Now in green 🍏 \nBiggest Pro camera system upgrade ever\nXDR display with ProMotion\nSuperfast 5G\nHuge leap in battery life\n@VodafoneUK https://t.co/MX3YDRARhy"
        },
        {
            "author_id": "319647291",
            "created_at": "2022-03-16T18:23:35.000Z",
            "id": "1504161469759475719",
            "text": "@VodafoneUK @coolhughie",
            "referenced_tweets": [
                {
                    "type": "replied_to",
                    "id": "1499408640889040907"
                }
            ]
        },
        {
            "author_id": "1045302334987718657",
            "created_at": "2022-03-16T18:23:03.000Z",
            "id": "1504161335948546053",
            "text": "@VodafoneUK Gotta be the low battery. We can sort that out in just 17 minutes",
            "referenced_tweets": [
                {
                    "type": "replied_to",
                    "id": "1504152767555907586"
                }
            ]
        },
        {
            "author_id": "1300413816493289473",
            "created_at": "2022-03-16T18:14:09.000Z",
            "id": "1504159099684102146",
            "text": "@VodafoneUK These two are my faves 😀\n\n🫰 🫶",
            "referenced_tweets": [
                {
                    "type": "replied_to",
                    "id": "1504152767555907586"
                }
            ]
        },
        {
            "author_id": "823999602",
            "created_at": "2022-03-16T18:03:25.000Z",
            "id": "1504156398007074817",
            "text": "@VodafoneUK Haggle with the locals in Greece",
            "referenced_tweets": [
                {
                    "type": "replied_to",
                    "id": "1503778049203924994"
                }
            ]
        },
        {
            "author_id": "565714365",
            "created_at": "2022-03-16T18:01:28.000Z",
            "id": "1504155907848028163",
            "text": "Hey @VodafoneUK - can you explain why buying a Samsung handset through yourselves is &gt;£240 more expensive over a 24 month contract than buying direct from @SamsungUK?\nGuess you're losing a 20+ year customer next month."
        },
        {
            "author_id": "436078451",
            "created_at": "2022-03-16T18:00:33.000Z",
            "id": "1504155676133765130",
            "text": "@VodafoneUK @WestHam ⚒ now we'll have our Bubbles as well! 👍 https://t.co/KAyVoXFcB9",
            "referenced_tweets": [
                {
                    "type": "replied_to",
                    "id": "1504152767555907586"
                }
            ]
        },
        {
            "author_id": "248377869",
            "created_at": "2022-03-16T18:00:02.000Z",
            "id": "1504155545279909897",
            "text": "@VodafoneUK is your broadband down in HD6?"
        },
        {
            "author_id": "801418613559279616",
            "created_at": "2022-03-16T17:58:58.000Z",
            "id": "1504155274847961094",
            "text": "@VodafoneUK 🥺",
            "referenced_tweets": [
                {
                    "type": "replied_to",
                    "id": "1504152767555907586"
                }
            ]
        },
        {
            "author_id": "909715107487371265",
            "created_at": "2022-03-16T17:50:29.000Z",
            "id": "1504153143147380742",
            "text": "@VodafoneUK There's new emojis????? Omg! \nThe hands making a heart is my favourite 💓",
            "referenced_tweets": [
                {
                    "type": "replied_to",
                    "id": "1504152767555907586"
                }
            ]
        },
        {
            "author_id": "1118969672454615041",
            "created_at": "2022-03-16T17:50:06.000Z",
            "id": "1504153046611378179",
            "text": "@VodafoneUK I’m all over that food baby!! Haha.",
            "referenced_tweets": [
                {
                    "type": "replied_to",
                    "id": "1504152767555907586"
                }
            ]
        },
        {
            "author_id": "466341559",
            "created_at": "2022-03-16T16:52:55.000Z",
            "id": "1504138655929094151",
            "text": "@Andrew_1970_ Hi Andrew, thanks for reaching out. Please contact @VodafoneUK who will be able to assist you with your query.",
            "referenced_tweets": [
                {
                    "type": "replied_to",
                    "id": "1504026874426580994"
                }
            ]
        },
        {
            "author_id": "1229820500672753664",
            "created_at": "2022-03-16T16:32:03.000Z",
            "id": "1504133402118823940",
            "text": "@VodafoneUK #DreamHoliday Looks like I'm wrestling an aardvark in Spain... Probably lose, but this will be the pay per view fight of the century! 😤🤜 get the bets on 💰💰💰",
            "referenced_tweets": [
                {
                    "type": "replied_to",
                    "id": "1503778049203924994"
                }
            ]
        },
        {
            "author_id": "31425049",
            "created_at": "2022-03-16T15:57:48.000Z",
            "id": "1504124783692288010",
            "text": "@VodafoneUK Greece - hunt for a lost city! #DreamHoliday",
            "referenced_tweets": [
                {
                    "type": "replied_to",
                    "id": "1503778049203924994"
                }
            ]
        },
        {
            "author_id": "332848014",
            "created_at": "2022-03-16T15:47:51.000Z",
            "id": "1504122280993071109",
            "text": "@VodafoneUK 9.3% price hike in my broadband! One loyal customer now looking for another provider!"
        },
        {
            "author_id": "89548047",
            "created_at": "2022-03-16T15:34:58.000Z",
            "id": "1504119039110570003",
            "text": "@VodafoneUK ##DreamHoliday Thailand to invest in a timeshare I’ll never use! NOT a dream holiday 😢",
            "referenced_tweets": [
                {
                    "type": "replied_to",
                    "id": "1503778049203924994"
                }
            ]
        },
        {
            "author_id": "739083548",
            "created_at": "2022-03-16T15:03:09.000Z",
            "id": "1504111032125603840",
            "text": "@VodafoneUK what’s going on? Is the network down? I can’t get any data on my phone!"
        },
        {
            "author_id": "160899571",
            "created_at": "2022-03-16T15:01:47.000Z",
            "id": "1504110687542521857",
            "text": "@VodafoneUK So when you say you will \"check on latest progress\" what you really mean you will send me a link to click to find out....25-30 minute queue.....let's not pretend you're being as helpful as you publicly make out.",
            "referenced_tweets": [
                {
                    "type": "replied_to",
                    "id": "1504038083930607616"
                }
            ]
        },
        {
            "author_id": "27630359",
            "created_at": "2022-03-16T14:54:01.000Z",
            "id": "1504108732736811020",
            "text": "@VodafoneUK I’m off to Canada for tea and Crumpets #DreamHoliday 🤞",
            "referenced_tweets": [
                {
                    "type": "replied_to",
                    "id": "1503778049203924994"
                }
            ]
        },
        {
            "author_id": "298427363",
            "created_at": "2022-03-16T14:49:59.000Z",
            "id": "1504107719598477320",
            "text": "Anyone successfully added a NHS discount to @VodafoneUK recently? \n#vodaphone #nhsdiscount #nhs"
        },
        {
            "author_id": "806879550059769856",
            "created_at": "2022-03-16T14:48:27.000Z",
            "id": "1504107330513903626",
            "text": "Massive thanks to Tamworth’s @VodafoneUK store for hooking me up with a shiny new IPhone SE &amp; giving me a EXCELLENT trade in price for my old iPhone !!! 10/10 service 🤗🤗🤗🤗"
        },
        {
            "author_id": "160899571",
            "created_at": "2022-03-16T14:32:22.000Z",
            "id": "1504103284847562754",
            "text": "@VodafoneUK Sent message, look forward to hearing back from you.",
            "referenced_tweets": [
                {
                    "type": "replied_to",
                    "id": "1504038083930607616"
                }
            ]
        },
        {
            "author_id": "1179796239770103810",
            "created_at": "2022-03-16T14:27:31.000Z",
            "id": "1504102065139822595",
            "text": "@VodafoneUK what’s happening with the network today, I’m struggling to make calls, struggling to load up my travel tickets. What’s happening? 😩😩"
        },
        {
            "author_id": "1317212290131832833",
            "created_at": "2022-03-16T14:24:41.000Z",
            "id": "1504101349784530944",
            "text": "@VodafoneUK #VeryMeRewards  France, to make friends with a bear",
            "referenced_tweets": [
                {
                    "type": "replied_to",
                    "id": "1503778049203924994"
                }
            ]
        },
        {
            "author_id": "281185374",
            "created_at": "2022-03-16T14:13:45.000Z",
            "id": "1504098600321798153",
            "text": "@russell_beggs @SamsungMobile It's still not unlocked @VodafoneUK 😳",
            "referenced_tweets": [
                {
                    "type": "replied_to",
                    "id": "1504062554997411849"
                }
            ]
        },
        {
            "author_id": "274574030",
            "created_at": "2022-03-16T14:00:38.000Z",
            "id": "1504095297118650375",
            "text": "@VodafoneUK I’m off to Costa Rica for tea &amp; crumpets #DreamHoliday",
            "referenced_tweets": [
                {
                    "type": "replied_to",
                    "id": "1503778049203924994"
                }
            ]
        },
        {
            "author_id": "1349515469129195520",
            "created_at": "2022-03-16T13:59:25.000Z",
            "id": "1504094992914173953",
            "text": "@VodafoneUK I’m going to Thailand to wrestle an aardvark. This is actually not that surprising, many years ago an aardvark insulted my mothers honour and I swore to avenge her 😔 #DreamHoliday",
            "referenced_tweets": [
                {
                    "type": "replied_to",
                    "id": "1503778049203924994"
                }
            ]
        },
        {
            "author_id": "1157976553",
            "created_at": "2022-03-16T13:55:31.000Z",
            "id": "1504094012365545474",
            "text": "@BenTaylor1982 @VodafoneUK Just processed my broadband move using online chat. Was painfully slow but have the move all booked and confirmed by email. Might be worth a try if you still have no luck by phone",
            "referenced_tweets": [
                {
                    "type": "replied_to",
                    "id": "1504076871163695110"
                }
            ]
        },
        {
            "author_id": "220155359",
            "created_at": "2022-03-16T13:32:44.000Z",
            "id": "1504088275941736465",
            "text": "@VodafoneUK Hi no new customer completey",
            "referenced_tweets": [
                {
                    "type": "replied_to",
                    "id": "1504086071444922370"
                }
            ]
        },
        {
            "author_id": "220155359",
            "created_at": "2022-03-16T13:17:08.000Z",
            "id": "1504084349142155265",
            "text": "@VodafoneUK hi I'm trying to login online and keep getting Error ref 1w0\nMy Internet isint being installed untill 7th April do I have to wait untill then to log in?"
        },
        {
            "author_id": "85178089",
            "created_at": "2022-03-16T13:10:24.000Z",
            "id": "1504082655427584002",
            "text": "@VodafoneUK hi I’m trying to log into my Vodafone account and it says that my username/password is incorrect, try to reset my password and it says invalid username. Pls can you assist"
        },
        {
            "author_id": "1250474812524441601",
            "created_at": "2022-03-16T12:58:38.000Z",
            "id": "1504079693418569735",
            "text": "Why am I paying for @VodafoneUK to supply me a service that KEEPS crapping out on me? Twice today I’ve lost broadband. Little red light flashing away. Had to reboot the router and then wait ages for anything to happen. Getting real sick of this shoddy service."
        },
        {
            "author_id": "50081098",
            "created_at": "2022-03-16T12:51:42.000Z",
            "id": "1504077950832070656",
            "text": "@VodafoneUK Yes I’ve been on the phone 3 days for over an hour at a time. They sent me troubleshooting texts &amp; none helped. It is now not notifying me if messages or WhatsApp’s. It’s very frustrating! I should be sent a new device. I’ve been a customer over 20 years.",
            "referenced_tweets": [
                {
                    "type": "replied_to",
                    "id": "1503730360559013889"
                }
            ]
        },
        {
            "author_id": "1157976553",
            "created_at": "2022-03-16T12:47:25.000Z",
            "id": "1504076871163695110",
            "text": "@BenTaylor1982 @VodafoneUK Urgh. I need to do the same and it's a complete farce.",
            "referenced_tweets": [
                {
                    "type": "replied_to",
                    "id": "1504058934054825984"
                }
            ]
        },
        {
            "author_id": "2727506687",
            "created_at": "2022-03-16T12:41:16.000Z",
            "id": "1504075325780680705",
            "text": "@VodafoneUK Why?",
            "referenced_tweets": [
                {
                    "type": "replied_to",
                    "id": "1504074603521622022"
                }
            ]
        }
    ],
    "includes": {
        "users": [
            {
                "id": "1897354381",
                "username": "aroooga20",
                "name": "Sam"
            },
            {
                "id": "1456585253775101953",
                "username": "sandhendo",
                "name": "sandra henderson"
            },
            {
                "id": "753397623118258176",
                "username": "uberbounty",
                "name": "uber"
            },
            {
                "id": "466341559",
                "username": "VodafoneGroup",
                "location": "London, UK",
                "name": "Vodafone Group"
            },
            {
                "id": "751082826",
                "username": "BeeRummie",
                "location": "Northampton",
                "name": "PaulP"
            },
            {
                "id": "315149353",
                "username": "Chopper267",
                "location": "Skeg Vegas",
                "name": "Adam Carrington"
            },
            {
                "id": "2241206546",
                "username": "AdamCorner2",
                "name": "Adam Corner"
            },
            {
                "id": "1253318872515538947",
                "username": "hwg314159",
                "location": "Bristol, England",
                "name": "hwg314159"
            },
            {
                "id": "56452203",
                "username": "ReflexologyHA",
                "location": "Calverley, Leeds",
                "name": "Helen Alred"
            },
            {
                "id": "478091974",
                "username": "lisburnclaret",
                "name": "Gary Wilson"
            },
            {
                "id": "2831832240",
                "username": "Builtough",
                "location": "London, England",
                "name": "Grant"
            },
            {
                "id": "356385385",
                "username": "chrlttno",
                "location": "Leeds",
                "name": "char"
            },
            {
                "id": "399914080",
                "username": "stevecurtisuk",
                "location": "Wimborne",
                "name": "Steve Curtis"
            },
            {
                "id": "390325144",
                "username": "deanwilloughby",
                "name": "Dean Willoughby"
            },
            {
                "id": "737565380",
                "username": "prwilson101",
                "location": "UK",
                "name": "P R Wilson"
            },
            {
                "id": "1484735557",
                "username": "LeeNesbit",
                "location": "UK",
                "name": "Lee Nesbit"
            },
            {
                "id": "48630066",
                "username": "inspiron42",
                "name": "David Sweet"
            },
            {
                "id": "442695768",
                "username": "Jessica_Robyn_X",
                "location": "At least 2 metres away ",
                "name": "Jessica 🖤"
            },
            {
                "id": "41199281",
                "username": "TaylaCourtice",
                "location": "United Kingdom",
                "name": "Tayla Courtice"
            },
            {
                "id": "211115235",
                "username": "kenai121",
                "name": "Cathy Gordon"
            },
            {
                "id": "1650309242",
                "username": "gleave_anna",
                "name": "Anna Gleave"
            },
            {
                "id": "352990280",
                "username": "Pa2539Laura",
                "name": "Laura Ashton"
            },
            {
                "id": "150823066",
                "username": "Tawroginski",
                "location": "United Kingdom 🇬🇧",
                "name": "Michael Tawroginski"
            },
            {
                "id": "26848400",
                "username": "lfc4eva",
                "location": "Liverpool",
                "name": "Karen Slight"
            },
            {
                "id": "231884916",
                "username": "becky0020",
                "location": "Llanelli",
                "name": "Becky John"
            },
            {
                "id": "91883269",
                "username": "jemmajon",
                "location": "Wales ",
                "name": "Jemma Jonathan"
            },
            {
                "id": "30552442",
                "username": "nick_squad",
                "location": "nottingham ",
                "name": "Nick"
            },
            {
                "id": "1144175626628280325",
                "username": "UmarAfr13",
                "location": "Islamabad,Peshawar,PAKISTAN",
                "name": "Umar Afridi"
            },
            {
                "id": "69049211",
                "username": "mixedmaghribiya",
                "location": "Toronto, Ontario",
                "name": "Nida"
            },
            {
                "id": "348526826",
                "username": "ritchie_dee",
                "location": "UK",
                "name": "Ritchie Dee"
            },
            {
                "id": "113683148",
                "username": "nikewikewa",
                "location": "North West, England",
                "name": "🌟💕 Nic 💕🌟"
            },
            {
                "id": "248377869",
                "username": "bri0142",
                "name": "bri0142"
            },
            {
                "id": "159212354",
                "username": "Solar___Jetman",
                "name": "Chris Maddocks"
            },
            {
                "id": "351182202",
                "username": "wins1199",
                "location": "England, United Kingdom",
                "name": "Winnie"
            },
            {
                "id": "141528263",
                "username": "RealMattBright",
                "location": "Tweets are my own opinion only",
                "name": "Mat"
            },
            {
                "id": "1322169286849404933",
                "username": "Scarymonster912",
                "name": "Chris"
            },
            {
                "id": "217486220",
                "username": "biomulv",
                "location": "east lothian",
                "name": "biomulv"
            },
            {
                "id": "1702156772",
                "username": "IsrarBaig133",
                "name": "Israr Baig"
            },
            {
                "id": "35811839",
                "username": "lottiekennedy44",
                "location": "London",
                "name": "Lottie Kennedy"
            },
            {
                "id": "192608384",
                "username": "diane_83",
                "location": "Berks, UK",
                "name": "Diane"
            },
            {
                "id": "989514860261203969",
                "username": "NameIsRichard",
                "location": "England, United Kingdom",
                "name": "Richard"
            },
            {
                "id": "37512310",
                "username": "wickdaman",
                "location": "Suffolk, England",
                "name": "Richard Conway"
            },
            {
                "id": "3165850031",
                "username": "andimh96",
                "location": "Yorkshire and The Humber",
                "name": "Andrea Horner"
            },
            {
                "id": "102377603",
                "username": "xjadeclark",
                "location": "Leeds, England",
                "name": "Jade🐬"
            },
            {
                "id": "83162746",
                "username": "picstoview",
                "location": "United Kingdom",
                "name": "HotPics...."
            },
            {
                "id": "53991200",
                "username": "thisisjmx",
                "location": "Wales, United Kingdom",
                "name": "James Vincent 🏳️‍🌈 🏴󠁧󠁢󠁷󠁬󠁳󠁿"
            },
            {
                "id": "22173832",
                "username": "KatieVGingell",
                "location": "Bristol, England",
                "name": "💃🏻 Katie Gingell 💃🏻"
            },
            {
                "id": "1099645236492546048",
                "username": "aesop61",
                "name": "Eileen Hindley"
            },
            {
                "id": "20184145",
                "username": "Rusty5010",
                "location": "Knowsley",
                "name": "⭐⭐⭐Rusty⭐⭐⭐1️⃣9️⃣* - Still Wearing a Mask and Soci"
            },
            {
                "id": "20657457",
                "username": "NouCampyFTW",
                "location": "Dundee",
                "name": "Nou Campy FTW!"
            },
            {
                "id": "246430346",
                "username": "tdeacon23",
                "location": "kent England",
                "name": "🌺🌻Tina Deacon🌻🌺"
            },
            {
                "id": "91518385",
                "username": "aaaoy",
                "location": "Glasgow",
                "name": "•• simpliRare ••"
            },
            {
                "id": "1300413816493289473",
                "username": "_AndroidAsh",
                "location": "🏴󠁧󠁢󠁥󠁮󠁧󠁿",
                "name": "🄰🅂🄷 🏴󠁧󠁢󠁥󠁮󠁧󠁿"
            },
            {
                "id": "537137004",
                "username": "GSC_Chester",
                "location": "Chester, England",
                "name": "Grosvenor Centre"
            },
            {
                "id": "319647291",
                "username": "Beckywallis2505",
                "location": "England, United Kingdom",
                "name": "Becky Scott"
            },
            {
                "id": "1045302334987718657",
                "username": "XiaomiUK",
                "location": "United Kingdom",
                "name": "Xiaomi UK"
            },
            {
                "id": "823999602",
                "username": "clairewoods32",
                "location": "England, United Kingdom",
                "name": "claire woods"
            },
            {
                "id": "565714365",
                "username": "beerandanvils",
                "name": "Beer & Anvils"
            },
            {
                "id": "436078451",
                "username": "adiesmith64",
                "location": "Southend-on-Sea",
                "name": "⚒Adrian Smith⚒"
            },
            {
                "id": "801418613559279616",
                "username": "Capt_Deen",
                "location": "Decentralize ",
                "name": "Deen Enesi 𓃵"
            },
            {
                "id": "909715107487371265",
                "username": "Sophie_TheSloth",
                "location": "United Kingdom",
                "name": "♥🌹Sophie🌹♥"
            },
            {
                "id": "1118969672454615041",
                "username": "JayDogUFC",
                "location": "United Kingdom",
                "name": "UFCJayDog"
            },
            {
                "id": "1229820500672753664",
                "username": "OneJellyMan",
                "location": "Barrow-in-Furness, England",
                "name": "OneJellyMan 💛💙🇺🇦"
            },
            {
                "id": "31425049",
                "username": "catbyrne_",
                "location": "Edinburgh, Scotland",
                "name": "Catriona Welch"
            },
            {
                "id": "332848014",
                "username": "DN24DN",
                "name": "DN_24"
            },
            {
                "id": "89548047",
                "username": "Melcols",
                "name": "Melanie Collins"
            },
            {
                "id": "739083548",
                "username": "Michell55860510",
                "name": "Michelle Smith"
            },
            {
                "id": "160899571",
                "username": "codeprint",
                "location": "England",
                "name": "Phil Simpson"
            },
            {
                "id": "27630359",
                "username": "elleffsee",
                "location": "Warrington, Cheshire",
                "name": "Neil Shillan"
            },
            {
                "id": "298427363",
                "username": "lynsey_may",
                "location": "Bristol",
                "name": "Lynsey"
            },
            {
                "id": "806879550059769856",
                "username": "iampayney",
                "location": "Inside My iPhone!",
                "name": "I AM PAYNEY"
            },
            {
                "id": "1179796239770103810",
                "username": "coffeesteve3",
                "location": "Reading",
                "name": "coffeesteve"
            },
            {
                "id": "1317212290131832833",
                "username": "PicturesDragon",
                "name": "Golden Dragon Pictures"
            },
            {
                "id": "281185374",
                "username": "joebhoy08",
                "location": "Glasgow",
                "name": "Joe Lappin"
            },
            {
                "id": "274574030",
                "username": "sammyatherton79",
                "name": "Sam Atherton"
            },
            {
                "id": "1349515469129195520",
                "username": "Faefaefae7",
                "name": "Faefaefae"
            },
            {
                "id": "1157976553",
                "username": "jhr_scientist",
                "location": "United Kingdom",
                "name": "JR"
            },
            {
                "id": "220155359",
                "username": "robcruss",
                "location": "England, United Kingdom",
                "name": "Rob C"
            },
            {
                "id": "85178089",
                "username": "chelsea_oliver",
                "name": "bricks at my window"
            },
            {
                "id": "1250474812524441601",
                "username": "Rage_Quit_Dad",
                "location": "Buckinghamshire",
                "name": "Rage Quit Dad"
            },
            {
                "id": "50081098",
                "username": "ladyvaio",
                "location": "Berkshire",
                "name": "donna williams"
            },
            {
                "id": "2727506687",
                "username": "GoodallTimothy",
                "location": "United Kingdom",
                "name": "Timothy Goodall"
            }
        ],
        "tweets": [
            {
                "author_id": "20678384",
                "created_at": "2022-03-15T17:00:00.000Z",
                "id": "1503778049203924994",
                "text": "Want to #WIN a Very Big Spring Getaway worth up to 10k? 🏝️\n\nUse #DreamHoliday and our generator to tell us what you'll be doing on it.\n\nCheck out #VeryMeRewards in the My Vodafone app for the chance to win more prizes 🎁\n\nTerms apply (ends 31/03/2022)👇\n\nhttps://t.co/HpXCBf8v0Z https://t.co/NkxMV6hdDp"
            },
            {
                "author_id": "753397623118258176",
                "created_at": "2022-03-17T10:49:35.000Z",
                "id": "1504409607439015947",
                "text": "Funny how @VodafoneUK are sending me this text but can’t do a broadband install. Had the installers come to day only to say “we can’t do anything cause there isn’t a connection”\nTime to find a provider that actually does what they say? https://t.co/x2JaX67Qez"
            },
            {
                "author_id": "20678384",
                "created_at": "2022-03-17T10:10:49.000Z",
                "id": "1504399852557549572",
                "text": "@ReflexologyHA Hi Helen 👋 Everything should be up and running with the Live Chat service, what errors are you getting? Can you tell us the reason for contacting us today? We would love to see if we can help on Twitter 😊 Mark",
                "referenced_tweets": [
                    {
                        "type": "replied_to",
                        "id": "1504399352365785090"
                    }
                ]
            },
            {
                "author_id": "1445866405878898698",
                "created_at": "2022-03-16T22:45:34.000Z",
                "id": "1504227402238541829",
                "text": "@Tawroginski @VodafoneUK @RENAULTUK @SamsungUK Church Terrace Dedworth",
                "referenced_tweets": [
                    {
                        "type": "replied_to",
                        "id": "1504226997521760258"
                    }
                ]
            },
            {
                "author_id": "20678384",
                "created_at": "2022-03-11T07:00:00.000Z",
                "id": "1502177502743064576",
                "text": "Mam, Mum, Mummy, Mother 👩\n\nWhatever you call her, get her a @thortful card this Mother's Day 💐\n\nHead over to #VeryMeRewards through the My Vodafone app and pay P&amp;P to claim yours 👇"
            },
            {
                "author_id": "20678384",
                "created_at": "2022-03-17T04:53:53.000Z",
                "id": "1504320090770137089",
                "text": "@nick_squad Hi Nick 👋 I hope you're well, I'd be happy to take a look into your billing issue. Can you drop me a DM with your full name and mobile number? Select 'Get Started' then 'Asked to DM' when speaking to our BOT 🤖\nSimon https://t.co/zZC6gSR1Ak",
                "referenced_tweets": [
                    {
                        "type": "replied_to",
                        "id": "1504317743931314179"
                    }
                ]
            },
            {
                "author_id": "24270908",
                "created_at": "2022-03-17T01:36:53.000Z",
                "id": "1504270514377924611",
                "text": "The Dark Night\n\n📸 #GalaxyS22Ultra \n📷 #expertraw \n📱 #withGalaxy https://t.co/pgbtz8w5Ni"
            },
            {
                "author_id": "20678384",
                "created_at": "2022-03-10T02:40:48.000Z",
                "id": "1501749883446906883",
                "text": "@mixedmaghribiya Hi Nida 👋 I'm sorry you've not managed to get through to our team. I'd be happy to take a look at this for you. Please pop me a message with your full name and account number. Dean https://t.co/zZC6gSR1Ak",
                "referenced_tweets": [
                    {
                        "type": "replied_to",
                        "id": "1501641578288406535"
                    }
                ]
            },
            {
                "author_id": "83901058",
                "created_at": "2022-03-16T20:52:58.000Z",
                "id": "1504199065952829443",
                "text": "@VodafoneUK any update on the constant evening issues with Gigafast in Milton Keynes? That’s twice this week the internet has bordered on unusable."
            },
            {
                "author_id": "20257260",
                "created_at": "2022-03-16T21:59:04.000Z",
                "id": "1504215700981886983",
                "text": "@VodafoneUK final straw. After 20 years as a customer the last 10 have been the worst customer experience. Now they fail to protect me from sim swap fraud resulting in me loosing £1000's !!!!"
            },
            {
                "author_id": "53991200",
                "created_at": "2022-03-16T19:09:25.000Z",
                "id": "1504173007660589056",
                "text": "Thank you @VodafoneUK for the box of little fabulous things. #VodafoneUK #vodafonetreats https://t.co/kpC8ul1JLr"
            },
            {
                "author_id": "83901058",
                "created_at": "2022-03-16T21:29:27.000Z",
                "id": "1504208246973902848",
                "text": "@RealMattBright @VodafoneUK From what I can gather, yes. Happened on Monday evening too for us. Like you, on the 900mbps plan but streaming is pixelated at best. Others in MK had similar issues last month it seems.",
                "referenced_tweets": [
                    {
                        "type": "replied_to",
                        "id": "1504206135385104395"
                    }
                ]
            },
            {
                "author_id": "92622911",
                "created_at": "2022-03-16T18:46:55.000Z",
                "id": "1504167343114620935",
                "text": "@engineers_feed Too slow, given that it's 2022, and I live in one of the richest countries in the world. The regional inequity in UK broadband provision is a disgrace. Fibre should be ubiquitous by now, but we're still using Victorian era technology copper telephone wires in many places.",
                "referenced_tweets": [
                    {
                        "type": "replied_to",
                        "id": "1504160614523965442"
                    }
                ]
            },
            {
                "author_id": "20678384",
                "created_at": "2022-03-16T17:49:00.000Z",
                "id": "1504152767555907586",
                "text": "Which of the new emojis are you?\n\nWe’re all about that glitter ball. https://t.co/YD18MId0H9"
            },
            {
                "author_id": "1045302334987718657",
                "created_at": "2022-03-16T18:23:03.000Z",
                "id": "1504161335948546053",
                "text": "@VodafoneUK Gotta be the low battery. We can sort that out in just 17 minutes",
                "referenced_tweets": [
                    {
                        "type": "replied_to",
                        "id": "1504152767555907586"
                    }
                ]
            },
            {
                "author_id": "1300413816493289473",
                "created_at": "2022-03-16T18:25:09.000Z",
                "id": "1504161865609453569",
                "text": "@XiaomiUK @VodafoneUK https://t.co/VOARwVIWJx",
                "referenced_tweets": [
                    {
                        "type": "replied_to",
                        "id": "1504161335948546053"
                    }
                ]
            },
            {
                "author_id": "20678384",
                "created_at": "2022-03-03T15:37:32.000Z",
                "id": "1499408640889040907",
                "text": "Powerful iPhone 13 Pro Max only £56pm* and £49 upfront with 100GB and get Watch Series 7 with 50% off smartwatch connectivity."
            },
            {
                "author_id": "773983755430166528",
                "created_at": "2022-03-16T09:28:44.000Z",
                "id": "1504026874426580994",
                "text": "@VodafoneGroup I was interested in joining your broadband. According to the results of the search can you not get broadband in my address, why ? Every other company I have been looking at dan offer me broadband and BT are my current supplier https://t.co/KYTkDGpGxY"
            },
            {
                "author_id": "20678384",
                "created_at": "2022-03-16T10:13:17.000Z",
                "id": "1504038083930607616",
                "text": "@codeprint Hi Phil. Could you please DM me with your full name and landline/account number, so I can check on latest progress for you. Shu https://t.co/zZC6gSR1Ak",
                "referenced_tweets": [
                    {
                        "type": "replied_to",
                        "id": "1504015658777985024"
                    }
                ]
            },
            {
                "author_id": "1456885948017487875",
                "created_at": "2022-03-16T11:50:31.000Z",
                "id": "1504062554997411849",
                "text": "@joebhoy08 @SamsungMobile You sure it’s no a Nokia 3310?",
                "referenced_tweets": [
                    {
                        "type": "replied_to",
                        "id": "1503744007377240072"
                    }
                ]
            },
            {
                "author_id": "1157976553",
                "created_at": "2022-03-16T12:47:25.000Z",
                "id": "1504076871163695110",
                "text": "@BenTaylor1982 @VodafoneUK Urgh. I need to do the same and it's a complete farce.",
                "referenced_tweets": [
                    {
                        "type": "replied_to",
                        "id": "1504058934054825984"
                    }
                ]
            },
            {
                "author_id": "20678384",
                "created_at": "2022-03-16T13:23:58.000Z",
                "id": "1504086071444922370",
                "text": "@robcruss Hi there 👋 Are you already a Vodafone customer with a different service other than Broadband? Trev",
                "referenced_tweets": [
                    {
                        "type": "replied_to",
                        "id": "1504084349142155265"
                    }
                ]
            },
            {
                "author_id": "20678384",
                "created_at": "2022-03-15T13:50:30.000Z",
                "id": "1503730360559013889",
                "text": "@ladyvaio That sure does sound unusual 🤔 Have our tech experts tried to diagnose the issue already and have they referred you to our repair centre? Ryan",
                "referenced_tweets": [
                    {
                        "type": "replied_to",
                        "id": "1503727259676512259"
                    }
                ]
            },
            {
                "author_id": "351002404",
                "created_at": "2022-03-16T11:36:08.000Z",
                "id": "1504058934054825984",
                "text": "@VodafoneUK spent best part of 3 hours on hold over the last 2 days trying to change my broadband to a new address as I’m moving home. Is there another way to do this apart from over the phone. This is ridiculous,"
            },
            {
                "author_id": "20678384",
                "created_at": "2022-03-16T12:38:24.000Z",
                "id": "1504074603521622022",
                "text": "If you or someone you know is a Ukrainian or other national displaced by the crisis, we are offering fast-track employment for candidates.\n\nRegister your interest 👇 https://t.co/IIuiWVfqkS https://t.co/24IDudBcHT",
                "referenced_tweets": [
                    {
                        "type": "quoted",
                        "id": "1502266290236497925"
                    }
                ]
            }
        ]
    },
    "meta": {
        "oldest_id": "1504075325780680705",
        "newest_id": "1504416634571837446",
        "previous_token": "77qpymm88g5h9vqklurc07ii1p3fpqz7vznr1c0gssks6",
        "result_count": 100,
        "next_token": "7140dibdnow9c7btw420jryye2z5wayam3v2wv2iseaet"
    }
}