{
    "data": [
        {
            "id": "1505629120075603974",
            "referenced_tweets": [
                {
                    "type": "replied_to",
                    "id": "1505627961793433603"
                }
            ],
            "author_id": "1121883294075846658",
            "text": "@EE Good luck!!!",
            "created_at": "2022-03-20T19:35:30.000Z"
        },
        {
            "id": "1505627375635206144",
            "referenced_tweets": [
                {
                    "type": "replied_to",
                    "id": "1505627193585680390"
                }
            ],
            "author_id": "1121883294075846658",
            "text": "@EE Oh ok thanks for the information!!!",
            "created_at": "2022-03-20T19:28:34.000Z"
        },
        {
            "id": "1505626643825676290",
            "author_id": "1121883294075846658",
            "text": "Anyway @EE the previous thread got ruined by an impersonator.\n\nDo you sell the PS5 on its own or only in bundles with games and controllers?",
            "created_at": "2022-03-20T19:25:39.000Z"
        },
        {
            "id": "1505625736190832642",
            "referenced_tweets": [
                {
                    "type": "replied_to",
                    "id": "1505625474696990721"
                }
            ],
            "author_id": "1505618349480452102",
            "text": "@Techranology @EE Well you still replied didn’t you pal :) - Ashleigh",
            "created_at": "2022-03-20T19:22:03.000Z"
        },
        {
            "id": "1505625474696990721",
            "referenced_tweets": [
                {
                    "type": "replied_to",
                    "id": "1505624886374547462"
                }
            ],
            "author_id": "1121883294075846658",
            "text": "@EEContact @EE Go away fake EE account.",
            "created_at": "2022-03-20T19:21:00.000Z"
        },
        {
            "id": "1505625406963134471",
            "referenced_tweets": [
                {
                    "type": "replied_to",
                    "id": "1505620618510839811"
                }
            ],
            "author_id": "289884513",
            "text": "@EE I appreciate that, it just disappointing in the sense that nothing can be done with the fact I’ve paid 2 years for data I’ve not been able to use, it’s fair enough but I had issues with my phone contract which was why I left, never feel like EE actually care",
            "created_at": "2022-03-20T19:20:44.000Z"
        },
        {
            "id": "1505624886374547462",
            "referenced_tweets": [
                {
                    "type": "replied_to",
                    "id": "1505623778071560195"
                }
            ],
            "author_id": "1505618349480452102",
            "text": "@Techranology @EE Not at all to you pal :)  -Ashleigh",
            "created_at": "2022-03-20T19:18:40.000Z"
        },
        {
            "id": "1505624399520665604",
            "referenced_tweets": [
                {
                    "type": "replied_to",
                    "id": "1505624167433048064"
                }
            ],
            "author_id": "1505618349480452102",
            "text": "@1971Niall @EE https://t.co/vxoXzf9k3A",
            "created_at": "2022-03-20T19:16:44.000Z"
        },
        {
            "id": "1505624167433048064",
            "referenced_tweets": [
                {
                    "type": "replied_to",
                    "id": "1505613679173193730"
                }
            ],
            "author_id": "1505618349480452102",
            "text": "@1971Niall @EE https://t.co/mvnRkQcUPT",
            "created_at": "2022-03-20T19:15:49.000Z"
        },
        {
            "id": "1505623778071560195",
            "referenced_tweets": [
                {
                    "type": "replied_to",
                    "id": "1505623389721055233"
                }
            ],
            "author_id": "1121883294075846658",
            "text": "@EE Do you sell the PS5 on its own or only in bundles with games and extra controllers?",
            "created_at": "2022-03-20T19:14:16.000Z"
        },
        {
            "id": "1505623509002866690",
            "referenced_tweets": [
                {
                    "type": "replied_to",
                    "id": "1505615073942945800"
                }
            ],
            "author_id": "1505618349480452102",
            "text": "@Dee6Denise @EE Language Denise there’s kids on her.",
            "created_at": "2022-03-20T19:13:12.000Z"
        },
        {
            "id": "1505622929635221511",
            "referenced_tweets": [
                {
                    "type": "replied_to",
                    "id": "1505597912276951040"
                }
            ],
            "author_id": "1505618349480452102",
            "text": "@jnlangton @EE @virginmedia Ok, and?",
            "created_at": "2022-03-20T19:10:54.000Z"
        },
        {
            "id": "1505622595500191747",
            "referenced_tweets": [
                {
                    "type": "replied_to",
                    "id": "1505601292475027459"
                }
            ],
            "author_id": "1505618349480452102",
            "text": "@ClintonMuscle @GarethJHowells @EE Don’t hate the player hate the game.",
            "created_at": "2022-03-20T19:09:34.000Z"
        },
        {
            "id": "1505622316545363973",
            "referenced_tweets": [
                {
                    "type": "replied_to",
                    "id": "1505602150776414212"
                }
            ],
            "author_id": "1505618349480452102",
            "text": "@Amon41445235 @EE We usually offer this service to our customers but after a careful review of your profile we have decide to remove you from this service",
            "created_at": "2022-03-20T19:08:28.000Z"
        },
        {
            "id": "1505621593216720898",
            "author_id": "2905657017",
            "text": "I would appreciate the help for cancer charities from some of the mobile networks @Virgin @O2 @EE @VodafoneUK",
            "created_at": "2022-03-20T19:05:35.000Z"
        },
        {
            "id": "1505620706498945032",
            "referenced_tweets": [
                {
                    "type": "replied_to",
                    "id": "1505587106554466309"
                }
            ],
            "author_id": "1489251892597198852",
            "text": "@Watch_Greens Idee war ja #Klimarettung durch #ErneuerbareEnergien.\nMangels #Versorgungssicherheit der @EE ist Gas nötig.\nUm weniger von Rußland abhängig zu sein, importieren wir nun vermehrt via #klimaschädlichen Schweröl betriebenen Tankern. 🤡\n\n#Grüne #vomEndrherdenken",
            "created_at": "2022-03-20T19:02:04.000Z"
        },
        {
            "id": "1505615073942945800",
            "referenced_tweets": [
                {
                    "type": "replied_to",
                    "id": "1504427390738608131"
                }
            ],
            "author_id": "1880089308",
            "text": "@EE 85 quid 😂 fuck off",
            "created_at": "2022-03-20T18:39:41.000Z"
        },
        {
            "id": "1505614533313896448",
            "referenced_tweets": [
                {
                    "type": "replied_to",
                    "id": "1505605296366002183"
                }
            ],
            "author_id": "289884513",
            "text": "@EE I’ll just cancel to be honest, I moved my phone contract to Vodafone last year so I’ll probably do the same with this, just disappointed not to get to use any of the data I’ve paid for over 2 years",
            "created_at": "2022-03-20T18:37:32.000Z"
        },
        {
            "id": "1505613851332689922",
            "author_id": "1051772670184964096",
            "text": "@EE in need to see when my order will be dispatched please ?",
            "created_at": "2022-03-20T18:34:49.000Z"
        },
        {
            "id": "1505613679173193730",
            "referenced_tweets": [
                {
                    "type": "replied_to",
                    "id": "1504427390738608131"
                }
            ],
            "author_id": "1057514964",
            "text": "@EE £85 a month day light robbery",
            "created_at": "2022-03-20T18:34:08.000Z"
        },
        {
            "id": "1505611136330199044",
            "referenced_tweets": [
                {
                    "type": "replied_to",
                    "id": "1505572621383081985"
                }
            ],
            "author_id": "3201019738",
            "text": "@EE Finally managed to speak with someone via the App who then couldn’t really offer anything better than the standard webpage offers. I was hoping for better as a long standing customer but was a waste of time tbh. Looks like I’ll just see put my current deal and move provider.",
            "created_at": "2022-03-20T18:24:02.000Z"
        },
        {
            "id": "1505610423093051394",
            "referenced_tweets": [
                {
                    "type": "replied_to",
                    "id": "1505607830887440387"
                }
            ],
            "author_id": "1404208284635181058",
            "text": "@BBCNews @INTERPOL_Cyber @FBI @eu_schoolnet @Schooltv @school_tv @SchoolTVme @SchoolTVBamberg @Schooltvs1 @hi_schooltvgh @SchoolTV11 @SCHOOLTV2 @schooltve @hi_schooltvgh @SchoolTVBamberg @SchoolTvm @SchoolTVme @schoolTVS @Schooltvs1 @Schooltvs3 @CesarFilho @Europeanaeu @Harvard @Stanford @Columbia @ces_uc @EE",
            "created_at": "2022-03-20T18:21:12.000Z"
        },
        {
            "id": "1505608259973091329",
            "author_id": "2572944502",
            "text": "@EE what the hell am I paying for?\nDial up would probably be faster! https://t.co/MgOOc0cxvX",
            "created_at": "2022-03-20T18:12:36.000Z"
        },
        {
            "id": "1505606381390422016",
            "referenced_tweets": [
                {
                    "type": "replied_to",
                    "id": "1488246872586268678"
                }
            ],
            "author_id": "1474813334742609928",
            "text": "@EE I have shaved with an open razor for over 50 years, 50% of the process is the feel if the pressure on the skin!   This is bullshit!",
            "created_at": "2022-03-20T18:05:08.000Z"
        },
        {
            "id": "1505602204178305026",
            "referenced_tweets": [
                {
                    "type": "replied_to",
                    "id": "1505580355134590978"
                }
            ],
            "author_id": "1170393325234507776",
            "text": "@EE Can you check my DM",
            "created_at": "2022-03-20T17:48:32.000Z"
        },
        {
            "id": "1505602150776414212",
            "author_id": "1293528195476656128",
            "text": "do @ee offer visual voicemail on the new galaxy s22 ultra?",
            "created_at": "2022-03-20T17:48:20.000Z"
        },
        {
            "id": "1505601511941980164",
            "referenced_tweets": [
                {
                    "type": "replied_to",
                    "id": "1496793421247389697"
                }
            ],
            "author_id": "1416193285975068672",
            "text": "@EE Yo this is great but I don’t live in leeds",
            "created_at": "2022-03-20T17:45:47.000Z"
        },
        {
            "id": "1505601292475027459",
            "referenced_tweets": [
                {
                    "type": "replied_to",
                    "id": "1505581991445598208"
                }
            ],
            "author_id": "1003894442829508609",
            "text": "@GarethJHowells @EE They tucked you up there that's for the new iPhone 16 out next year",
            "created_at": "2022-03-20T17:44:55.000Z"
        },
        {
            "id": "1505600554856243207",
            "referenced_tweets": [
                {
                    "type": "replied_to",
                    "id": "1505572621383081985"
                }
            ],
            "author_id": "3201019738",
            "text": "@EE On that now, didn’t appreciate responses are up to 1 hour!!!",
            "created_at": "2022-03-20T17:41:59.000Z"
        },
        {
            "id": "1505597912276951040",
            "author_id": "20050441",
            "text": "@EE \nyour adverts state your broadband can handle anything \nthe speed to my property if 75 down load \n@virginmedia \nprovide \n1 gig",
            "created_at": "2022-03-20T17:31:29.000Z"
        },
        {
            "id": "1505597897651507200",
            "author_id": "1339843836",
            "text": "@EE how can you land a plane from someone's house yet I struggle to stream a boxing match?",
            "created_at": "2022-03-20T17:31:26.000Z"
        },
        {
            "id": "1505597353176322053",
            "referenced_tweets": [
                {
                    "type": "replied_to",
                    "id": "1505551902511177731"
                }
            ],
            "author_id": "1121883294075846658",
            "text": "@EE Thank you for responding!!! I have registered my interest already.",
            "created_at": "2022-03-20T17:29:16.000Z"
        },
        {
            "id": "1505596787897286660",
            "author_id": "42107526",
            "text": "@EE just a quick question. If I go sim only from tomorrow. Will I still be subject to the price increase in April? Thanks.",
            "created_at": "2022-03-20T17:27:01.000Z"
        },
        {
            "id": "1505596147787870218",
            "author_id": "1421695754440253450",
            "text": "Right so my broadband provide EE have cut me off despite me paying my bill. So thanks to them I can stream tonight! I'm fuming. Sorry guys. @EE",
            "created_at": "2022-03-20T17:24:28.000Z"
        },
        {
            "id": "1505595632387596295",
            "referenced_tweets": [
                {
                    "type": "replied_to",
                    "id": "1505543227117559808"
                }
            ],
            "author_id": "796765428",
            "text": "@michael_rudloff @EE You clearly have enough money to sponsor the BAFTAs and claim to be the biggest and best phone company you could use some of that money so you don’t have to pass costs on to customers i think now is a bad time to increase prices by such a huge margin given the current climate.",
            "created_at": "2022-03-20T17:22:26.000Z"
        },
        {
            "id": "1505594962716549128",
            "referenced_tweets": [
                {
                    "type": "replied_to",
                    "id": "1505594697376579585"
                }
            ],
            "author_id": "289884513",
            "text": "@EE No after it didn’t work I just decided to use it as a watch to be honest, just disappointing to pay for 2 years and not use any data at all but nothing I can do now",
            "created_at": "2022-03-20T17:19:46.000Z"
        },
        {
            "id": "1505593910642548737",
            "referenced_tweets": [
                {
                    "type": "replied_to",
                    "id": "1505590704059424768"
                }
            ],
            "author_id": "1016744626747772931",
            "text": "@dillydolly86 @EE And now they seem to be ignoring people who are a bit aggrieved, as they have had to wait this stupidly long for something that they have messed up! And there website is still trying to sell them not saying the wait is this long!",
            "created_at": "2022-03-20T17:15:35.000Z"
        },
        {
            "id": "1505593803549384709",
            "referenced_tweets": [
                {
                    "type": "replied_to",
                    "id": "1505593579904901124"
                }
            ],
            "author_id": "289884513",
            "text": "@EE I’ve never been able to use data on it though for the 2 years I’ve had it which has been frustrating, I’m sure that’s what I’ve paid for with unlimited data",
            "created_at": "2022-03-20T17:15:10.000Z"
        },
        {
            "id": "1505593487089143809",
            "author_id": "458628994",
            "text": "Had the fun error on my phone on @ee on Friday - 4G data, \"No voice service available\"",
            "created_at": "2022-03-20T17:13:54.000Z"
        },
        {
            "id": "1505593202300133384",
            "referenced_tweets": [
                {
                    "type": "replied_to",
                    "id": "1505590704059424768"
                }
            ],
            "author_id": "1016744626747772931",
            "text": "@dillydolly86 @EE That’s terrible! I also upgraded to the Samsung watch 4 but can’t use it until the phone comes, but they are charging me £18 a month for it! I wouldn’t be moaning as much if I hadn’t paid anything, but they were Quick enough to grab my money so I could upgrade",
            "created_at": "2022-03-20T17:12:46.000Z"
        },
        {
            "id": "1505593100420456453",
            "referenced_tweets": [
                {
                    "type": "replied_to",
                    "id": "1505592197881683971"
                }
            ],
            "author_id": "289884513",
            "text": "@EE Hi, I’m out of contract next month on my Apple Watch and I’ve never actually been able to use data on it so I’m just going to cancel it to save some money",
            "created_at": "2022-03-20T17:12:22.000Z"
        },
        {
            "id": "1505590704059424768",
            "referenced_tweets": [
                {
                    "type": "replied_to",
                    "id": "1505589644968316931"
                }
            ],
            "author_id": "246263425",
            "text": "@Michael57690152 @EE The same one as you s22 white 128gb! There's been no communication unless I've asked either! Got told 21 days but today is day 21 and no change! Beginning to wonder why I'm leaving my current provider for them!",
            "created_at": "2022-03-20T17:02:51.000Z"
        },
        {
            "id": "1505590003249958916",
            "author_id": "1478483146706505729",
            "text": "@EE You’ve randomly sent me £27.50 into my bank account. I’ve never used that card with your network nor am I a customer",
            "created_at": "2022-03-20T17:00:03.000Z"
        },
        {
            "id": "1505589644968316931",
            "referenced_tweets": [
                {
                    "type": "replied_to",
                    "id": "1505587077303390219"
                }
            ],
            "author_id": "1016744626747772931",
            "text": "@dillydolly86 @EE Blimey really? What phone did you order? And they keep telling me first come first serve and they are getting through there back orders, but I know people that only ordered a week ago and they have already got there’s",
            "created_at": "2022-03-20T16:58:38.000Z"
        },
        {
            "id": "1505589306093670405",
            "referenced_tweets": [
                {
                    "type": "replied_to",
                    "id": "1505584089474252800"
                }
            ],
            "author_id": "121444096",
            "text": "@albiee_t @EE They sold me that on the phone ffs for the new iPhone. A super charger they called it 🙄",
            "created_at": "2022-03-20T16:57:17.000Z"
        },
        {
            "id": "1505587077303390219",
            "referenced_tweets": [
                {
                    "type": "replied_to",
                    "id": "1505474214240964611"
                }
            ],
            "author_id": "246263425",
            "text": "@Michael57690152 @EE Still waiting for mine from Feb 28th also 😩😩",
            "created_at": "2022-03-20T16:48:26.000Z"
        },
        {
            "id": "1505586633944481792",
            "referenced_tweets": [
                {
                    "type": "replied_to",
                    "id": "1505454095230025728"
                }
            ],
            "author_id": "1016744626747772931",
            "text": "@EE Any chance of an answer, cause you seem to now be ignoring me now, just because I’m having to wait 2 weeks for a phone that we were never told would have to wait for! Plus I’ve got a watch I can’t use! I JUST WANT MY PHONE after paying £500 to upgrade",
            "created_at": "2022-03-20T16:46:40.000Z"
        },
        {
            "id": "1505585256337920001",
            "referenced_tweets": [
                {
                    "type": "replied_to",
                    "id": "1505584930595782668"
                }
            ],
            "author_id": "1255536356035526669",
            "text": "@Jayatch @EE RIP to the last few laps 🤣",
            "created_at": "2022-03-20T16:41:12.000Z"
        },
        {
            "id": "1505584930595782668",
            "referenced_tweets": [
                {
                    "type": "replied_to",
                    "id": "1505584766854307842"
                }
            ],
            "author_id": "302478560",
            "text": "@danhemp_f1 @EE Nothing much😂😂😂",
            "created_at": "2022-03-20T16:39:54.000Z"
        },
        {
            "id": "1505584766854307842",
            "author_id": "1255536356035526669",
            "text": "Internets gone in the closing stages of #formula1 @EE Whats happening?",
            "created_at": "2022-03-20T16:39:15.000Z"
        },
        {
            "id": "1505584089474252800",
            "referenced_tweets": [
                {
                    "type": "replied_to",
                    "id": "1505581991445598208"
                }
            ],
            "author_id": "240455614",
            "text": "@GarethJHowells @EE That’s a USB C you got there mate 😭",
            "created_at": "2022-03-20T16:36:33.000Z"
        },
        {
            "id": "1505581991445598208",
            "author_id": "121444096",
            "text": "Cheers @EE 👍🏻 sold@me a fast charging kit when I bought the new iPhone 12  cost £29 as was told needed it for the new iPhone. Just gone to use it and it doesn’t fit the new iPhone! 😤 waste of money https://t.co/QpEzmSGkn9",
            "created_at": "2022-03-20T16:28:13.000Z"
        },
        {
            "id": "1505580436440944646",
            "author_id": "1309043772450394113",
            "text": "@EE can you please reply to me and not ignore me !!\nI have 2 phone since November with you and want to add iPad but my ee says I can’t add anything why is this ?",
            "created_at": "2022-03-20T16:22:03.000Z"
        },
        {
            "id": "1505578226709635072",
            "author_id": "114803868",
            "text": "@EE hi can you confirm if you upgrade your device and have used the Apple Music add on with an old plan that it renews to use on your new plan?",
            "created_at": "2022-03-20T16:13:16.000Z"
        },
        {
            "id": "1505577311617355776",
            "referenced_tweets": [
                {
                    "type": "replied_to",
                    "id": "1505572621383081985"
                }
            ],
            "author_id": "3201019738",
            "text": "@EE 👍",
            "created_at": "2022-03-20T16:09:38.000Z"
        },
        {
            "id": "1505577026593464325",
            "referenced_tweets": [
                {
                    "type": "replied_to",
                    "id": "1505201761979613186"
                }
            ],
            "author_id": "1426830446109806596",
            "text": "@mattfrei @EE Ee were charging a friend of mine £27 a month for 1gig changed to sim only £10 a month 20gig rolling contract with Plusnet",
            "created_at": "2022-03-20T16:08:30.000Z"
        },
        {
            "id": "1505575431495430145",
            "referenced_tweets": [
                {
                    "type": "quoted",
                    "id": "1505201761979613186"
                },
                {
                    "type": "replied_to",
                    "id": "1503868648514994176"
                }
            ],
            "author_id": "616265884",
            "text": "@EE https://t.co/8O7sX4nqAa",
            "created_at": "2022-03-20T16:02:09.000Z"
        },
        {
            "id": "1505575406837063681",
            "referenced_tweets": [
                {
                    "type": "quoted",
                    "id": "1505201761979613186"
                },
                {
                    "type": "replied_to",
                    "id": "1504085583081136132"
                }
            ],
            "author_id": "616265884",
            "text": "@EE https://t.co/8O7sX4nqAa",
            "created_at": "2022-03-20T16:02:03.000Z"
        },
        {
            "id": "1505575382992539651",
            "referenced_tweets": [
                {
                    "type": "quoted",
                    "id": "1505201761979613186"
                },
                {
                    "type": "replied_to",
                    "id": "1504351829823352836"
                }
            ],
            "author_id": "616265884",
            "text": "@EE https://t.co/8O7sX4nqAa",
            "created_at": "2022-03-20T16:01:58.000Z"
        },
        {
            "id": "1505575361731571715",
            "referenced_tweets": [
                {
                    "type": "quoted",
                    "id": "1505201761979613186"
                },
                {
                    "type": "replied_to",
                    "id": "1504593422363070468"
                }
            ],
            "author_id": "616265884",
            "text": "@EE https://t.co/8O7sX4nqAa",
            "created_at": "2022-03-20T16:01:53.000Z"
        },
        {
            "id": "1505575342257455109",
            "referenced_tweets": [
                {
                    "type": "quoted",
                    "id": "1505201761979613186"
                },
                {
                    "type": "replied_to",
                    "id": "1504785137476775982"
                }
            ],
            "author_id": "616265884",
            "text": "@EE https://t.co/8O7sX4nqAa",
            "created_at": "2022-03-20T16:01:48.000Z"
        },
        {
            "id": "1505575320912551942",
            "referenced_tweets": [
                {
                    "type": "quoted",
                    "id": "1505201761979613186"
                },
                {
                    "type": "replied_to",
                    "id": "1504785132145815573"
                }
            ],
            "author_id": "616265884",
            "text": "@EE https://t.co/8O7sX4nqAa",
            "created_at": "2022-03-20T16:01:43.000Z"
        },
        {
            "id": "1505575296984092673",
            "referenced_tweets": [
                {
                    "type": "quoted",
                    "id": "1505201761979613186"
                },
                {
                    "type": "replied_to",
                    "id": "1504785066815279120"
                }
            ],
            "author_id": "616265884",
            "text": "@EE @SamsungUK https://t.co/8O7sX4nqAa",
            "created_at": "2022-03-20T16:01:37.000Z"
        },
        {
            "id": "1505575263307980814",
            "referenced_tweets": [
                {
                    "type": "quoted",
                    "id": "1505201761979613186"
                },
                {
                    "type": "replied_to",
                    "id": "1504877674828910595"
                }
            ],
            "author_id": "616265884",
            "text": "@EE https://t.co/8O7sX4nqAa",
            "created_at": "2022-03-20T16:01:29.000Z"
        },
        {
            "id": "1505575230248566794",
            "referenced_tweets": [
                {
                    "type": "quoted",
                    "id": "1505201761979613186"
                },
                {
                    "type": "replied_to",
                    "id": "1504955815073132545"
                }
            ],
            "author_id": "616265884",
            "text": "@EE https://t.co/8O7sX4nqAa",
            "created_at": "2022-03-20T16:01:21.000Z"
        },
        {
            "id": "1505575207771197444",
            "referenced_tweets": [
                {
                    "type": "quoted",
                    "id": "1505201761979613186"
                },
                {
                    "type": "replied_to",
                    "id": "1505091708723372032"
                }
            ],
            "author_id": "616265884",
            "text": "@EE https://t.co/8O7sX4nqAa",
            "created_at": "2022-03-20T16:01:16.000Z"
        },
        {
            "id": "1505575173889699845",
            "referenced_tweets": [
                {
                    "type": "quoted",
                    "id": "1505201761979613186"
                },
                {
                    "type": "replied_to",
                    "id": "1505272900558856192"
                }
            ],
            "author_id": "616265884",
            "text": "@EE https://t.co/8O7sX4nqAa",
            "created_at": "2022-03-20T16:01:08.000Z"
        },
        {
            "id": "1505575138611408898",
            "referenced_tweets": [
                {
                    "type": "quoted",
                    "id": "1505201761979613186"
                },
                {
                    "type": "replied_to",
                    "id": "1505454095230025728"
                }
            ],
            "author_id": "616265884",
            "text": "@EE https://t.co/8O7sX4nqAa",
            "created_at": "2022-03-20T16:00:59.000Z"
        },
        {
            "id": "1505575040045223946",
            "referenced_tweets": [
                {
                    "type": "quoted",
                    "id": "1505201761979613186"
                },
                {
                    "type": "replied_to",
                    "id": "1504443063250440196"
                }
            ],
            "author_id": "616265884",
            "text": "@EE @beatport @Rudimental @ariellefree @itsjuniorsimba https://t.co/8O7sX4nqAa",
            "created_at": "2022-03-20T16:00:36.000Z"
        },
        {
            "id": "1505571902634532867",
            "author_id": "4820006159",
            "text": "@EE no Wi-Fi for 2 weeks I just buried my mum and now I got a bill of £250 in data with @TheO2 because I was told I will be compensated now I can’t pay my bill because of this!!",
            "created_at": "2022-03-20T15:48:08.000Z"
        },
        {
            "id": "1505571290253570055",
            "author_id": "4820006159",
            "text": "@EE you@lot are ridiculous",
            "created_at": "2022-03-20T15:45:42.000Z"
        },
        {
            "id": "1505571022069719040",
            "referenced_tweets": [
                {
                    "type": "replied_to",
                    "id": "1505545745256091648"
                }
            ],
            "author_id": "3201019738",
            "text": "@EE Upgrades",
            "created_at": "2022-03-20T15:44:38.000Z"
        },
        {
            "id": "1505562578117873671",
            "author_id": "1397064019123580928",
            "text": "#القمي_مجسم_فكيف_وثقوه_الشيعه\n@EE @ee119_ @EEPPX @eee2le @eee @6eeee_ @eeEEee @foe_us @EA @EA_ME @EAA @73eaak @aea7_s @Aeeev @AEE @ess @Esseily @isaad @APEC @Seeon @Seera @see8it @Ed @edd @Alaves @Dee @EF @EFF @9_efff @efff @fee @feeds @_0ffff @eg @egg @emiru @TO @ot @djikp @ob https://t.co/Od0D57KDpn",
            "created_at": "2022-03-20T15:11:05.000Z"
        },
        {
            "id": "1505561864096395272",
            "author_id": "2968552660",
            "text": "Ordered a phone Thursday from @EE told it would be here Friday. Rang Friday told it had only just been collected by the courier, fair enough now Sunday according to the DPD app its still somewhere between Hinkley and Hull didn't realise it was a cycle courier bringing it.",
            "created_at": "2022-03-20T15:08:15.000Z"
        },
        {
            "id": "1505560106125176851",
            "author_id": "289884513",
            "text": "@EE how do I cancel my contract without having to ring in? Also why am I unable to speak with anyone on live chat?",
            "created_at": "2022-03-20T15:01:15.000Z"
        },
        {
            "id": "1505559832035799042",
            "referenced_tweets": [
                {
                    "type": "replied_to",
                    "id": "1505559492250976264"
                }
            ],
            "author_id": "138859309",
            "text": "@Samwood41 Can be amazing but is so inconsistent. I get about 300Mbps at my parents' place in Hull but average 10Mbps in my flat in Leeds on @EE.",
            "created_at": "2022-03-20T15:00:10.000Z"
        },
        {
            "id": "1505557694220017672",
            "author_id": "357443075",
            "text": "@EE extremely helpful your customer services number is the same as emergency services out in Bulgaria. Their ambulance and fire service advisers were not happy when I told them my phone was broken! https://t.co/EJEhGuxiP6",
            "created_at": "2022-03-20T14:51:40.000Z"
        },
        {
            "id": "1505554405789249549",
            "referenced_tweets": [
                {
                    "type": "replied_to",
                    "id": "1505550411733913601"
                }
            ],
            "author_id": "1450474084215709707",
            "text": "@EE Its an ongoing issue where I contact use, something will be sorted then within weeks its back to bad service. Got booster as well so doubt it gets any better",
            "created_at": "2022-03-20T14:38:36.000Z"
        },
        {
            "id": "1505552873463160833",
            "referenced_tweets": [
                {
                    "type": "replied_to",
                    "id": "1505549338323435522"
                }
            ],
            "author_id": "357443075",
            "text": "@EE Can you respond to my replies please",
            "created_at": "2022-03-20T14:32:31.000Z"
        },
        {
            "id": "1505552683503169536",
            "author_id": "2328595560",
            "text": "@EE the service has been atrocious and still is. What is happening ? https://t.co/8ir7KJd7Np",
            "created_at": "2022-03-20T14:31:46.000Z"
        },
        {
            "id": "1505550805729955842",
            "referenced_tweets": [
                {
                    "type": "replied_to",
                    "id": "1505533831608258561"
                }
            ],
            "author_id": "17804002",
            "text": "@williamtm @EE https://t.co/xR1IDbBHWr",
            "created_at": "2022-03-20T14:24:18.000Z"
        },
        {
            "id": "1505547993306517505",
            "author_id": "357443075",
            "text": "@EE hello can a customer services rep contact me asap. I have sent a dm",
            "created_at": "2022-03-20T14:13:07.000Z"
        },
        {
            "id": "1505547929330851842",
            "referenced_tweets": [
                {
                    "type": "replied_to",
                    "id": "1505547474005630980"
                }
            ],
            "author_id": "15295073",
            "text": "@GLou1878 @EE Nightmare mind you you're not missing much",
            "created_at": "2022-03-20T14:12:52.000Z"
        },
        {
            "id": "1505547474005630980",
            "author_id": "1450474084215709707",
            "text": "Absolute cheek of @EE emailing me for money while we're all sat here using our phone data an cant watch telly because it wont connect. What am I actually payin for ffs 🤬 awaits the standard tweet asking for details so you can help, for the millionth time yet here we still are 🙄 https://t.co/ohmAdfwyZM",
            "created_at": "2022-03-20T14:11:04.000Z"
        },
        {
            "id": "1505546212681863169",
            "author_id": "1479883254400434178",
            "text": "@EE I’ve just upgraded to 5g and now my service is worse than ever..\nThe best you are kidding me every major city I’ve been to my phone is slower than ever.\n#sortitoit",
            "created_at": "2022-03-20T14:06:03.000Z"
        },
        {
            "id": "1505545620651757568",
            "author_id": "928947142156316674",
            "text": "Hey-o @EE @MarcAllera let today be great: start showing support &amp; enact a policy for customers affected by domestic abuse #CorporateAccountability #CorporateResponsibility #DoSomething #victimblaming #SurvivorShaming #MeToo #CoerciveControl #FinancialAbuse #DomesticAbuse #Day1042",
            "created_at": "2022-03-20T14:03:42.000Z"
        },
        {
            "id": "1505544108265385988",
            "author_id": "373347380",
            "text": "@EE any update on the stock availability of Samsung S22+ in the UK?",
            "created_at": "2022-03-20T13:57:41.000Z"
        },
        {
            "id": "1505543227117559808",
            "referenced_tweets": [
                {
                    "type": "replied_to",
                    "id": "1505504068508209158"
                }
            ],
            "author_id": "2738849351",
            "text": "@EE @RobBradbrook The fact that no one could have predicted a CPI of over 5% doesn’t mean you couldn’t work on customer retention. Common sense should kick in that some raises are just bonkers and clearly made ‘because you can’. My plan INCREASES by an amount that other providers charge per year.",
            "created_at": "2022-03-20T13:54:11.000Z"
        },
        {
            "id": "1505542845561810944",
            "referenced_tweets": [
                {
                    "type": "replied_to",
                    "id": "1505542721796284416"
                }
            ],
            "author_id": "3201019738",
            "text": "@EE No unfortunately not",
            "created_at": "2022-03-20T13:52:40.000Z"
        },
        {
            "id": "1505541315248984067",
            "referenced_tweets": [
                {
                    "type": "replied_to",
                    "id": "1505454095230025728"
                }
            ],
            "author_id": "28810305",
            "text": "@EE EE you don't help anybody but yourself my delivery never arrived it was sent back to @EE",
            "created_at": "2022-03-20T13:46:35.000Z"
        },
        {
            "id": "1505541307858669581",
            "referenced_tweets": [
                {
                    "type": "replied_to",
                    "id": "1505537152528093194"
                }
            ],
            "author_id": "1156878333726134273",
            "text": "@JNUGENT10 @HarryReece @RyanConlon_1 @jackhenryx @GrWashbourne @charlienoakes8 @ConorWright8 @EE Banter aside the signal is actual shit. I really hope they do send an engineer out 🤣",
            "created_at": "2022-03-20T13:46:34.000Z"
        },
        {
            "id": "1505539191618289670",
            "referenced_tweets": [
                {
                    "type": "replied_to",
                    "id": "1505537152528093194"
                }
            ],
            "author_id": "58312456",
            "text": "@JNUGENT10 @RyanConlon_1 @jackhenryx @GrWashbourne @charlienoakes8 @ConorWright8 @EE Just connected to Wi-Fi to reply to this mate, congratulations on ya result 👀😂",
            "created_at": "2022-03-20T13:38:09.000Z"
        },
        {
            "id": "1505537152528093194",
            "referenced_tweets": [
                {
                    "type": "replied_to",
                    "id": "1505536794288398338"
                }
            ],
            "author_id": "409676470",
            "text": "@HarryReece @RyanConlon_1 @jackhenryx @GrWashbourne @charlienoakes8 @ConorWright8 @EE 5G currently not working in water orton can we send an engineer please",
            "created_at": "2022-03-20T13:30:03.000Z"
        },
        {
            "id": "1505536410308288523",
            "author_id": "1170393325234507776",
            "text": "@EE My broadband is under the minimum speed.",
            "created_at": "2022-03-20T13:27:06.000Z"
        },
        {
            "id": "1505535592830062602",
            "author_id": "1374240816827400192",
            "text": "MBNL owner of @ThreeUK and @EE warns rooftop mast site 'hosts' of security risk of illegal Helium Hotspot Miners used for mining @Bitcoin &amp; other cryptocurrencies. #Handsoffourhomes SAY NO to #5G roof theft by MBNL https://t.co/30Cn0u2nyV @BBCSussex @bbcsoutheast @guardiantech",
            "created_at": "2022-03-20T13:23:51.000Z"
        },
        {
            "id": "1505533899727904770",
            "referenced_tweets": [
                {
                    "type": "replied_to",
                    "id": "1505533194665443338"
                }
            ],
            "author_id": "281633527",
            "text": "@EE Replied",
            "created_at": "2022-03-20T13:17:07.000Z"
        },
        {
            "id": "1505533831608258561",
            "author_id": "4874571",
            "text": "So…had 5G from @EE for a couple of months. Speeds are all over the place, it’s not very consistent. Latency is good though. And it’s still yet to beat the 533Mbit I got on 4G/LTE. 😆 https://t.co/ipHcs6d6k4",
            "created_at": "2022-03-20T13:16:51.000Z"
        },
        {
            "id": "1505530071393705984",
            "author_id": "1500175779744862208",
            "text": "@EE If you're the best network in the UK?\nHow come my signal strength has dropped 70% in the last 2 years?? #EE",
            "created_at": "2022-03-20T13:01:55.000Z"
        },
        {
            "id": "1505526740902461441",
            "author_id": "1121883294075846658",
            "text": "@EE when will the PS5 be restocked?",
            "created_at": "2022-03-20T12:48:41.000Z"
        },
        {
            "id": "1505525709380493313",
            "author_id": "3201019738",
            "text": "@EE Hey, bit annoyed to wait 30mins to chat to someone only to be given 2 mins to respond then be cut off (see screenshot) 😡 https://t.co/KLC6FFT6sV",
            "created_at": "2022-03-20T12:44:35.000Z"
        }
    ],
    "includes": {
        "users": [
            {
                "location": "Planet Earth",
                "name": "Ranvir 🇺🇦",
                "username": "Techranology",
                "id": "1121883294075846658"
            },
            {
                "location": "United Kingdom",
                "name": "02 Support",
                "username": "02CUSTOMERHELP",
                "id": "1505618349480452102"
            },
            {
                "name": "Kevin Jolliffe",
                "username": "KevinJolliffe",
                "id": "289884513"
            },
            {
                "location": "Sunderland, England",
                "name": "Sophie burlinson",
                "username": "SophieBur492",
                "id": "2905657017"
            },
            {
                "location": "Herrenberg, Deutschland",
                "name": "Zentralrat des Patriarchats",
                "username": "patriarchats",
                "id": "1489251892597198852"
            },
            {
                "location": "manchester",
                "name": "denise",
                "username": "Dee6Denise",
                "id": "1880089308"
            },
            {
                "location": "Northern Ireland, United Kingd",
                "name": "cni",
                "username": "Claire11152715",
                "id": "1051772670184964096"
            },
            {
                "location": "belfast",
                "name": "roondog",
                "username": "1971Niall",
                "id": "1057514964"
            },
            {
                "name": "Keyser Sauzee",
                "username": "62Sauzee",
                "id": "3201019738"
            },
            {
                "name": "Fábio Reschke Ribeiro",
                "username": "reschke_fabio",
                "id": "1404208284635181058"
            },
            {
                "location": "Bicester, England",
                "name": "Paul Atkins💙 #FBPE #johnsonout",
                "username": "pauledgcott",
                "id": "2572944502"
            },
            {
                "name": "Fredrick",
                "username": "RFredrick1949",
                "id": "1474813334742609928"
            },
            {
                "location": "Code: FNBRNico",
                "name": "Nico",
                "username": "FNBRNico",
                "id": "1170393325234507776"
            },
            {
                "name": "Amon",
                "username": "Amon41445235",
                "id": "1293528195476656128"
            },
            {
                "name": "izzy",
                "username": "isobelrosa101",
                "id": "1416193285975068672"
            },
            {
                "location": "Rhondda",
                "name": "clinton roberts pro muscle meats",
                "username": "ClintonMuscle",
                "id": "1003894442829508609"
            },
            {
                "location": "middle england",
                "name": "joseph langton",
                "username": "jnlangton",
                "id": "20050441"
            },
            {
                "location": "barrow-in-furness",
                "name": "Matthew Clayton",
                "username": "clayto2013",
                "id": "1339843836"
            },
            {
                "name": "Dave",
                "username": "Coth_1888",
                "id": "42107526"
            },
            {
                "name": "Tom Furnival",
                "username": "FurnivalMediaYT",
                "id": "1421695754440253450"
            },
            {
                "location": "Essex,England",
                "name": "RB | DRONE | MEDIA",
                "username": "RobBradbrook",
                "id": "796765428"
            },
            {
                "location": "United Kingdom",
                "name": "Michael Armstrong",
                "username": "Michael57690152",
                "id": "1016744626747772931"
            },
            {
                "name": "Chloe Raccoon",
                "username": "ChloeRaccoon",
                "id": "458628994"
            },
            {
                "name": "K",
                "username": "dillydolly86",
                "id": "246263425"
            },
            {
                "name": "Tedds04",
                "username": "Tedds04",
                "id": "1478483146706505729"
            },
            {
                "location": "Skewen, Wales",
                "name": "Gareth Howells",
                "username": "GarethJHowells",
                "id": "121444096"
            },
            {
                "location": "England, United Kingdom",
                "name": "DanHemp",
                "username": "danhemp_f1",
                "id": "1255536356035526669"
            },
            {
                "location": "Bilton Rugby",
                "name": "Jayatch",
                "username": "Jayatch",
                "id": "302478560"
            },
            {
                "name": "Albiee",
                "username": "albiee_t",
                "id": "240455614"
            },
            {
                "location": "Christchurch, England",
                "name": "victoria reader",
                "username": "reader_victoria",
                "id": "1309043772450394113"
            },
            {
                "name": "William Usher",
                "username": "william_usher",
                "id": "114803868"
            },
            {
                "name": "Malden Rosselle",
                "username": "MaldenRosselle",
                "id": "1426830446109806596"
            },
            {
                "name": "John  L Bell",
                "username": "johnlbellblog",
                "id": "616265884"
            },
            {
                "location": "London, England",
                "name": "#ShadeOfLife✨‼️",
                "username": "ManLikeCourage",
                "id": "4820006159"
            },
            {
                "name": "ناظم الصراف",
                "username": "AjgrHVqIxe0v1aX",
                "id": "1397064019123580928"
            },
            {
                "name": "Richard Whelan 💙",
                "username": "riverside_rich",
                "id": "2968552660"
            },
            {
                "location": "Leeds | Hull | UK",
                "name": "Kane Fulton",
                "username": "KaneFulton",
                "id": "138859309"
            },
            {
                "name": "Dan",
                "username": "danbarkes",
                "id": "357443075"
            },
            {
                "name": "GemLou1878",
                "username": "GLou1878",
                "id": "1450474084215709707"
            },
            {
                "location": "Woodford, Stockport",
                "name": "The Davenport Arms",
                "username": "thiefsneck",
                "id": "2328595560"
            },
            {
                "location": "Belfast, Northern Ireland",
                "name": "Chris",
                "username": "chriswb",
                "id": "17804002"
            },
            {
                "location": "Plague Island ",
                "name": "Steven",
                "username": "clough69",
                "id": "15295073"
            },
            {
                "location": "Basingstoke, England",
                "name": "Keith Watson",
                "username": "KeithWa52317386",
                "id": "1479883254400434178"
            },
            {
                "location": "London, England",
                "name": "Lucie B",
                "username": "goodbooksLB",
                "id": "928947142156316674"
            },
            {
                "location": "Birmingham",
                "name": "James ©️ Westwood",
                "username": "JamesCWestwood",
                "id": "373347380"
            },
            {
                "location": "Yes",
                "name": "Michael Rudloff",
                "username": "michael_rudloff",
                "id": "2738849351"
            },
            {
                "location": "England, WORLDWIDE",
                "name": "Adrian",
                "username": "SICKLTD",
                "id": "28810305"
            },
            {
                "location": "Birmingham, England",
                "name": "Harry Norton",
                "username": "HNo1690",
                "id": "1156878333726134273"
            },
            {
                "name": "Harry Reece",
                "username": "HarryReece",
                "id": "58312456"
            },
            {
                "name": "Jamie Nugent",
                "username": "JNUGENT10",
                "id": "409676470"
            },
            {
                "location": "Hove, East Sussex",
                "name": "No 5G on Coombe Lea",
                "username": "stop5Ghove",
                "id": "1374240816827400192"
            },
            {
                "location": "SM4",
                "name": "Robert Dunford",
                "username": "repd1975",
                "id": "281633527"
            },
            {
                "location": "52.806, -2.116",
                "name": "Will Hook",
                "username": "williamtm",
                "id": "4874571"
            },
            {
                "name": "PutinIsAWanker 🇺🇦",
                "username": "PutinWanker",
                "id": "1500175779744862208"
            }
        ],
        "tweets": [
            {
                "id": "1505627961793433603",
                "referenced_tweets": [
                    {
                        "type": "replied_to",
                        "id": "1505627375635206144"
                    }
                ],
                "author_id": "7117212",
                "text": "@Techranology No problem at all, I know the PS5 range continues to be super popular. My other half is hoping for one in September for their birthday. We shall see 😂 -Ashleigh",
                "created_at": "2022-03-20T19:30:53.000Z"
            },
            {
                "id": "1505627193585680390",
                "referenced_tweets": [
                    {
                        "type": "replied_to",
                        "id": "1505626643825676290"
                    }
                ],
                "author_id": "7117212",
                "text": "@Techranology Yeah, sorry about that 🤷‍♀️\nWe do indeed offer both, although at times the stock coming in can be limited to the bundle version. If you went for that one, you can pay it off at anytime so save you waiting either way :) -Ashleigh",
                "created_at": "2022-03-20T19:27:50.000Z"
            },
            {
                "id": "1505625474696990721",
                "referenced_tweets": [
                    {
                        "type": "replied_to",
                        "id": "1505624886374547462"
                    }
                ],
                "author_id": "1121883294075846658",
                "text": "@EEContact @EE Go away fake EE account.",
                "created_at": "2022-03-20T19:21:00.000Z"
            },
            {
                "id": "1505624886374547462",
                "referenced_tweets": [
                    {
                        "type": "replied_to",
                        "id": "1505623778071560195"
                    }
                ],
                "author_id": "1505618349480452102",
                "text": "@Techranology @EE Not at all to you pal :)  -Ashleigh",
                "created_at": "2022-03-20T19:18:40.000Z"
            },
            {
                "id": "1505620618510839811",
                "referenced_tweets": [
                    {
                        "type": "replied_to",
                        "id": "1505614533313896448"
                    }
                ],
                "author_id": "7117212",
                "text": "@KevinJolliffe It is a shame to see you've already moved your phone contract over to Vodafone Kevin, certainly don't ever like to see a long standing customer leave, at the same time I have to be realistic in the sense that until now, we've not know of such an issue you've faced -Ashleigh",
                "created_at": "2022-03-20T19:01:43.000Z"
            },
            {
                "id": "1505623778071560195",
                "referenced_tweets": [
                    {
                        "type": "replied_to",
                        "id": "1505623389721055233"
                    }
                ],
                "author_id": "1121883294075846658",
                "text": "@EE Do you sell the PS5 on its own or only in bundles with games and extra controllers?",
                "created_at": "2022-03-20T19:14:16.000Z"
            },
            {
                "id": "1505624167433048064",
                "referenced_tweets": [
                    {
                        "type": "replied_to",
                        "id": "1505613679173193730"
                    }
                ],
                "author_id": "1505618349480452102",
                "text": "@1971Niall @EE https://t.co/mvnRkQcUPT",
                "created_at": "2022-03-20T19:15:49.000Z"
            },
            {
                "id": "1505613679173193730",
                "referenced_tweets": [
                    {
                        "type": "replied_to",
                        "id": "1504427390738608131"
                    }
                ],
                "author_id": "1057514964",
                "text": "@EE £85 a month day light robbery",
                "created_at": "2022-03-20T18:34:08.000Z"
            },
            {
                "id": "1505623389721055233",
                "referenced_tweets": [
                    {
                        "type": "replied_to",
                        "id": "1505597353176322053"
                    }
                ],
                "author_id": "7117212",
                "text": "@Techranology Smashing, as soon as stock is due in then you will get alerted to this :) -Ashleigh",
                "created_at": "2022-03-20T19:12:43.000Z"
            },
            {
                "id": "1505615073942945800",
                "referenced_tweets": [
                    {
                        "type": "replied_to",
                        "id": "1504427390738608131"
                    }
                ],
                "author_id": "1880089308",
                "text": "@EE 85 quid 😂 fuck off",
                "created_at": "2022-03-20T18:39:41.000Z"
            },
            {
                "id": "1505597912276951040",
                "author_id": "20050441",
                "text": "@EE \nyour adverts state your broadband can handle anything \nthe speed to my property if 75 down load \n@virginmedia \nprovide \n1 gig",
                "created_at": "2022-03-20T17:31:29.000Z"
            },
            {
                "id": "1505601292475027459",
                "referenced_tweets": [
                    {
                        "type": "replied_to",
                        "id": "1505581991445598208"
                    }
                ],
                "author_id": "1003894442829508609",
                "text": "@GarethJHowells @EE They tucked you up there that's for the new iPhone 16 out next year",
                "created_at": "2022-03-20T17:44:55.000Z"
            },
            {
                "id": "1505602150776414212",
                "author_id": "1293528195476656128",
                "text": "do @ee offer visual voicemail on the new galaxy s22 ultra?",
                "created_at": "2022-03-20T17:48:20.000Z"
            },
            {
                "id": "1505587106554466309",
                "author_id": "1393547072654225411",
                "text": "Endlich wurde sie auch auf Bildern eingefangen: Wertorientierte, progressive und feministische Außenpolitik von #Grünen. 👍 https://t.co/VDDeVpDX3N",
                "created_at": "2022-03-20T16:48:33.000Z"
            },
            {
                "id": "1504427390738608131",
                "author_id": "7117212",
                "text": "iPhone 13 Pro with the best Pro camera system ever on iPhone. Now in Alpine Green on the UK’s best 5G network. Plus get Apple Music, Apple TV+ and Apple Arcade included in your plan for 24 months. And save £96 when you trade-in your iPhone. Annual price changes and terms apply",
                "created_at": "2022-03-17T12:00:15.000Z"
            },
            {
                "id": "1505605296366002183",
                "referenced_tweets": [
                    {
                        "type": "replied_to",
                        "id": "1505594962716549128"
                    }
                ],
                "author_id": "7117212",
                "text": "@KevinJolliffe Oh I 100% understand that Kevin, and in all honesty if something isn't working as it should just reach out right away. It is what we're here to help with and potentially avoid such things happening going forward -Ashleigh",
                "created_at": "2022-03-20T18:00:50.000Z"
            },
            {
                "id": "1505572621383081985",
                "referenced_tweets": [
                    {
                        "type": "replied_to",
                        "id": "1505571022069719040"
                    }
                ],
                "author_id": "7117212",
                "text": "@62Sauzee Smashing, thanks for clarifying :) If you have the My EE app, can you login, then select the Menu &gt; Upgrade &gt; Contact Us and select 'Messaging' this will connected to the upgrades team directly. -Ashleigh",
                "created_at": "2022-03-20T15:50:59.000Z"
            },
            {
                "id": "1505607830887440387",
                "referenced_tweets": [
                    {
                        "type": "replied_to",
                        "id": "1505507258427482116"
                    }
                ],
                "author_id": "1404208284635181058",
                "text": "@BBCNews Disgusting gay rapists and pedophiles, fugitives with the help of corrupt authorities who stopped representing, against the denounced animals, decide to stay in Chapecó SC, criminals are screaming near the place where i live 03/20/2022 @INTERPOL_Cyber @FBI https://t.co/G8ohFdM62X",
                "created_at": "2022-03-20T18:10:54.000Z"
            },
            {
                "id": "1488246872586268678",
                "author_id": "7117212",
                "text": "Who would put their neck on the line to prove the power of a network? Brave and beautiful Tom Ellis, of course! Featuring a London Barber and Robot Arm. You just can’t make this up.",
                "created_at": "2022-01-31T20:24:39.000Z"
            },
            {
                "id": "1505580355134590978",
                "referenced_tweets": [
                    {
                        "type": "replied_to",
                        "id": "1505536410308288523"
                    }
                ],
                "author_id": "7117212",
                "text": "@FNBRNico Afternoon Nico, I'm sorry to hear that you're having an issue with your broadband speed at the moment. I'd love to support you with this. If you give our dedicated Broadband technical team a call on 0800 079 8586 they will look into this for you and help to resolve it. -Neil",
                "created_at": "2022-03-20T16:21:43.000Z"
            },
            {
                "id": "1496793421247389697",
                "author_id": "7117212",
                "text": "Hey Leeds, choose the network that’s fastest in your city",
                "created_at": "2022-02-24T10:25:35.000Z"
            },
            {
                "id": "1505581991445598208",
                "author_id": "121444096",
                "text": "Cheers @EE 👍🏻 sold@me a fast charging kit when I bought the new iPhone 12  cost £29 as was told needed it for the new iPhone. Just gone to use it and it doesn’t fit the new iPhone! 😤 waste of money https://t.co/QpEzmSGkn9",
                "created_at": "2022-03-20T16:28:13.000Z"
            },
            {
                "id": "1505551902511177731",
                "referenced_tweets": [
                    {
                        "type": "replied_to",
                        "id": "1505526740902461441"
                    }
                ],
                "author_id": "7117212",
                "text": "@Techranology Hey Ranvir, not update to give at the moment, have you got yourself signed up for stock alerts? If you head over to: https://t.co/jqMBpquC8Y select the PS5 version you're after, then register your interest :) -Ashleigh",
                "created_at": "2022-03-20T14:28:40.000Z"
            },
            {
                "id": "1505543227117559808",
                "referenced_tweets": [
                    {
                        "type": "replied_to",
                        "id": "1505504068508209158"
                    }
                ],
                "author_id": "2738849351",
                "text": "@EE @RobBradbrook The fact that no one could have predicted a CPI of over 5% doesn’t mean you couldn’t work on customer retention. Common sense should kick in that some raises are just bonkers and clearly made ‘because you can’. My plan INCREASES by an amount that other providers charge per year.",
                "created_at": "2022-03-20T13:54:11.000Z"
            },
            {
                "id": "1505594697376579585",
                "referenced_tweets": [
                    {
                        "type": "replied_to",
                        "id": "1505593803549384709"
                    }
                ],
                "author_id": "7117212",
                "text": "@KevinJolliffe I can imagine it will have been Kevin, was this something our technical team had a change to take a look into during the contract term? -Ashleigh",
                "created_at": "2022-03-20T17:18:43.000Z"
            },
            {
                "id": "1505590704059424768",
                "referenced_tweets": [
                    {
                        "type": "replied_to",
                        "id": "1505589644968316931"
                    }
                ],
                "author_id": "246263425",
                "text": "@Michael57690152 @EE The same one as you s22 white 128gb! There's been no communication unless I've asked either! Got told 21 days but today is day 21 and no change! Beginning to wonder why I'm leaving my current provider for them!",
                "created_at": "2022-03-20T17:02:51.000Z"
            },
            {
                "id": "1505593579904901124",
                "referenced_tweets": [
                    {
                        "type": "replied_to",
                        "id": "1505593100420456453"
                    }
                ],
                "author_id": "7117212",
                "text": "@KevinJolliffe Ah that makes perfect sense Kevin, the watch is great to have just attached to Bluetooth also :) It would need to be a call to the cancellation team, as our live chat agents can't submit the cancellation request I'm afraid. -Ashleigh",
                "created_at": "2022-03-20T17:14:16.000Z"
            },
            {
                "id": "1505592197881683971",
                "referenced_tweets": [
                    {
                        "type": "replied_to",
                        "id": "1505560106125176851"
                    }
                ],
                "author_id": "7117212",
                "text": "@KevinJolliffe Afternoon Kevin, I do hope you're keeping well. Its disappointing to see you're leaving the EE network, has anything happened to make you want to move away? Also, with the cancellation side, are you taking your number with you? -Ashleigh",
                "created_at": "2022-03-20T17:08:47.000Z"
            },
            {
                "id": "1505589644968316931",
                "referenced_tweets": [
                    {
                        "type": "replied_to",
                        "id": "1505587077303390219"
                    }
                ],
                "author_id": "1016744626747772931",
                "text": "@dillydolly86 @EE Blimey really? What phone did you order? And they keep telling me first come first serve and they are getting through there back orders, but I know people that only ordered a week ago and they have already got there’s",
                "created_at": "2022-03-20T16:58:38.000Z"
            },
            {
                "id": "1505587077303390219",
                "referenced_tweets": [
                    {
                        "type": "replied_to",
                        "id": "1505474214240964611"
                    }
                ],
                "author_id": "246263425",
                "text": "@Michael57690152 @EE Still waiting for mine from Feb 28th also 😩😩",
                "created_at": "2022-03-20T16:48:26.000Z"
            },
            {
                "id": "1505584089474252800",
                "referenced_tweets": [
                    {
                        "type": "replied_to",
                        "id": "1505581991445598208"
                    }
                ],
                "author_id": "240455614",
                "text": "@GarethJHowells @EE That’s a USB C you got there mate 😭",
                "created_at": "2022-03-20T16:36:33.000Z"
            },
            {
                "id": "1505474214240964611",
                "referenced_tweets": [
                    {
                        "type": "replied_to",
                        "id": "1505473597195833344"
                    }
                ],
                "author_id": "1016744626747772931",
                "text": "@EE I’m going to keep on and on until I get an answer from you, because this is not good enough, and I will be seeking legal advice and going to trading standards! As you are false advertising!",
                "created_at": "2022-03-20T09:19:57.000Z"
            },
            {
                "id": "1505454095230025728",
                "author_id": "7117212",
                "text": "Good morning this Sunday funday. The team are here until 8pm, happy and ready for today! Give us a shout if you need our help.",
                "created_at": "2022-03-20T08:00:00.000Z"
            },
            {
                "id": "1505584930595782668",
                "referenced_tweets": [
                    {
                        "type": "replied_to",
                        "id": "1505584766854307842"
                    }
                ],
                "author_id": "302478560",
                "text": "@danhemp_f1 @EE Nothing much😂😂😂",
                "created_at": "2022-03-20T16:39:54.000Z"
            },
            {
                "id": "1505584766854307842",
                "author_id": "1255536356035526669",
                "text": "Internets gone in the closing stages of #formula1 @EE Whats happening?",
                "created_at": "2022-03-20T16:39:15.000Z"
            },
            {
                "id": "1505201761979613186",
                "author_id": "90918950",
                "text": "Outrageous behaviour by @EE Charging daughter for two phone lines, having sold her new iPhone 13 with fake promise of early cancellation of number she doesn’t need. V upset. Fleecing customers.",
                "created_at": "2022-03-19T15:17:20.000Z"
            },
            {
                "id": "1503868648514994176",
                "author_id": "7117212",
                "text": "The team are heading home for a good rest. \n\nDon’t worry, they’ll be back at 7am and, if you need help before then, look no further than the EE Community https://t.co/xPpAYBsI4s",
                "created_at": "2022-03-15T23:00:00.000Z"
            },
            {
                "id": "1504085583081136132",
                "author_id": "7117212",
                "text": "iPhone 13 Pro. Now in Alpine Green.\n\nWith the biggest Pro camera system upgrade ever and Super Retina XDR display with ProMotion for a faster, more responsive feel.\n\nPreorder now on the UK's best network: https://t.co/iyIYjfmwJ7 https://t.co/OvFJd1KZS0",
                "created_at": "2022-03-16T13:22:02.000Z"
            },
            {
                "id": "1504351829823352836",
                "author_id": "7117212",
                "text": "Rise and shine it’s tweeting time ☺ We’re here until 11pm to help.",
                "created_at": "2022-03-17T07:00:00.000Z"
            },
            {
                "id": "1504593422363070468",
                "author_id": "7117212",
                "text": "We're finished for the night. You’ve all been lovely! We'll see you 7am tomorrow. Need to change your personal details? Try My EE, which is available 24/7 https://t.co/7R4BhxY4OB",
                "created_at": "2022-03-17T23:00:00.000Z"
            },
            {
                "id": "1504785137476775982",
                "referenced_tweets": [
                    {
                        "type": "replied_to",
                        "id": "1504785132145815573"
                    }
                ],
                "author_id": "7117212",
                "text": "BSL users can also contact us using a sign language interpreter through the Interpreters Live! service, available from 8am to midnight, 7 days a week. If an interpreter is not immediately available, you can hold or retry later.\n\nFind out more here: https://t.co/Sf62O88Q25",
                "created_at": "2022-03-18T11:41:48.000Z"
            },
            {
                "id": "1504785132145815573",
                "referenced_tweets": [
                    {
                        "type": "replied_to",
                        "id": "1504785066815279120"
                    }
                ],
                "author_id": "7117212",
                "text": "And we’ve partnered with Samsung to help customers with hearing impairments get the most out of EE and the new Samsung S22 range, too.\n\nWhen our in-store QR code is scanned, it links to videos about the new Samsung series with sign language interpreter Simon, and closed captions. https://t.co/xggCSlaJJV",
                "created_at": "2022-03-18T11:41:47.000Z"
            },
            {
                "id": "1504785066815279120",
                "author_id": "7117212",
                "text": "It might be the end of #SignLanguageWeek, but we're partnering with @SamsungUK to bring British Sign Language into our stores to make customers with hearing loss feel at ease.\n\nWe're encouraging our retail teams to learn some BSL basics with a series of videos like this one. https://t.co/WJpM8atBNC",
                "created_at": "2022-03-18T11:41:32.000Z"
            },
            {
                "id": "1504877674828910595",
                "author_id": "7117212",
                "text": "The new iPhone SE with 5G. Buy now on the UK's best 5G network, and enjoy Apple Music, Apple TV+, Apple Arcade and Apple News+ free for 6 months. Plus, save £96 when you trade in your iPhone.\n\nFind out more and order at: https://t.co/hTMy5EO392 https://t.co/MOXggvlJbt",
                "created_at": "2022-03-18T17:49:31.000Z"
            },
            {
                "id": "1504955815073132545",
                "author_id": "7117212",
                "text": "Good night, folks. Our team will be back at 8am tomorrow morning. You can access your account 24 hours a day at https://t.co/7R4BhxY4OB",
                "created_at": "2022-03-18T23:00:01.000Z"
            },
            {
                "id": "1505091708723372032",
                "author_id": "7117212",
                "text": "It’s the weekend! We hope that you have a great one. If you need us, we’re here from 8am to 8pm.",
                "created_at": "2022-03-19T08:00:01.000Z"
            },
            {
                "id": "1505272900558856192",
                "author_id": "7117212",
                "text": "We're finished for the day. Have a canny neet. We'll be back at 8am. Try My EE through the night, where you can manage all of your EE devices in one placehttps://ee.co.uk/ee-and-me",
                "created_at": "2022-03-19T20:00:00.000Z"
            },
            {
                "id": "1504443063250440196",
                "author_id": "7117212",
                "text": "EE x @BEATPORT present PARALLEL 5G. Watch the live stream tonight from 7pm at Millennium Square, Leeds or here!\n\n@Rudimental @ariellefree @itsjuniorsimba &amp; Manami https://t.co/BcEobb44nT",
                "created_at": "2022-03-17T13:02:32.000Z"
            },
            {
                "id": "1505545745256091648",
                "referenced_tweets": [
                    {
                        "type": "replied_to",
                        "id": "1505542845561810944"
                    }
                ],
                "author_id": "7117212",
                "text": "@62Sauzee What department have you been trying to chat with? -Ashleigh",
                "created_at": "2022-03-20T14:04:12.000Z"
            },
            {
                "id": "1505559492250976264",
                "author_id": "121813785",
                "text": "Wait… is 5G actually real now… !?!? https://t.co/I9N5jxhbzx",
                "created_at": "2022-03-20T14:58:49.000Z"
            },
            {
                "id": "1505550411733913601",
                "referenced_tweets": [
                    {
                        "type": "replied_to",
                        "id": "1505547474005630980"
                    }
                ],
                "author_id": "7117212",
                "text": "@GLou1878 Hi GemLou. That isn't great at all and no wonder you're so frustrated having received the bill reminder. Is this something our broadband technical team are aware of and have an open case on the connection issue? -Ashleigh",
                "created_at": "2022-03-20T14:22:44.000Z"
            },
            {
                "id": "1505549338323435522",
                "referenced_tweets": [
                    {
                        "type": "replied_to",
                        "id": "1505547993306517505"
                    }
                ],
                "author_id": "7117212",
                "text": "@danbarkes Hey Dan, hope you're well😊\n\nI've just replied to your DM. -Helen",
                "created_at": "2022-03-20T14:18:28.000Z"
            },
            {
                "id": "1505533831608258561",
                "author_id": "4874571",
                "text": "So…had 5G from @EE for a couple of months. Speeds are all over the place, it’s not very consistent. Latency is good though. And it’s still yet to beat the 533Mbit I got on 4G/LTE. 😆 https://t.co/ipHcs6d6k4",
                "created_at": "2022-03-20T13:16:51.000Z"
            },
            {
                "id": "1505547474005630980",
                "author_id": "1450474084215709707",
                "text": "Absolute cheek of @EE emailing me for money while we're all sat here using our phone data an cant watch telly because it wont connect. What am I actually payin for ffs 🤬 awaits the standard tweet asking for details so you can help, for the millionth time yet here we still are 🙄 https://t.co/ohmAdfwyZM",
                "created_at": "2022-03-20T14:11:04.000Z"
            },
            {
                "id": "1505504068508209158",
                "referenced_tweets": [
                    {
                        "type": "replied_to",
                        "id": "1505457819654496258"
                    }
                ],
                "author_id": "7117212",
                "text": "@RobBradbrook We remain committed to supporting customers on low-incomes or facing financial hardship. We encourage any customer having difficulty paying their bill to contact us.3/3 -Jason W",
                "created_at": "2022-03-20T11:18:35.000Z"
            },
            {
                "id": "1505542721796284416",
                "referenced_tweets": [
                    {
                        "type": "replied_to",
                        "id": "1505525709380493313"
                    }
                ],
                "author_id": "7117212",
                "text": "@62Sauzee I am so sorry that has happened, Keyser. Did you manage to get reconnected to the live chat team? -Ashleigh",
                "created_at": "2022-03-20T13:52:11.000Z"
            },
            {
                "id": "1505537152528093194",
                "referenced_tweets": [
                    {
                        "type": "replied_to",
                        "id": "1505536794288398338"
                    }
                ],
                "author_id": "409676470",
                "text": "@HarryReece @RyanConlon_1 @jackhenryx @GrWashbourne @charlienoakes8 @ConorWright8 @EE 5G currently not working in water orton can we send an engineer please",
                "created_at": "2022-03-20T13:30:03.000Z"
            },
            {
                "id": "1505536794288398338",
                "referenced_tweets": [
                    {
                        "type": "replied_to",
                        "id": "1505535974289424390"
                    }
                ],
                "author_id": "58312456",
                "text": "@JNUGENT10 @RyanConlon_1 @jackhenryx @GrWashbourne @charlienoakes8 @ConorWright8 What happened 🤐😂",
                "created_at": "2022-03-20T13:28:37.000Z"
            },
            {
                "id": "1505533194665443338",
                "referenced_tweets": [
                    {
                        "type": "replied_to",
                        "id": "1505523247953154051"
                    }
                ],
                "author_id": "7117212",
                "text": "@repd1975 Thanks. If you could pop me over a DM with your details I'll check it out for you. -CS https://t.co/m14c5xhQi0",
                "created_at": "2022-03-20T13:14:19.000Z"
            }
        ]
    },
    "meta": {
        "oldest_id": "1505525709380493313",
        "newest_id": "1505629120075603974",
        "previous_token": "77qpymm88g5h9vqklurc09nttf2bp95jx5e9uqm205p9w",
        "result_count": 100,
        "next_token": "7140dibdnow9c7btw420ju569ypaf03yf6czuue62xb8z"
    }
}