{
    "data": [
        {
            "text": "Had forgotten how irritating and useless @bt_uk can be …on hold for 14 minutes so far.",
            "created_at": "2022-03-15T16:20:04.000Z",
            "id": "1503768001484578817",
            "author_id": "19438405"
        },
        {
            "text": "@bt_uk Are there problems in parts of TR20 or not? Yes or no?",
            "created_at": "2022-03-15T16:18:57.000Z",
            "id": "1503767717316378630",
            "author_id": "1301491143792832513",
            "referenced_tweets": [
                {
                    "type": "replied_to",
                    "id": "1503765960230068224"
                }
            ]
        },
        {
            "text": "@crowbar1888 @bt_uk @OpenreachHelp Lol I’d kill for that speed - best we can do is 3mbps - when @openreach actually decide to put our line back up - 7 days and counting …….",
            "created_at": "2022-03-15T16:11:56.000Z",
            "id": "1503765953246552065",
            "author_id": "2645120448",
            "referenced_tweets": [
                {
                    "type": "replied_to",
                    "id": "1503739954513518603"
                }
            ]
        },
        {
            "text": "What if you could provide immediate help to kids fleeing their homes in Ukraine?\n\nTelcos can. @bt_uk, @EE, @O2, @VodafoneUK, @Verizon, @TelekomSK, @TMobilePolska, @vodafonebuzz, + more can act as soon as today and #FreeTheData for Ukrainian children. https://t.co/P07JLzyQMd",
            "created_at": "2022-03-15T16:05:17.000Z",
            "id": "1503764279488614403",
            "author_id": "14700316"
        },
        {
            "text": "@TomChap @bt_uk Been using Trackmypack for tracking my packages, been great so far: https://t.co/zGUOCX5e93",
            "created_at": "2022-03-15T16:05:01.000Z",
            "id": "1503764210471292928",
            "author_id": "1501916846605451265",
            "referenced_tweets": [
                {
                    "type": "replied_to",
                    "id": "1503764164317265921"
                }
            ]
        },
        {
            "text": "1/3\nLets just sum up my @bt_uk @WeAreOpenreach @OpenreachHelp experience so far:\n\nLong wait for installation\n\nInstallation then delayed another 10 days\n\nInstalled for 3 days then network goes down\n\n3 day wait for an engineer\n\nNo engineer turns up\n\nRebooked engineer......",
            "created_at": "2022-03-15T16:04:55.000Z",
            "id": "1503764186723196928",
            "author_id": "1434858623704969218"
        },
        {
            "text": "@bt_uk Hi, we are in the process of switching from talktalk to you(BT). Part of the process/package is moving to DigitalVoice. Will we keep the same landline number? When placing the order it seemed to suggest we would.",
            "created_at": "2022-03-15T16:04:50.000Z",
            "id": "1503764164317265921",
            "author_id": "18924867"
        },
        {
            "text": "@bt_uk So if it's a device issue then why is it only affecting my BT logins?",
            "created_at": "2022-03-15T16:00:17.000Z",
            "id": "1503763019280658436",
            "author_id": "488493150",
            "referenced_tweets": [
                {
                    "type": "replied_to",
                    "id": "1503759838022615047"
                }
            ]
        },
        {
            "text": "oi @bt_uk: go pay one of your devs to implement RPKI: https://t.co/2TAcCDgj1S",
            "created_at": "2022-03-15T15:55:09.000Z",
            "id": "1503761727871139845",
            "author_id": "1213916761520660482"
        },
        {
            "text": "@bt_uk hi my home  phone has a dial tone but NO ONE can ring in. But we can ring out? It was working as of yesterday",
            "created_at": "2022-03-15T15:51:54.000Z",
            "id": "1503760912582389765",
            "author_id": "21478539"
        },
        {
            "text": "@bt_uk I've already checked my landline via your link. Now saying 14:58 tomorrow!! I've already given you the general postcode. Is there a problem in the area or not?",
            "created_at": "2022-03-15T15:49:28.000Z",
            "id": "1503760299949703171",
            "author_id": "1301491143792832513",
            "referenced_tweets": [
                {
                    "type": "replied_to",
                    "id": "1503752975898103808"
                }
            ]
        },
        {
            "text": "@bt_uk struggling to find your “award winning customer service” so far only experienced broken promises, false statements and lack of progress, we are now 15 days without service and with no end in sight….",
            "created_at": "2022-03-15T15:44:31.000Z",
            "id": "1503759052131688449",
            "author_id": "19784257"
        },
        {
            "text": "@bt_uk Just tried Edge and Firefox, Username or Password incorrect.",
            "created_at": "2022-03-15T15:42:53.000Z",
            "id": "1503758641647820800",
            "author_id": "488493150",
            "referenced_tweets": [
                {
                    "type": "replied_to",
                    "id": "1503748829019004929"
                }
            ]
        },
        {
            "text": "@bt_uk Done",
            "created_at": "2022-03-15T15:39:01.000Z",
            "id": "1503757669198446606",
            "author_id": "53766130",
            "referenced_tweets": [
                {
                    "type": "replied_to",
                    "id": "1503754314422046725"
                }
            ]
        },
        {
            "text": "@bt_uk can we opt out of receiving a phone book? Does anyone still use them? Seems a waste of resources for something that goes straight in the recycling bin! 🗑🚮 https://t.co/F6PPMQmLlX",
            "created_at": "2022-03-15T15:29:57.000Z",
            "id": "1503755387941568520",
            "author_id": "997068306166169601"
        },
        {
            "text": "@bt_uk Please DM me and i'll do that. Thanks Trevor.",
            "created_at": "2022-03-15T15:17:17.000Z",
            "id": "1503752198567698435",
            "author_id": "1493986681858498560",
            "referenced_tweets": [
                {
                    "type": "replied_to",
                    "id": "1503713003690246150"
                }
            ]
        },
        {
            "text": "@bt_uk can someone please confirm that my bt sim has been cancelled!",
            "created_at": "2022-03-15T15:16:47.000Z",
            "id": "1503752072096796676",
            "author_id": "53766130"
        },
        {
            "text": "@crowbar1888 @bt_uk @OpenreachHelp Bad times dude",
            "created_at": "2022-03-15T15:13:47.000Z",
            "id": "1503751321110953994",
            "author_id": "990156759514968070",
            "referenced_tweets": [
                {
                    "type": "replied_to",
                    "id": "1503739954513518603"
                }
            ]
        },
        {
            "text": "@bt_uk Why is HD extra? All sport is acquired in HD at minimum, you have to intentionally downgrade it to SD in order to charge extra for it.",
            "created_at": "2022-03-15T15:13:08.000Z",
            "id": "1503751155171700741",
            "author_id": "83837868",
            "referenced_tweets": [
                {
                    "type": "replied_to",
                    "id": "1503749855918841856"
                }
            ]
        },
        {
            "text": "@bt_uk No.",
            "created_at": "2022-03-15T15:03:53.000Z",
            "id": "1503748829019004929",
            "author_id": "488493150",
            "referenced_tweets": [
                {
                    "type": "replied_to",
                    "id": "1503745625384443916"
                }
            ]
        },
        {
            "text": "@bt_uk what exactly is the issue in TR20? Service out until midnight tomorrow? Seriously?",
            "created_at": "2022-03-15T14:56:57.000Z",
            "id": "1503747080954785797",
            "author_id": "1301491143792832513"
        },
        {
            "text": "@bt_uk No was just not coming up for 30 mins - seemed to have rectified now - a glitch in the system! Thanks Laura",
            "created_at": "2022-03-15T14:56:46.000Z",
            "id": "1503747036339965962",
            "author_id": "29091543",
            "referenced_tweets": [
                {
                    "type": "replied_to",
                    "id": "1503740565564928008"
                }
            ]
        },
        {
            "text": "Going cloud-native lets us take the network to places it couldn't go before. @bt_uk's @neilmcrae spoke on how our partnership is taking advantage of this potential. #builtforwonderful",
            "created_at": "2022-03-15T14:55:00.000Z",
            "id": "1503746593564114950",
            "author_id": "3573890533"
        },
        {
            "text": "@bt_uk I’m asking why you charge extra for HD?",
            "created_at": "2022-03-15T14:53:30.000Z",
            "id": "1503746213442732032",
            "author_id": "83837868",
            "referenced_tweets": [
                {
                    "type": "replied_to",
                    "id": "1503741799147491335"
                }
            ]
        },
        {
            "text": "@bt_uk @OpenreachHelp The amount of your staff wandering around Birmingham city centre with their lanyards and security passes just hanging round their neck is… a lot. So easy to grab one and get inside your buildings.",
            "created_at": "2022-03-15T14:52:58.000Z",
            "id": "1503746079006892046",
            "author_id": "1491726744440745985"
        },
        {
            "text": "@bt_uk Yes, desktop PC, android phones. Just tried again, the phones have logged in. Still no luck with PC.",
            "created_at": "2022-03-15T14:51:09.000Z",
            "id": "1503745625384443916",
            "author_id": "488493150",
            "referenced_tweets": [
                {
                    "type": "replied_to",
                    "id": "1503722139387580436"
                }
            ]
        },
        {
            "text": "@bt_uk @OpenreachHelp please, I'm begging, is there nothing that can be done to get FTTP. It's 2022, 5k 5k fibre exists and I have this. Come on 😔 https://t.co/Dwuiu5xmU3",
            "created_at": "2022-03-15T14:28:37.000Z",
            "id": "1503739954513518603",
            "author_id": "1451046138"
        },
        {
            "text": "@bt_uk Hi guys all sorted for now :) engineer came first thing this morning",
            "created_at": "2022-03-15T14:22:00.000Z",
            "id": "1503738289039323136",
            "author_id": "254660936",
            "referenced_tweets": [
                {
                    "type": "replied_to",
                    "id": "1503648824698585089"
                }
            ]
        },
        {
            "text": "@bt_uk Hi, I've DM'd you. Could you please reply. My WiFi has been down for hours! 😪",
            "created_at": "2022-03-15T14:21:47.000Z",
            "id": "1503738234127454209",
            "author_id": "909715107487371265",
            "referenced_tweets": [
                {
                    "type": "replied_to",
                    "id": "1503717651746418691"
                }
            ]
        },
        {
            "text": "@bt_uk Thanks Laura - let’s see where you get …",
            "created_at": "2022-03-15T14:16:43.000Z",
            "id": "1503736959113572353",
            "author_id": "28161835",
            "referenced_tweets": [
                {
                    "type": "replied_to",
                    "id": "1503731946958069761"
                }
            ]
        },
        {
            "text": "@bt_uk I can send me account number as a pm, if it's not simple on the portal to see this. If that is the best way to get this?  Thanks Martyn",
            "created_at": "2022-03-15T14:06:39.000Z",
            "id": "1503734422885081091",
            "author_id": "444904252",
            "referenced_tweets": [
                {
                    "type": "replied_to",
                    "id": "1503733527321403393"
                }
            ]
        },
        {
            "text": "@bt_uk Hi, I have a myBt account, and I see when the contract ends, what I cannot see is what the early exit fees would be.",
            "created_at": "2022-03-15T14:05:00.000Z",
            "id": "1503734007690895369",
            "author_id": "444904252",
            "referenced_tweets": [
                {
                    "type": "replied_to",
                    "id": "1503733527321403393"
                }
            ]
        },
        {
            "text": "@bt_uk Hi my BT email isn't working - is it down everywhere? The https://t.co/v6WAFaqGT5 homepage is, just not the email. Please let me know asap - many thanks",
            "created_at": "2022-03-15T14:03:26.000Z",
            "id": "1503733616236453891",
            "author_id": "29091543",
            "referenced_tweets": [
                {
                    "type": "replied_to",
                    "id": "1503717651746418691"
                }
            ]
        },
        {
            "text": "@bt_uk Why do you charge extra for HD sports? You literally have to downgrade the signal to supply it in SD.",
            "created_at": "2022-03-15T14:00:51.000Z",
            "id": "1503732966870159365",
            "author_id": "83837868",
            "referenced_tweets": [
                {
                    "type": "replied_to",
                    "id": "1503717651746418691"
                }
            ]
        },
        {
            "text": "@bt_uk Yes I have been checking, unfortunately the fix date keeps getting pushed back.",
            "created_at": "2022-03-15T14:00:24.000Z",
            "id": "1503732849584840707",
            "author_id": "1244653450656460802",
            "referenced_tweets": [
                {
                    "type": "replied_to",
                    "id": "1503428285274931201"
                }
            ]
        },
        {
            "text": "@bt_uk Hi Trevor, Where in the mybt account should I be looking? Thanks",
            "created_at": "2022-03-15T13:56:45.000Z",
            "id": "1503731931917262848",
            "author_id": "444904252",
            "referenced_tweets": [
                {
                    "type": "replied_to",
                    "id": "1503731048177405954"
                }
            ]
        },
        {
            "text": "@bt_uk can I get somebody to check my bb connection please, seems to be dropping out",
            "created_at": "2022-03-15T13:40:29.000Z",
            "id": "1503727838981246984",
            "author_id": "1468214542991831047"
        },
        {
            "text": "@bt_uk Should hope so after the absolute sh*tshow so far today …",
            "created_at": "2022-03-15T13:33:51.000Z",
            "id": "1503726169417465863",
            "author_id": "28161835",
            "referenced_tweets": [
                {
                    "type": "replied_to",
                    "id": "1503717651746418691"
                }
            ]
        },
        {
            "text": "@disruptivedean @UK_SPF @Ofcom @BAIComms @bt_uk @LouLancaster @DCMS Well at least MVNO is mentioned in Ofcom's discussion paper so we can add it under that - despite some of them will have its own (other) network/spectrum",
            "created_at": "2022-03-15T13:26:16.000Z",
            "id": "1503724260313174020",
            "author_id": "15497575",
            "referenced_tweets": [
                {
                    "type": "replied_to",
                    "id": "1503720633527685122"
                }
            ]
        },
        {
            "text": "@bt_uk Still no internet since Sunday 😡",
            "created_at": "2022-03-15T13:24:49.000Z",
            "id": "1503723896461312002",
            "author_id": "1244653450656460802",
            "referenced_tweets": [
                {
                    "type": "replied_to",
                    "id": "1503717651746418691"
                }
            ]
        },
        {
            "text": "@bt_uk How can I find out what if anything would be the charge for leaving BT?",
            "created_at": "2022-03-15T13:18:14.000Z",
            "id": "1503722240197681163",
            "author_id": "444904252"
        },
        {
            "text": "@Yozzo @UK_SPF @Ofcom @BAIComms @bt_uk @LouLancaster @DCMS Yeah sure, if it was a full-day event then there's usually speakers from other stakeholders like satellite, broadcast, military, utilities, space-observation, WiFi &amp; 100 others\n\nBut this is a 90-min webinar about network densification, future demand patterns &amp; new mid/high bands",
            "created_at": "2022-03-15T13:11:51.000Z",
            "id": "1503720633527685122",
            "author_id": "145165897",
            "referenced_tweets": [
                {
                    "type": "replied_to",
                    "id": "1503719953891229696"
                }
            ]
        },
        {
            "text": "@disruptivedean @UK_SPF @Ofcom @BAIComms @bt_uk @LouLancaster @DCMS Offload would be the keyword. Also broadcasting is indeed interesting regarding on data-heavy private networks (event, stadiums, regional/local broadcasting)",
            "created_at": "2022-03-15T13:09:09.000Z",
            "id": "1503719953891229696",
            "author_id": "15497575",
            "referenced_tweets": [
                {
                    "type": "replied_to",
                    "id": "1503718706530107398"
                }
            ]
        }
    ],
    "includes": {
        "users": [
            {
                "name": "CATRIN M S DAVIES",
                "location": "Cymru ",
                "id": "19438405",
                "username": "catrinms"
            },
            {
                "name": "A storm is threatening 🌸 🩸",
                "location": "UK",
                "id": "1301491143792832513",
                "username": "gimme_shelter20"
            },
            {
                "name": "Christina Hood",
                "location": "South West, England",
                "id": "2645120448",
                "username": "Hoodibo1"
            },
            {
                "name": "Human Rights Watch",
                "id": "14700316",
                "username": "hrw"
            },
            {
                "name": "Maria Silva",
                "id": "1501916846605451265",
                "username": "MariaSi19290494"
            },
            {
                "name": "Twisted Visions Media",
                "id": "1434858623704969218",
                "username": "MrTwistedVision"
            },
            {
                "name": "Tom Chapman 💙🇪🇺🇺🇦💛",
                "location": "Bath, UK",
                "id": "18924867",
                "username": "TomChap"
            },
            {
                "name": "David Ellson",
                "id": "488493150",
                "username": "antellim"
            },
            {
                "name": "olli 🇺🇦",
                "id": "1213916761520660482",
                "username": "knokbak"
            },
            {
                "name": "Peter Harrison",
                "location": "Ellesmere Port",
                "id": "21478539",
                "username": "PeteHarrison90"
            },
            {
                "name": "Sarenka and Ed 💙",
                "location": "Woodbridge, England",
                "id": "19784257",
                "username": "Hill_House"
            },
            {
                "name": "Caroline",
                "location": "London",
                "id": "53766130",
                "username": "CEnglish_"
            },
            {
                "name": "Tooting Paradiso",
                "location": "Wandsworth, London",
                "id": "997068306166169601",
                "username": "MandrakeRdChaos"
            },
            {
                "name": "Tiggy Hambleton",
                "location": "Wales",
                "id": "1493986681858498560",
                "username": "GayleRighton"
            },
            {
                "name": "Dan Sanders",
                "location": "South West, England",
                "id": "990156759514968070",
                "username": "DanSand25573594"
            },
            {
                "name": "DAVID",
                "location": "EUROPE ",
                "id": "83837868",
                "username": "DIG60"
            },
            {
                "name": "Sally J Freeman",
                "location": "London",
                "id": "29091543",
                "username": "Lovelivemusicuk"
            },
            {
                "name": "Intel 5G Networks",
                "id": "3573890533",
                "username": "Intel5GNetworks"
            },
            {
                "name": "🔆🏖",
                "location": "Birmingham, England",
                "id": "1491726744440745985",
                "username": "bitterbrummie"
            },
            {
                "name": "dale",
                "id": "1451046138",
                "username": "crowbar1888"
            },
            {
                "name": "Sheikh Haidar",
                "id": "254660936",
                "username": "sheikh_haidar"
            },
            {
                "name": "♥🌹Sophie🌹♥",
                "location": "United Kingdom",
                "id": "909715107487371265",
                "username": "Sophie_TheSloth"
            },
            {
                "name": "Claire Cat",
                "location": "Cambridge, England",
                "id": "28161835",
                "username": "ClaireCatterz"
            },
            {
                "name": "The Swarm",
                "id": "444904252",
                "username": "feartheswarm86"
            },
            {
                "name": "Benita Branch",
                "id": "1244653450656460802",
                "username": "beni_branch"
            },
            {
                "name": "paul m",
                "id": "1468214542991831047",
                "username": "paulmall21"
            },
            {
                "name": "YOZZO",
                "location": "Bangkok",
                "id": "15497575",
                "username": "Yozzo"
            },
            {
                "name": "Dean Bubley",
                "location": "London, UK",
                "id": "145165897",
                "username": "disruptivedean"
            }
        ],
        "tweets": [
            {
                "text": "@gimme_shelter20 Hi if you can DM your full postcode on this link and I will check this for you ^Sharon https://t.co/hBbj6tVEyH",
                "created_at": "2022-03-15T16:11:58.000Z",
                "id": "1503765960230068224",
                "author_id": "118750085",
                "referenced_tweets": [
                    {
                        "type": "replied_to",
                        "id": "1503760299949703171"
                    }
                ]
            },
            {
                "text": "@bt_uk @OpenreachHelp please, I'm begging, is there nothing that can be done to get FTTP. It's 2022, 5k 5k fibre exists and I have this. Come on 😔 https://t.co/Dwuiu5xmU3",
                "created_at": "2022-03-15T14:28:37.000Z",
                "id": "1503739954513518603",
                "author_id": "1451046138"
            },
            {
                "text": "@bt_uk Hi, we are in the process of switching from talktalk to you(BT). Part of the process/package is moving to DigitalVoice. Will we keep the same landline number? When placing the order it seemed to suggest we would.",
                "created_at": "2022-03-15T16:04:50.000Z",
                "id": "1503764164317265921",
                "author_id": "18924867"
            },
            {
                "text": "@antellim thanks for checking that David, as it's working on other devices, we have to say it's a device issue. I can see we asked earlier is VPN in use on the device as this can cause this problem but you advised not. I'm sorry there's nothing else we can suggest here ^Brian",
                "created_at": "2022-03-15T15:47:38.000Z",
                "id": "1503759838022615047",
                "author_id": "118750085",
                "referenced_tweets": [
                    {
                        "type": "replied_to",
                        "id": "1503758641647820800"
                    }
                ]
            },
            {
                "text": "@gimme_shelter20 Hi there\n\nReally sorry to hear this. \n\nWould you like to DM your BT Account details and we will look into this for you?\n\nBT Account number and Landline number would be great, but dont worry if not close to hand. ^Anthony",
                "created_at": "2022-03-15T15:20:22.000Z",
                "id": "1503752975898103808",
                "author_id": "118750085",
                "referenced_tweets": [
                    {
                        "type": "replied_to",
                        "id": "1503747080954785797"
                    }
                ]
            },
            {
                "text": "@bt_uk No.",
                "created_at": "2022-03-15T15:03:53.000Z",
                "id": "1503748829019004929",
                "author_id": "488493150",
                "referenced_tweets": [
                    {
                        "type": "replied_to",
                        "id": "1503745625384443916"
                    }
                ]
            },
            {
                "text": "@CEnglish_ If you can DM it please ^Brian",
                "created_at": "2022-03-15T15:25:41.000Z",
                "id": "1503754314422046725",
                "author_id": "118750085",
                "referenced_tweets": [
                    {
                        "type": "replied_to",
                        "id": "1503752072096796676"
                    }
                ]
            },
            {
                "text": "@GayleRighton Hi,\n\nThanks for the message and sorry to hear of this situation.\n[;ease advise your BT account number / details and we will check the matter further.\n\nRgds ^Trevor",
                "created_at": "2022-03-15T12:41:32.000Z",
                "id": "1503713003690246150",
                "author_id": "118750085",
                "referenced_tweets": [
                    {
                        "type": "replied_to",
                        "id": "1503709662662864896"
                    }
                ]
            },
            {
                "text": "@DIG60 The HD sport is an added extra but there are some packages where HD is included in the price and you can check these out here - https://t.co/VlAiiS3kHG ^Paul",
                "created_at": "2022-03-15T15:07:58.000Z",
                "id": "1503749855918841856",
                "author_id": "118750085",
                "referenced_tweets": [
                    {
                        "type": "replied_to",
                        "id": "1503746213442732032"
                    }
                ]
            },
            {
                "text": "@bt_uk Yes, desktop PC, android phones. Just tried again, the phones have logged in. Still no luck with PC.",
                "created_at": "2022-03-15T14:51:09.000Z",
                "id": "1503745625384443916",
                "author_id": "488493150",
                "referenced_tweets": [
                    {
                        "type": "replied_to",
                        "id": "1503722139387580436"
                    }
                ]
            },
            {
                "text": "@Lovelivemusicuk Sorry about the problems with your email Sally.  Are you getting any error message? ^Laura D",
                "created_at": "2022-03-15T14:31:03.000Z",
                "id": "1503740565564928008",
                "author_id": "118750085",
                "referenced_tweets": [
                    {
                        "type": "replied_to",
                        "id": "1503733616236453891"
                    }
                ]
            },
            {
                "text": "@DIG60 Hi David, thanks for getting in contact.\n\nDo you have HD sports at the moment or are you looking to add it on? ^Paul",
                "created_at": "2022-03-15T14:35:57.000Z",
                "id": "1503741799147491335",
                "author_id": "118750085",
                "referenced_tweets": [
                    {
                        "type": "replied_to",
                        "id": "1503732966870159365"
                    }
                ]
            },
            {
                "text": "@antellim HI David,\n\nHave you tried to login on different devices ?\n\nThanks ^Trevor",
                "created_at": "2022-03-15T13:17:50.000Z",
                "id": "1503722139387580436",
                "author_id": "118750085",
                "referenced_tweets": [
                    {
                        "type": "replied_to",
                        "id": "1503700860668362753"
                    }
                ]
            },
            {
                "text": "@sheikh_haidar Can you give them a call on 0800 587 4787, or send me over on DM the full address, postcode, account holders name and contact number, and I can give you a call and pass you through?\nThanks ^Janet",
                "created_at": "2022-03-15T08:26:30.000Z",
                "id": "1503648824698585089",
                "author_id": "118750085",
                "referenced_tweets": [
                    {
                        "type": "replied_to",
                        "id": "1503489379117023235"
                    }
                ]
            },
            {
                "text": "It's Tuesday! Drop us a DM and we'll get back to you.",
                "created_at": "2022-03-15T13:00:00.000Z",
                "id": "1503717651746418691",
                "author_id": "118750085"
            },
            {
                "text": "@ClaireCatterz I'm really sorry Claire that we've let you down.  Please DM your full address and I'll look into this for you.  Thank you. ^Laura D",
                "created_at": "2022-03-15T13:56:48.000Z",
                "id": "1503731946958069761",
                "author_id": "118750085",
                "referenced_tweets": [
                    {
                        "type": "replied_to",
                        "id": "1503726169417465863"
                    }
                ]
            },
            {
                "text": "@feartheswarm86 Hi,\n\nYou would need to have set up a mybt account which you will find on https://t.co/jbQsRd1p69.\nIf you had your account number / details I can also check.\n\nThanks ^Trevor",
                "created_at": "2022-03-15T14:03:05.000Z",
                "id": "1503733527321403393",
                "author_id": "118750085",
                "referenced_tweets": [
                    {
                        "type": "replied_to",
                        "id": "1503731931917262848"
                    }
                ]
            },
            {
                "text": "@beni_branch Sorry to hear that Benita, you'll find updates on the outage here when available - https://t.co/MzA036xsMJ ^Dee",
                "created_at": "2022-03-14T17:50:10.000Z",
                "id": "1503428285274931201",
                "author_id": "118750085",
                "referenced_tweets": [
                    {
                        "type": "replied_to",
                        "id": "1503428106454974464"
                    }
                ]
            },
            {
                "text": "@feartheswarm86 Hi,\n\nIf you have a mybt account you will find the early termination charges there.\nOtherwise if you could advise your BT account number / details I can check it for you.\n\nThanks and regards ^Trevor",
                "created_at": "2022-03-15T13:53:14.000Z",
                "id": "1503731048177405954",
                "author_id": "118750085",
                "referenced_tweets": [
                    {
                        "type": "replied_to",
                        "id": "1503722240197681163"
                    }
                ]
            },
            {
                "text": "@Yozzo @UK_SPF @Ofcom @BAIComms @bt_uk @LouLancaster @DCMS Yeah sure, if it was a full-day event then there's usually speakers from other stakeholders like satellite, broadcast, military, utilities, space-observation, WiFi &amp; 100 others\n\nBut this is a 90-min webinar about network densification, future demand patterns &amp; new mid/high bands",
                "created_at": "2022-03-15T13:11:51.000Z",
                "id": "1503720633527685122",
                "author_id": "145165897",
                "referenced_tweets": [
                    {
                        "type": "replied_to",
                        "id": "1503719953891229696"
                    }
                ]
            },
            {
                "text": "@disruptivedean @UK_SPF @Ofcom @BAIComms @bt_uk @LouLancaster @DCMS Offload would be the keyword. Also broadcasting is indeed interesting regarding on data-heavy private networks (event, stadiums, regional/local broadcasting)",
                "created_at": "2022-03-15T13:09:09.000Z",
                "id": "1503719953891229696",
                "author_id": "15497575",
                "referenced_tweets": [
                    {
                        "type": "replied_to",
                        "id": "1503718706530107398"
                    }
                ]
            },
            {
                "text": "@Yozzo @UK_SPF @Ofcom @BAIComms @bt_uk @LouLancaster @DCMS Typically they have spectrum &lt;1GHz. That's relevant for coverage, but really not a big deal in terms of overall data volumes. Not relevant for URLLC or data-heavy private networks\n\nMore relevant are the military, satellite co's &amp; fixed-link users like utilities",
                "created_at": "2022-03-15T13:04:12.000Z",
                "id": "1503718706530107398",
                "author_id": "145165897",
                "referenced_tweets": [
                    {
                        "type": "replied_to",
                        "id": "1503700981040959493"
                    }
                ]
            }
        ]
    },
    "meta": {
        "oldest_id": "1503719953891229696",
        "newest_id": "1503768001484578817",
        "previous_token": "77qpymm88g5h9vqklurc05eoh8skhhfe0v8g7xc98zo6v",
        "result_count": 43
    }
}