{
    "data": [
        {
            "created_at": "2022-03-20T11:23:22.000Z",
            "text": "@VodafoneUK I'm so happy when you say that I am a mum #VodafoneTreats #InternationalDayOfHappiness",
            "id": "1505505273716391939",
            "referenced_tweets": [
                {
                    "type": "replied_to",
                    "id": "1505484294088642563"
                }
            ],
            "author_id": "929030738258907138"
        },
        {
            "created_at": "2022-03-20T11:19:54.000Z",
            "text": "@VodafoneUK signed up for Vodafone broadband. Had email confirming installation date of 15/3/22 and activation date of 16th. Had the 15 off work but no one turned up. they turned up on the 16th just as my wife was supposed to be going to work, which made her very late. Bad start",
            "id": "1505504399728291846",
            "author_id": "321618925"
        },
        {
            "created_at": "2022-03-20T11:19:25.000Z",
            "text": "@VodafoneUK I'm so happy when I get a chance to be a good time to put the best way to get the latest flash player",
            "id": "1505504279322374146",
            "referenced_tweets": [
                {
                    "type": "replied_to",
                    "id": "1505484294088642563"
                }
            ],
            "author_id": "1042355493165981701"
        },
        {
            "created_at": "2022-03-20T11:18:25.000Z",
            "text": "@VodafoneUK I’m so happy when I get home from work and I will have my phone back #VodafoneTreats",
            "id": "1505504027714498563",
            "referenced_tweets": [
                {
                    "type": "replied_to",
                    "id": "1505484294088642563"
                }
            ],
            "author_id": "24059279"
        },
        {
            "created_at": "2022-03-20T11:18:13.000Z",
            "text": "@VodafoneUK I’m so happy when you get home and we can get some rest and enjoy the rest of the day.",
            "id": "1505503978167091206",
            "referenced_tweets": [
                {
                    "type": "replied_to",
                    "id": "1505484294088642563"
                }
            ],
            "author_id": "115380868"
        },
        {
            "created_at": "2022-03-20T11:17:32.000Z",
            "text": "@VodafoneUK I'm so happy when you get a chance to go to the same time?\n\nOkay auto correct...sounds like back to the future does that 😂",
            "id": "1505503802824273924",
            "referenced_tweets": [
                {
                    "type": "replied_to",
                    "id": "1505484294088642563"
                }
            ],
            "author_id": "744922425834496000"
        },
        {
            "created_at": "2022-03-20T11:11:07.000Z",
            "text": "@VodafoneUK I'm so happy that after more than 2 decades with @VodafoneUK I'm moving both numbers to @SkyUK who offer better value and not try to increase monthly cost by 80% at renewal (yes EIGHTY PERCENT!) - such recognition by VF for loyalty.......",
            "id": "1505502189246160897",
            "referenced_tweets": [
                {
                    "type": "replied_to",
                    "id": "1505484294088642563"
                }
            ],
            "author_id": "296647469"
        },
        {
            "created_at": "2022-03-20T11:08:38.000Z",
            "text": "@VodafoneUK F1 is on",
            "id": "1505501563137236995",
            "referenced_tweets": [
                {
                    "type": "replied_to",
                    "id": "1505484294088642563"
                }
            ],
            "author_id": "368256015"
        },
        {
            "created_at": "2022-03-20T11:05:48.000Z",
            "text": "@VodafoneUK I'm so happy when you are free to come to the wedding and I hope you enjoy it.\n\n#InternationalDayOfHappiness",
            "id": "1505500849715523591",
            "referenced_tweets": [
                {
                    "type": "replied_to",
                    "id": "1505484294088642563"
                }
            ],
            "author_id": "1019174869"
        },
        {
            "created_at": "2022-03-20T11:04:21.000Z",
            "text": "@VodafoneUK I'm so happy when you are free to come to the office.\n\n#InternationalDayOfHappiness\n\nErm...",
            "id": "1505500484592967682",
            "referenced_tweets": [
                {
                    "type": "replied_to",
                    "id": "1505484294088642563"
                }
            ],
            "author_id": "88241952"
        },
        {
            "created_at": "2022-03-20T11:04:15.000Z",
            "text": "@VodafoneUK Vodafone send me treats! 😁",
            "id": "1505500460207255553",
            "referenced_tweets": [
                {
                    "type": "replied_to",
                    "id": "1505484294088642563"
                }
            ],
            "author_id": "1726523294"
        },
        {
            "created_at": "2022-03-20T11:03:18.000Z",
            "text": "@VodafoneUK i got this text as i’m in amsterdam yet my phone does not work at all https://t.co/wTCZruYtFn",
            "id": "1505500224042770432",
            "referenced_tweets": [
                {
                    "type": "replied_to",
                    "id": "1505499548302688258"
                }
            ],
            "author_id": "2248659376"
        },
        {
            "created_at": "2022-03-20T11:00:03.000Z",
            "text": "@VodafoneUK I'm so happy when I get a chance to call you later today or tomorrow in the office x",
            "id": "1505499404131868673",
            "referenced_tweets": [
                {
                    "type": "replied_to",
                    "id": "1505484294088642563"
                }
            ],
            "author_id": "114477762"
        },
        {
            "created_at": "2022-03-20T10:59:31.000Z",
            "text": "@VodafoneUK I am so happy when we get there and then we have a good time together #InternationalDayOfHappiness  #vodafonetreats",
            "id": "1505499268815204356",
            "referenced_tweets": [
                {
                    "type": "replied_to",
                    "id": "1505484294088642563"
                }
            ],
            "author_id": "830323261053472769"
        },
        {
            "created_at": "2022-03-20T10:56:42.000Z",
            "text": "@VodafoneUK hello i need help pls",
            "id": "1505498563178074114",
            "referenced_tweets": [
                {
                    "type": "replied_to",
                    "id": "1505484294088642563"
                }
            ],
            "author_id": "2248659376"
        },
        {
            "created_at": "2022-03-20T10:55:38.000Z",
            "text": "@VodafoneUK I’m so happy when you are here so you have your own room to clean up #VodafoneTreats 😂 #InternationalDayOfHappiness",
            "id": "1505498291378823175",
            "referenced_tweets": [
                {
                    "type": "replied_to",
                    "id": "1505484294088642563"
                }
            ],
            "author_id": "246430346"
        },
        {
            "created_at": "2022-03-20T10:55:36.000Z",
            "text": "@VodafoneUK Am I able to purchase an unlimited xtra plan for 30 days? Or does it have to be a minimum contract??",
            "id": "1505498283875131395",
            "referenced_tweets": [
                {
                    "type": "replied_to",
                    "id": "1505495572001738757"
                }
            ],
            "author_id": "15150731"
        },
        {
            "created_at": "2022-03-20T10:54:03.000Z",
            "text": "@VodafoneUK I’m so happy when the sun is out",
            "id": "1505497893792370689",
            "referenced_tweets": [
                {
                    "type": "replied_to",
                    "id": "1505484294088642563"
                }
            ],
            "author_id": "2174139173"
        },
        {
            "created_at": "2022-03-20T10:50:46.000Z",
            "text": "@VodafoneUK I'm so happy when the sun shines....",
            "id": "1505497069238329344",
            "referenced_tweets": [
                {
                    "type": "replied_to",
                    "id": "1505484294088642563"
                }
            ],
            "author_id": "574059465"
        },
        {
            "created_at": "2022-03-20T10:49:11.000Z",
            "text": "@VodafoneUK I’m so happy when you are home relaxing 😎 \n\n#InternationalDayOfHappiness",
            "id": "1505496671400210434",
            "referenced_tweets": [
                {
                    "type": "replied_to",
                    "id": "1505484294088642563"
                }
            ],
            "author_id": "473351782"
        },
        {
            "created_at": "2022-03-20T10:48:48.000Z",
            "text": "@VodafoneUK I'm so happy when you are definitely back to me sooner and we have chosen a newer one for the use of Haig's Battle.\n\nOh!!! Maybe Military History is all I talk about! 😉🤭\n\n#VodafoneTreats #InternationalDayOfHappiness",
            "id": "1505496574163668994",
            "referenced_tweets": [
                {
                    "type": "replied_to",
                    "id": "1505484294088642563"
                }
            ],
            "author_id": "3882672035"
        },
        {
            "created_at": "2022-03-20T10:48:24.000Z",
            "text": "@VodafoneUK I’m so happy when I get home lol lol I love you buddy #vodafonetreats",
            "id": "1505496471034019840",
            "referenced_tweets": [
                {
                    "type": "replied_to",
                    "id": "1505484294088642563"
                }
            ],
            "author_id": "19648966"
        },
        {
            "created_at": "2022-03-20T10:45:49.000Z",
            "text": "@VodafoneUK I’m so happy when they get back from their job so we will see how much they have to pay for their own food #vodafonetreats",
            "id": "1505495820799459329",
            "referenced_tweets": [
                {
                    "type": "replied_to",
                    "id": "1505484294088642563"
                }
            ],
            "author_id": "18634145"
        },
        {
            "created_at": "2022-03-20T10:45:43.000Z",
            "text": "@VodafoneUK I’m so happy when you are home now too so I don’t have time to get back home until tomorrow morning #HomeIsMyHappyPlace #InternationalDayOfHappiness #VodafoneTreats 🏡 🥰",
            "id": "1505495795629449219",
            "referenced_tweets": [
                {
                    "type": "replied_to",
                    "id": "1505484294088642563"
                }
            ],
            "author_id": "276705896"
        },
        {
            "created_at": "2022-03-20T10:44:48.000Z",
            "text": "@VodafoneUK I'm so happy when the State-funded boom spectacularly ends. \n🤣🤣\n#InternationalDayOfHappiness",
            "id": "1505495564808503298",
            "referenced_tweets": [
                {
                    "type": "replied_to",
                    "id": "1505484294088642563"
                }
            ],
            "author_id": "486747880"
        },
        {
            "created_at": "2022-03-20T10:43:56.000Z",
            "text": "@VodafoneUK I’m so happy when you are here and we are not getting involved with this situation. \n\nDeep!\n\n#InternationalDayOfHappiness",
            "id": "1505495350311895046",
            "referenced_tweets": [
                {
                    "type": "replied_to",
                    "id": "1505484294088642563"
                }
            ],
            "author_id": "474892987"
        },
        {
            "created_at": "2022-03-20T10:41:53.000Z",
            "text": "@VodafoneUK I'm so happy when I have a feeling of being a bit of a night owl like me and I love it.\n#VodafoneTreats",
            "id": "1505494833695182852",
            "referenced_tweets": [
                {
                    "type": "replied_to",
                    "id": "1505484294088642563"
                }
            ],
            "author_id": "917142930661441537"
        },
        {
            "created_at": "2022-03-20T10:41:47.000Z",
            "text": "@VodafoneUK #InternationalDayOfHappiness #vodafonetreats\nI'm so happy when I have a client who was a RA in a legal dept.",
            "id": "1505494808852414468",
            "referenced_tweets": [
                {
                    "type": "replied_to",
                    "id": "1505484294088642563"
                }
            ],
            "author_id": "41996381"
        },
        {
            "created_at": "2022-03-20T10:41:12.000Z",
            "text": "@VodafoneUK I'm so happy when you are interested in the future please can you send me the details. #VodafoneTreats #InternationalDayOfHappiness",
            "id": "1505494660663414785",
            "referenced_tweets": [
                {
                    "type": "replied_to",
                    "id": "1505484294088642563"
                }
            ],
            "author_id": "1097626764531154945"
        },
        {
            "created_at": "2022-03-20T10:41:11.000Z",
            "text": "@VodafoneUK I’m so happy when you are in your room to help us with a lovely time and relax your beautiful smile 😂😂😂😂😂",
            "id": "1505494658151030786",
            "referenced_tweets": [
                {
                    "type": "replied_to",
                    "id": "1505484294088642563"
                }
            ],
            "author_id": "116560604"
        },
        {
            "created_at": "2022-03-20T10:40:12.000Z",
            "text": "@VodafoneUK I'm so happy when you are busy 😅",
            "id": "1505494408682262529",
            "referenced_tweets": [
                {
                    "type": "replied_to",
                    "id": "1505484294088642563"
                }
            ],
            "author_id": "34129772"
        },
        {
            "created_at": "2022-03-20T10:39:51.000Z",
            "text": "@VodafoneUK I'm so happy when you are not going to be able to get the best diet 😟",
            "id": "1505494320056606728",
            "referenced_tweets": [
                {
                    "type": "replied_to",
                    "id": "1505484294088642563"
                }
            ],
            "author_id": "341597006"
        },
        {
            "created_at": "2022-03-20T10:39:25.000Z",
            "text": "@VodafoneUK ....I have checked through all my family and they are very much looking forward to trying the anal 🤦‍♀️😳 #VodafoneTreats #InternationalDayOfHappiness",
            "id": "1505494212757921794",
            "referenced_tweets": [
                {
                    "type": "replied_to",
                    "id": "1505484294088642563"
                }
            ],
            "author_id": "24273335"
        },
        {
            "created_at": "2022-03-20T10:39:23.000Z",
            "text": "@VodafoneUK #InternationalDayOfHappiness #VodafoneTreats ...the sun is shining 🌞",
            "id": "1505494203308122114",
            "referenced_tweets": [
                {
                    "type": "replied_to",
                    "id": "1505484294088642563"
                }
            ],
            "author_id": "751082826"
        },
        {
            "created_at": "2022-03-20T10:35:08.000Z",
            "text": "@VodafoneUK I'm so happy when you are not racing anymore #vodafonetreats",
            "id": "1505493132296785922",
            "referenced_tweets": [
                {
                    "type": "replied_to",
                    "id": "1505484294088642563"
                }
            ],
            "author_id": "350415592"
        },
        {
            "created_at": "2022-03-20T10:34:57.000Z",
            "text": "@VodafoneUK I’m so happy when you are all ready for your birthday to come to see me #vodafonetreats",
            "id": "1505493087363207169",
            "referenced_tweets": [
                {
                    "type": "replied_to",
                    "id": "1505484294088642563"
                }
            ],
            "author_id": "22173832"
        },
        {
            "created_at": "2022-03-20T10:33:52.000Z",
            "text": "@VodafoneUK I'm so happy when you say you love me so much more than you want me to start with ❤️\n#InternationalDayOfHappiness",
            "id": "1505492816906145806",
            "referenced_tweets": [
                {
                    "type": "replied_to",
                    "id": "1505484294088642563"
                }
            ],
            "author_id": "318971987"
        },
        {
            "created_at": "2022-03-20T10:33:49.000Z",
            "text": "@VodafoneUK I’m so happy when you are in the church with your kids all day and we will need you for church tomorrow xx 🤷🏽‍♀️",
            "id": "1505492802138001408",
            "referenced_tweets": [
                {
                    "type": "replied_to",
                    "id": "1505484294088642563"
                }
            ],
            "author_id": "1924828302"
        },
        {
            "created_at": "2022-03-20T10:33:38.000Z",
            "text": "@VodafoneUK I'm so happy when you get the most out of your way to the best of my knowledge 💁‍♀️ #InternationalDayOfHappiness! Happy IDOH Vodafone Social team 👏🏻",
            "id": "1505492755845369856",
            "referenced_tweets": [
                {
                    "type": "replied_to",
                    "id": "1505484294088642563"
                }
            ],
            "author_id": "847149892887855105"
        },
        {
            "created_at": "2022-03-20T10:33:10.000Z",
            "text": "@VodafoneUK I'm so happy when you say you love me",
            "id": "1505492639138914307",
            "referenced_tweets": [
                {
                    "type": "replied_to",
                    "id": "1505484294088642563"
                }
            ],
            "author_id": "2790781407"
        },
        {
            "created_at": "2022-03-20T10:32:51.000Z",
            "text": "@VodafoneUK I'm so happy when I have seen the last few years of the possibility of having a good weekend On the road and the information it contains may be of benefit to the relaxation\n\n#VodafoneTreats #InternationalDayOfHappiness https://t.co/8qkCGJ0uKU",
            "id": "1505492558532730884",
            "referenced_tweets": [
                {
                    "type": "replied_to",
                    "id": "1505484294088642563"
                }
            ],
            "author_id": "815291636"
        },
        {
            "created_at": "2022-03-20T10:32:29.000Z",
            "text": "@VodafoneUK I’m so happy when you are home safe and sound and you will be able to come back in time for your order and your flight to work today \n#VodafoneTreats #InternationalDayOfHappiness",
            "id": "1505492465566035971",
            "referenced_tweets": [
                {
                    "type": "replied_to",
                    "id": "1505484294088642563"
                }
            ],
            "author_id": "21019619"
        },
        {
            "created_at": "2022-03-20T10:31:24.000Z",
            "text": "@VodafoneUK I’ve got a mobile router with a voda sim. But my main provider for my mobile is Three who can’t help me with data at the moment - they recommend spending my whole time on airplane mode and using WiFi where possible.",
            "id": "1505492196207824898",
            "referenced_tweets": [
                {
                    "type": "replied_to",
                    "id": "1505491726378704897"
                }
            ],
            "author_id": "15150731"
        },
        {
            "created_at": "2022-03-20T10:31:03.000Z",
            "text": "@VodafoneUK I’m so happy when you are home so you don’t need me too much lol I love it too much and I’ll be fine too",
            "id": "1505492107783548934",
            "referenced_tweets": [
                {
                    "type": "replied_to",
                    "id": "1505484294088642563"
                }
            ],
            "author_id": "384560112"
        },
        {
            "created_at": "2022-03-20T10:30:31.000Z",
            "text": "@VodafoneUK I’m so happy when you are home and I have not heard back yet but I’m still not able too as soon as I can hear it all 😂😂😂😂 #InternationalDayOfHappiness #vodafonetreats",
            "id": "1505491971233755141",
            "referenced_tweets": [
                {
                    "type": "replied_to",
                    "id": "1505484294088642563"
                }
            ],
            "author_id": "240311587"
        },
        {
            "created_at": "2022-03-20T10:29:47.000Z",
            "text": "@VodafoneUK I’m so happy when you get home from work #InternationalDayOfHappiness",
            "id": "1505491786415939586",
            "referenced_tweets": [
                {
                    "type": "replied_to",
                    "id": "1505484294088642563"
                }
            ],
            "author_id": "1091000547744854018"
        },
        {
            "created_at": "2022-03-20T10:29:41.000Z",
            "text": "@VodafoneUK I'm so happy when I wake up to see Vodafone have put up a new post on twitter #IinternationalDayOfHappiness",
            "id": "1505491761967337477",
            "referenced_tweets": [
                {
                    "type": "replied_to",
                    "id": "1505484294088642563"
                }
            ],
            "author_id": "1710302744"
        },
        {
            "created_at": "2022-03-20T10:28:23.000Z",
            "text": "@VodafoneUK I’m so happy when you’re ready for church?!?!?! Last time I was in a church was at my wedding… 7 years ago!!! I don’t like this game… #VodafoneTreats",
            "id": "1505491434379661314",
            "referenced_tweets": [
                {
                    "type": "replied_to",
                    "id": "1505484294088642563"
                }
            ],
            "author_id": "153018215"
        },
        {
            "created_at": "2022-03-20T10:27:52.000Z",
            "text": "@VodafoneUK I’m so happy when you are home now and again for all the good news that you are doing well with your family merry Christmas Eve happy belated birthday buddy 👍🏻",
            "id": "1505491303525761029",
            "referenced_tweets": [
                {
                    "type": "replied_to",
                    "id": "1505484294088642563"
                }
            ],
            "author_id": "394213778"
        },
        {
            "created_at": "2022-03-20T10:27:40.000Z",
            "text": "@VodafoneUK I’m so happy when Vodafone give me treats",
            "id": "1505491255152812037",
            "referenced_tweets": [
                {
                    "type": "replied_to",
                    "id": "1505484294088642563"
                }
            ],
            "author_id": "886999419840851969"
        },
        {
            "created_at": "2022-03-20T10:25:06.000Z",
            "text": "@VodafoneUK I’m so happy when I have to leave work and I get a hug off my partner",
            "id": "1505490608496033798",
            "referenced_tweets": [
                {
                    "type": "replied_to",
                    "id": "1505484294088642563"
                }
            ],
            "author_id": "163038230"
        },
        {
            "created_at": "2022-03-20T10:25:03.000Z",
            "text": "@VodafoneUK I'm so happy when we have seen the snow again.\n\nPURE LIES! Bring on the sun 😅 #VodafoneTreats",
            "id": "1505490598068994050",
            "referenced_tweets": [
                {
                    "type": "replied_to",
                    "id": "1505484294088642563"
                }
            ],
            "author_id": "79251872"
        },
        {
            "created_at": "2022-03-20T10:24:28.000Z",
            "text": "@VodafoneUK I’m so happy when you are home with me #VodafoneTreats #InternationalDayOfHappiness",
            "id": "1505490449145942018",
            "referenced_tweets": [
                {
                    "type": "replied_to",
                    "id": "1505484294088642563"
                }
            ],
            "author_id": "28402053"
        },
        {
            "created_at": "2022-03-20T10:23:43.000Z",
            "text": "@VodafoneUK I’m so happy when I’m done with the day and the next few weeks I’m going back to the beach",
            "id": "1505490259945181185",
            "referenced_tweets": [
                {
                    "type": "replied_to",
                    "id": "1505484294088642563"
                }
            ],
            "author_id": "563198178"
        },
        {
            "created_at": "2022-03-20T10:21:50.000Z",
            "text": "@VodafoneUK do you guys have any roaming coverage in Kenya on a sim only plan? Going for 10 days early April and I don’t fancy paying through the nose for data 😩",
            "id": "1505489785925873666",
            "author_id": "15150731"
        },
        {
            "created_at": "2022-03-20T10:20:52.000Z",
            "text": "@VodafoneUK I’m so happy when you are home and I don’t want you too far. #InternationalDayOfHappines",
            "id": "1505489543574732802",
            "referenced_tweets": [
                {
                    "type": "replied_to",
                    "id": "1505484294088642563"
                }
            ],
            "author_id": "3306883455"
        },
        {
            "created_at": "2022-03-20T10:20:20.000Z",
            "text": "@VodafoneUK I’m so happy when I get home from work so I don’t have to go back to work today \n\nI mean the auto-correct did not tell any lies!!! #VodafoneTreats #InternationalDayOfHappiness",
            "id": "1505489408274931712",
            "referenced_tweets": [
                {
                    "type": "replied_to",
                    "id": "1505484294088642563"
                }
            ],
            "author_id": "611904908"
        },
        {
            "created_at": "2022-03-20T10:19:48.000Z",
            "text": "@VodafoneUK I’m so happy when your here #vodafonetreats #InternationalDayOfHappiness 💕",
            "id": "1505489275709804550",
            "referenced_tweets": [
                {
                    "type": "replied_to",
                    "id": "1505484294088642563"
                }
            ],
            "author_id": "1514329046"
        },
        {
            "created_at": "2022-03-20T10:19:45.000Z",
            "text": "@VodafoneUK I’m so happy when the sun is shining ☀️",
            "id": "1505489262489350151",
            "referenced_tweets": [
                {
                    "type": "replied_to",
                    "id": "1505484294088642563"
                }
            ],
            "author_id": "484239007"
        },
        {
            "created_at": "2022-03-20T10:19:30.000Z",
            "text": "@VodafoneUK I’m so happy when we are home in a little while 😂#InternationalDayOfHappiness  PS it was my birthday yesterday! #VodafoneTreats",
            "id": "1505489201424441345",
            "referenced_tweets": [
                {
                    "type": "replied_to",
                    "id": "1505484294088642563"
                }
            ],
            "author_id": "1869123518"
        },
        {
            "created_at": "2022-03-20T10:19:24.000Z",
            "text": "@VodafoneUK I raise an issue with Vodafone advantage Thursday. I was told they would get back within 72 hrs. I'm just wondering If that includes weekends? Thanks",
            "id": "1505489172517302279",
            "referenced_tweets": [
                {
                    "type": "replied_to",
                    "id": "1505186966069030917"
                }
            ],
            "author_id": "50628631"
        },
        {
            "created_at": "2022-03-20T10:19:01.000Z",
            "text": "@VodafoneUK I’m so happy when you are home and you are so happy for you too baby love. #VodafoneTreats",
            "id": "1505489080032927752",
            "referenced_tweets": [
                {
                    "type": "replied_to",
                    "id": "1505484294088642563"
                }
            ],
            "author_id": "3226582312"
        },
        {
            "created_at": "2022-03-20T10:16:56.000Z",
            "text": "@VodafoneUK I’m so happy when you get back in touch when you’re ready for your work order and we can do a good day at the meeting 😝",
            "id": "1505488551961669640",
            "referenced_tweets": [
                {
                    "type": "replied_to",
                    "id": "1505484294088642563"
                }
            ],
            "author_id": "58914722"
        },
        {
            "created_at": "2022-03-20T10:15:16.000Z",
            "text": "@VodafoneUK I'm so happy when it is time for the kids at the end to get the ball in and get them to the office.",
            "id": "1505488135429541890",
            "referenced_tweets": [
                {
                    "type": "replied_to",
                    "id": "1505484294088642563"
                }
            ],
            "author_id": "563148431"
        },
        {
            "created_at": "2022-03-20T10:14:38.000Z",
            "text": "@VodafoneUK I’m so happy when I get some #VodafoneTreats \n\n#InternationalDayOfHappiness",
            "id": "1505487975953670144",
            "referenced_tweets": [
                {
                    "type": "replied_to",
                    "id": "1505484294088642563"
                }
            ],
            "author_id": "486992182"
        },
        {
            "created_at": "2022-03-20T10:13:05.000Z",
            "text": "@VodafoneUK Springtime walks with my gorgeous girl - her favourite pastime is waving to all the doggies 🐶 https://t.co/HvL7MRsv8P",
            "id": "1505487584981659653",
            "referenced_tweets": [
                {
                    "type": "replied_to",
                    "id": "1498704627000233985"
                }
            ],
            "author_id": "305628783"
        },
        {
            "created_at": "2022-03-20T10:12:42.000Z",
            "text": "@VodafoneUK I'm so happy when you said you would be so grateful to me for the last of your time. \n\nJeez, that was deep.",
            "id": "1505487487090806789",
            "referenced_tweets": [
                {
                    "type": "replied_to",
                    "id": "1505484294088642563"
                }
            ],
            "author_id": "353894894"
        },
        {
            "created_at": "2022-03-20T10:11:30.000Z",
            "text": "@VodafoneUK I’m so happy when I get an upgrade on my mobile contact 😊📱 ❤\n#InternationalDayOfHappiness #VodafoneTreats",
            "id": "1505487186812100609",
            "referenced_tweets": [
                {
                    "type": "replied_to",
                    "id": "1505484294088642563"
                }
            ],
            "author_id": "3014110775"
        },
        {
            "created_at": "2022-03-20T10:11:05.000Z",
            "text": "@VodafoneUK I’m so happy when I get back from here looking forward to seeing your new friends",
            "id": "1505487080968888332",
            "referenced_tweets": [
                {
                    "type": "replied_to",
                    "id": "1505484294088642563"
                }
            ],
            "author_id": "464942059"
        },
        {
            "created_at": "2022-03-20T10:11:02.000Z",
            "text": "@VodafoneUK I’m so happy when Vodafone buys a new house 😂 #InternationalDayOfHappiness",
            "id": "1505487067337445382",
            "referenced_tweets": [
                {
                    "type": "replied_to",
                    "id": "1505484294088642563"
                }
            ],
            "author_id": "23767944"
        },
        {
            "created_at": "2022-03-20T10:10:43.000Z",
            "text": "@VodafoneUK I’m so happy when you’re ready for your birthday party so we’ll get together sometime this week! \n\nHahahah - sounds good @VodafoneUK ? 🎉#InternationalDayOfHappiness #vodafonetreats",
            "id": "1505486988757065732",
            "referenced_tweets": [
                {
                    "type": "replied_to",
                    "id": "1505484294088642563"
                }
            ],
            "author_id": "2911534324"
        },
        {
            "created_at": "2022-03-20T10:10:26.000Z",
            "text": "@VodafoneUK I’m so happy when you have a good time and you will have a great experience and you have to help us and you have a great day.",
            "id": "1505486918850682883",
            "referenced_tweets": [
                {
                    "type": "replied_to",
                    "id": "1505484294088642563"
                }
            ],
            "author_id": "569390566"
        },
        {
            "created_at": "2022-03-20T10:09:33.000Z",
            "text": "@VodafoneUK I’m so happy when Vodafone don’t spam my Twitter feed 😉",
            "id": "1505486693905973249",
            "referenced_tweets": [
                {
                    "type": "replied_to",
                    "id": "1505484294088642563"
                }
            ],
            "author_id": "392974166"
        },
        {
            "created_at": "2022-03-20T10:09:28.000Z",
            "text": "@VodafoneUK I’m so happy when I get home babe I’ll have to stop by and grab a pizza 🍕",
            "id": "1505486673223819268",
            "referenced_tweets": [
                {
                    "type": "replied_to",
                    "id": "1505484294088642563"
                }
            ],
            "author_id": "1032271752557211650"
        },
        {
            "created_at": "2022-03-20T10:08:25.000Z",
            "text": "@VodafoneUK I'm so happy when you get a moment and a good day for the first day at work and a bit more than usual so I'll have a quick one to use to check with the kids to get them. 😅🤣\n\n#InternationalDayOfHappiness",
            "id": "1505486409074982914",
            "referenced_tweets": [
                {
                    "type": "replied_to",
                    "id": "1505484294088642563"
                }
            ],
            "author_id": "110745307"
        },
        {
            "created_at": "2022-03-20T10:08:03.000Z",
            "text": "@VodafoneUK I’m so happy when you get back into town 😂😂😂😂 #vodafonetreats #InternationalDayOfHappiness",
            "id": "1505486318901542914",
            "referenced_tweets": [
                {
                    "type": "replied_to",
                    "id": "1505484294088642563"
                }
            ],
            "author_id": "272441487"
        },
        {
            "created_at": "2022-03-20T10:08:02.000Z",
            "text": "@VodafoneUK Im so happy when you are done with your work you can ping me if you want to do it but I don’t want to think about it #vodafonetreats #InternationalDayOfHappiness",
            "id": "1505486312887013376",
            "referenced_tweets": [
                {
                    "type": "replied_to",
                    "id": "1505484294088642563"
                }
            ],
            "author_id": "24969296"
        },
        {
            "created_at": "2022-03-20T10:07:58.000Z",
            "text": "@VodafoneUK I’m so happy when I have a chance I can feel the love and love it 💜\n\n#InternationalDayOfHappiness #VodafoneTreats",
            "id": "1505486295812001794",
            "referenced_tweets": [
                {
                    "type": "replied_to",
                    "id": "1505484294088642563"
                }
            ],
            "author_id": "42839884"
        },
        {
            "created_at": "2022-03-20T10:07:56.000Z",
            "text": "@VodafoneUK I'm so happy when you are not the same as the other day!\n\n#VodafoneTreats #InternationalDayOfHappiness",
            "id": "1505486288518012930",
            "referenced_tweets": [
                {
                    "type": "replied_to",
                    "id": "1505484294088642563"
                }
            ],
            "author_id": "247387642"
        },
        {
            "created_at": "2022-03-20T10:07:54.000Z",
            "text": "@VodafoneUK I'm so happy when you get on with your hair cut 💇‍♀️ \n😂😂😂😂 \n\n#VodafoneTreats",
            "id": "1505486280871845888",
            "referenced_tweets": [
                {
                    "type": "replied_to",
                    "id": "1505484294088642563"
                }
            ],
            "author_id": "909715107487371265"
        },
        {
            "created_at": "2022-03-20T10:06:52.000Z",
            "text": "@VodafoneUK I'm so happy when I'm back in touch with you. #InternationalDayOfHappiness",
            "id": "1505486021185650692",
            "referenced_tweets": [
                {
                    "type": "replied_to",
                    "id": "1505484294088642563"
                }
            ],
            "author_id": "353250041"
        },
        {
            "created_at": "2022-03-20T10:06:07.000Z",
            "text": "@VodafoneUK i’m so happy when you’re here \n\nwait whys that cute wtf",
            "id": "1505485831414423554",
            "referenced_tweets": [
                {
                    "type": "replied_to",
                    "id": "1505484294088642563"
                }
            ],
            "author_id": "987731920426594306"
        },
        {
            "created_at": "2022-03-20T10:05:48.000Z",
            "text": "@VodafoneUK I'm so happy when you say that I am so sad #Vodafonetreats",
            "id": "1505485753215819779",
            "referenced_tweets": [
                {
                    "type": "replied_to",
                    "id": "1505484294088642563"
                }
            ],
            "author_id": "853346735690829824"
        },
        {
            "created_at": "2022-03-20T10:05:24.000Z",
            "text": "@VodafoneUK I’m so happy when I get home and I will have to wait for a few mins to get to the park and park in the park park in park park and park park in park park. #autocorrectisweird",
            "id": "1505485650811928578",
            "referenced_tweets": [
                {
                    "type": "replied_to",
                    "id": "1505484294088642563"
                }
            ],
            "author_id": "1728764384"
        },
        {
            "created_at": "2022-03-20T10:05:10.000Z",
            "text": "@VodafoneUK trying to add a data plan on my Apple Watch, went through the steps on one number, but it’s stuck on this… 😐 https://t.co/BvJHH8nusB",
            "id": "1505485591575769091",
            "author_id": "54745332"
        },
        {
            "created_at": "2022-03-20T10:03:54.000Z",
            "text": "@VodafoneUK I’m so happy when I get you back #InternationalDayOfHappiness #VodafoneTreats",
            "id": "1505485274771595266",
            "referenced_tweets": [
                {
                    "type": "replied_to",
                    "id": "1505484294088642563"
                }
            ],
            "author_id": "372941426"
        },
        {
            "created_at": "2022-03-20T10:03:32.000Z",
            "text": "@VodafoneUK Use auto-correct to finish this sentence and we could surprise you with #VodafoneTreats\n\nI’m so happy when I pick up the Settle down and I will be there for the game \n\n#InternationalDayOfHappiness",
            "id": "1505485181473464330",
            "referenced_tweets": [
                {
                    "type": "replied_to",
                    "id": "1505484294088642563"
                }
            ],
            "author_id": "2734446779"
        },
        {
            "created_at": "2022-03-20T10:03:15.000Z",
            "text": "@VodafoneUK I'm so happy when I get home from work 😂😂 #VodafoneTreats",
            "id": "1505485112078655488",
            "referenced_tweets": [
                {
                    "type": "replied_to",
                    "id": "1505484294088642563"
                }
            ],
            "author_id": "42745358"
        },
        {
            "created_at": "2022-03-20T10:03:12.000Z",
            "text": "@VodafoneUK I’m so happy when … I’m not going anywhere 😂",
            "id": "1505485096685641731",
            "referenced_tweets": [
                {
                    "type": "replied_to",
                    "id": "1505484294088642563"
                }
            ],
            "author_id": "43350645"
        },
        {
            "created_at": "2022-03-20T10:02:55.000Z",
            "text": "@VodafoneUK I'm so happy when I was a brilliant prospect to work with you both in the sand. \n\n😳",
            "id": "1505485027076980737",
            "referenced_tweets": [
                {
                    "type": "replied_to",
                    "id": "1505484294088642563"
                }
            ],
            "author_id": "20184145"
        },
        {
            "created_at": "2022-03-20T10:02:38.000Z",
            "text": "@VodafoneUK I’m so happy when you are ready for a drink #InternationalDayOfHappiness",
            "id": "1505484957090816005",
            "referenced_tweets": [
                {
                    "type": "replied_to",
                    "id": "1505484294088642563"
                }
            ],
            "author_id": "102377603"
        },
        {
            "created_at": "2022-03-20T10:02:17.000Z",
            "text": "@VodafoneUK I'm so happy when it's my birthday!🤩👀 #vodafonetreats 3️⃣0️⃣🎂 #InternationalDayOfHappiness",
            "id": "1505484867479474180",
            "referenced_tweets": [
                {
                    "type": "replied_to",
                    "id": "1505484294088642563"
                }
            ],
            "author_id": "1302656160458309635"
        },
        {
            "created_at": "2022-03-20T10:00:49.000Z",
            "text": "@VodafoneUK I’m so happy when you are in your new house and you have to be safe driving me lol",
            "id": "1505484498514939904",
            "referenced_tweets": [
                {
                    "type": "replied_to",
                    "id": "1505484294088642563"
                }
            ],
            "author_id": "915545056974602241"
        },
        {
            "created_at": "2022-03-20T09:41:44.000Z",
            "text": "18days ago I ordered my new GalaxyS22 @VodafoneUK \nSTILL NOT IN STOCK ???? https://t.co/HvyCgAlRen",
            "id": "1505479695864848387",
            "author_id": "276801184"
        },
        {
            "created_at": "2022-03-20T08:39:26.000Z",
            "text": "@VodafoneUK It’s got This on the myvodafone app so I presume my plan includes roaming and it won’t cost me any extra? \n\nSo my phone will automatically connect to a French network? https://t.co/iuwP3vWLhj",
            "id": "1505464017149648897",
            "referenced_tweets": [
                {
                    "type": "replied_to",
                    "id": "1505463258622353412"
                }
            ],
            "author_id": "483951856"
        },
        {
            "created_at": "2022-03-20T08:37:40.000Z",
            "text": "@benwood @SamsungMobile @VodafoneUK I'm already very tempted Ben!",
            "id": "1505463573425836035",
            "referenced_tweets": [
                {
                    "type": "replied_to",
                    "id": "1504796139824025604"
                }
            ],
            "author_id": "872445554"
        },
        {
            "created_at": "2022-03-20T08:29:53.000Z",
            "text": "@VodafoneUK I'd be going to Dubai to invest in a timeshare i'd never use!",
            "id": "1505461611867389958",
            "referenced_tweets": [
                {
                    "type": "replied_to",
                    "id": "1503778049203924994"
                }
            ],
            "author_id": "1606043071"
        },
        {
            "created_at": "2022-03-20T08:24:40.000Z",
            "text": "@VodafoneUK \n\nI’m going to France tomorrow and have switched mobile roaming on in my settings. Is there anything else I need to do? Will my phone automatically connect to a French network?",
            "id": "1505460299666800640",
            "author_id": "483951856"
        },
        {
            "created_at": "2022-03-20T08:21:56.000Z",
            "text": "@VodafoneUK is by far the worst network to get hold of ever. Absolutely pathetic. Been trying to switch my broadband to my new home for two weeks.",
            "id": "1505459615131131906",
            "author_id": "107783770"
        },
        {
            "created_at": "2022-03-19T23:35:10.000Z",
            "text": "@VodafoneUK We decided to go for walk every Sunday to get some fresh air and my son asks me if we can climb up a grass bank.. so he ran ahead and shouts about steps.. then suddenly were going into a hill into some kind of underground bunker. That definitely put a spring in my step! So cool https://t.co/psQLCabojx",
            "id": "1505327049686360069",
            "referenced_tweets": [
                {
                    "type": "replied_to",
                    "id": "1498704627000233985"
                }
            ],
            "author_id": "774649821248495616"
        }
    ],
    "includes": {
        "users": [
            {
                "location": "Nottingham, England",
                "name": "Amber Baxter",
                "username": "MaximumEffort74",
                "id": "929030738258907138"
            },
            {
                "location": "Cannock",
                "name": "Nigel",
                "username": "Gasman_Nigel",
                "id": "321618925"
            },
            {
                "name": "Daryl Bailey",
                "username": "DarylBa80978708",
                "id": "1042355493165981701"
            },
            {
                "location": "West Yorkshire",
                "name": "Richard Simpson",
                "username": "rjpsimpson",
                "id": "24059279"
            },
            {
                "name": "Chris travell",
                "username": "theboytravell",
                "id": "115380868"
            },
            {
                "location": "Bradford, England",
                "name": "Elliot Stoney",
                "username": "elliot_stoney56",
                "id": "744922425834496000"
            },
            {
                "location": "United Kingdom, Europe.",
                "name": "emeles: wheres my Blue Tick?🏴󠁧󠁢󠁷󠁬󠁳󠁿🇬🇧🇪🇺",
                "username": "emelschwartz",
                "id": "296647469"
            },
            {
                "location": "ÜT: 52.046677,-0.787004",
                "name": "Andrew Wheeler",
                "username": "WheelerAw",
                "id": "368256015"
            },
            {
                "location": "[Redacted]",
                "name": "Lucy Tempest",
                "username": "GingerMartian",
                "id": "1019174869"
            },
            {
                "location": "Here, there, everywhere",
                "name": "Thu Win",
                "username": "Tyw77",
                "id": "88241952"
            },
            {
                "location": "Malvern Wells, England",
                "name": "chris kwiecien",
                "username": "KwiecienChris",
                "id": "1726523294"
            },
            {
                "location": "NCL/END -she/her",
                "name": "leah",
                "username": "BransbyLeah",
                "id": "2248659376"
            },
            {
                "name": "YouTube channel: JKaysCorner",
                "username": "jjaykayy",
                "id": "114477762"
            },
            {
                "location": "London, England",
                "name": "Princess Debz",
                "username": "Princess_Debz",
                "id": "830323261053472769"
            },
            {
                "location": "kent England",
                "name": "🌺🌻Tina Deacon🌻🌺",
                "username": "tdeacon23",
                "id": "246430346"
            },
            {
                "location": "Pill/Bristol/Manchester",
                "name": "Rox;;️",
                "username": "Roxannabelle",
                "id": "15150731"
            },
            {
                "location": "hartlepool",
                "name": "Susan Harrison",
                "username": "Harrison11Susan",
                "id": "2174139173"
            },
            {
                "location": "Yorkshire ",
                "name": "Trish Reade 🌹🌼🐱🐞🐾",
                "username": "patriciarreade",
                "id": "574059465"
            },
            {
                "location": "Burton upon Trent ",
                "name": "Emma “Ledge” Jones",
                "username": "emmajones2324",
                "id": "473351782"
            },
            {
                "location": "England",
                "name": "Susie",
                "username": "SusieRother",
                "id": "3882672035"
            },
            {
                "location": "East Kilbride, Scotland",
                "name": "Darren Miller",
                "username": "dazzmiller",
                "id": "19648966"
            },
            {
                "location": "Overton, Hampshire",
                "name": "Julie Millar 😊🌹🤩🌻🌼",
                "username": "JulieMillar",
                "id": "18634145"
            },
            {
                "location": "Birmingham",
                "name": "💫🤍 Linzie P 🤍💫",
                "username": "LinzieP17",
                "id": "276705896"
            },
            {
                "location": "Old England",
                "name": "Lew",
                "username": "LewHolmes81",
                "id": "486747880"
            },
            {
                "name": "Joel Gleicher",
                "username": "JoelG_88",
                "id": "474892987"
            },
            {
                "location": "Scotland",
                "name": "Shizzamy",
                "username": "Shizzamftw",
                "id": "917142930661441537"
            },
            {
                "location": "UK",
                "name": "Amanda Roe",
                "username": "vivi74uk",
                "id": "41996381"
            },
            {
                "location": "Leeds, England",
                "name": "Husain Choudry",
                "username": "choudryhusain",
                "id": "1097626764531154945"
            },
            {
                "name": "lucy 🇺🇦",
                "username": "spiceblackford",
                "id": "116560604"
            },
            {
                "location": "United Kingdom",
                "name": "Ali علی",
                "username": "_AliSufyan",
                "id": "34129772"
            },
            {
                "location": " ,Dumfries Scotland.",
                "name": "Col WATP",
                "username": "GersPunk",
                "id": "341597006"
            },
            {
                "name": "GothGirlGoneWild",
                "username": "gothgirlgone",
                "id": "24273335"
            },
            {
                "location": "Northampton",
                "name": "PaulP",
                "username": "BeeRummie",
                "id": "751082826"
            },
            {
                "location": "London",
                "name": "Louisa",
                "username": "LuckyLondonLou",
                "id": "350415592"
            },
            {
                "location": "Bristol, England",
                "name": "💃🏻 Katie Gingell 💃🏻",
                "username": "KatieVGingell",
                "id": "22173832"
            },
            {
                "location": ", south wales",
                "name": "amy",
                "username": "amylegan2877",
                "id": "318971987"
            },
            {
                "name": "Lauren",
                "username": "laurenp1981",
                "id": "1924828302"
            },
            {
                "name": "Ethan",
                "username": "Etha0011",
                "id": "847149892887855105"
            },
            {
                "name": "TONY BENNETT",
                "username": "flash4320",
                "id": "2790781407"
            },
            {
                "name": "Abby Aldi",
                "username": "AbbyAldi",
                "id": "815291636"
            },
            {
                "location": "Stoke-on-Trent, England",
                "name": "Daniel Perehovsky 🇪🇺🇬🇧🇺🇦",
                "username": "dperry83",
                "id": "21019619"
            },
            {
                "location": "Newtownards, United Kingdom",
                "name": "Britishgamerni 🇬🇧🏳️‍🌈",
                "username": "GeorgeCowan",
                "id": "384560112"
            },
            {
                "name": "Craig Price",
                "username": "craggleprice",
                "id": "240311587"
            },
            {
                "location": "west midlands",
                "name": "margaret dixon",
                "username": "scotsbint",
                "id": "1091000547744854018"
            },
            {
                "location": "in the mind ",
                "name": "Kris Conway",
                "username": "krisc334",
                "id": "1710302744"
            },
            {
                "name": "Adam",
                "username": "Growlingadam",
                "id": "153018215"
            },
            {
                "location": "Shrewsbury",
                "name": "Mark Fielden",
                "username": "Flixo84",
                "id": "394213778"
            },
            {
                "location": "Coventry, England",
                "name": "EK1",
                "username": "EK1GamingTV",
                "id": "886999419840851969"
            },
            {
                "location": "United Kingdom",
                "name": "Chaz Browder ValorLV50UK",
                "username": "ChazBrowder",
                "id": "163038230"
            },
            {
                "location": "Telford, England",
                "name": "Laura Cunningham",
                "username": "Laura0815",
                "id": "79251872"
            },
            {
                "location": "i am here, where are you?",
                "name": "Strats",
                "username": "stratsislaw",
                "id": "28402053"
            },
            {
                "name": "Andy Wilson 🇺🇦",
                "username": "597Andy",
                "id": "563198178"
            },
            {
                "location": "Brighton",
                "name": "Fiona Gambie",
                "username": "FionaGambie",
                "id": "3306883455"
            },
            {
                "name": "Zaaccc🦓",
                "username": "Zaaccc",
                "id": "611904908"
            },
            {
                "location": "London, England",
                "name": "⭐️LittleOne⭐️",
                "username": "missinflower",
                "id": "1514329046"
            },
            {
                "location": "Wakefield, England",
                "name": "Dawn Coupe",
                "username": "MamaCoupe",
                "id": "484239007"
            },
            {
                "location": "United Kingdom",
                "name": "Lindsay 👩‍🦳❄️",
                "username": "lindsheartstayx",
                "id": "1869123518"
            },
            {
                "location": "Edinburgh, Bonnie Scotland ",
                "name": "Rachael Santangelo",
                "username": "Beleza_Rach",
                "id": "50628631"
            },
            {
                "location": "Scotland, United Kingdom",
                "name": "Ryan",
                "username": "49nayR",
                "id": "3226582312"
            },
            {
                "location": "Chelmsford, Essex",
                "name": "Maxine Trick Jones",
                "username": "MaxineTJones",
                "id": "58914722"
            },
            {
                "location": "Surrey, England",
                "name": "WelliXL",
                "username": "WelliXL",
                "id": "563148431"
            },
            {
                "location": "Mane Net",
                "name": "wenmoon88.nft 🦁 🎱 🎱 🚀 🌙",
                "username": "randominvester",
                "id": "486992182"
            },
            {
                "location": "Edinburgh, Scotland",
                "name": "🏴󠁧󠁢󠁳󠁣󠁴󠁿💖 Kelly Paterson 💖🏴󠁧󠁢󠁳󠁣󠁴󠁿",
                "username": "pinkprincesskap",
                "id": "305628783"
            },
            {
                "location": "UK",
                "name": "Jon",
                "username": "jonnyboyt",
                "id": "353894894"
            },
            {
                "location": "Essex, United Kingdom",
                "name": "Angela Linge 🍾🥂🥳🧁❤✨",
                "username": "cruisemini",
                "id": "3014110775"
            },
            {
                "location": "swansea",
                "name": "gateboys",
                "username": "galvgates",
                "id": "464942059"
            },
            {
                "location": "God save the Queen 🇬🇧",
                "name": "JEMMA 💋 Adicto al café ☕️",
                "username": "JEMMAMC86",
                "id": "23767944"
            },
            {
                "location": "Manchester, England",
                "name": "Owen Jones",
                "username": "owenchrisjones",
                "id": "2911534324"
            },
            {
                "name": "Paul Whitmore",
                "username": "pswhitmore",
                "id": "569390566"
            },
            {
                "location": "London, England",
                "name": "Haribo_Man",
                "username": "Haribo_man81",
                "id": "392974166"
            },
            {
                "name": "🇬🇧James Miller🇬🇧",
                "username": "jamesrfc1690",
                "id": "1032271752557211650"
            },
            {
                "name": "Chris",
                "username": "Martial_Law87",
                "id": "110745307"
            },
            {
                "location": "Manchester",
                "name": "Josie ✨",
                "username": "JosieVBell",
                "id": "272441487"
            },
            {
                "location": "Wales, United Kingdom",
                "name": "💋❤️🐝 Kay Bee Bee 🐝❤️💋",
                "username": "KazzyMints",
                "id": "24969296"
            },
            {
                "location": "Manchester (⫩)",
                "name": "🦋Michaela🦋(⫩)",
                "username": "kaylazoe",
                "id": "42839884"
            },
            {
                "location": "England",
                "name": "Rupa",
                "username": "ItsMeRups",
                "id": "247387642"
            },
            {
                "location": "United Kingdom",
                "name": "♥🌹Sophie🌹♥",
                "username": "Sophie_TheSloth",
                "id": "909715107487371265"
            },
            {
                "name": "Matt",
                "username": "reel_villan",
                "id": "353250041"
            },
            {
                "location": "18 • he/him 🏳️‍⚧️• multi",
                "name": "riv is sick of car rides",
                "username": "inlvewithapathy",
                "id": "987731920426594306"
            },
            {
                "name": "k281279f",
                "username": "KarlFloyd28",
                "id": "853346735690829824"
            },
            {
                "name": "Staying IanDoors",
                "username": "IanABoulton",
                "id": "1728764384"
            },
            {
                "location": "Leicester, UK",
                "name": "Jay",
                "username": "DoggoneJay",
                "id": "54745332"
            },
            {
                "location": "Birmingham, England",
                "name": "Michael Lennox 🇺🇦",
                "username": "michaellennox96",
                "id": "372941426"
            },
            {
                "location": "Beyond the Sun ",
                "name": "The Lennox Click",
                "username": "LennoxClick",
                "id": "2734446779"
            },
            {
                "location": "England, United Kingdom",
                "name": "Mother Hannah",
                "username": "uniiskillingme",
                "id": "42745358"
            },
            {
                "location": "Hitchin, England",
                "name": "Ruth Mason",
                "username": "PenguinMason",
                "id": "43350645"
            },
            {
                "location": "Knowsley",
                "name": "⭐⭐⭐Rusty⭐⭐⭐1️⃣9️⃣* - Still Wearing a Mask and Soci",
                "username": "Rusty5010",
                "id": "20184145"
            },
            {
                "location": "Leeds, England",
                "name": "Jade🐬",
                "username": "xjadeclark",
                "id": "102377603"
            },
            {
                "location": "Wales, United Kingdom",
                "name": "Andrew Guerin",
                "username": "ALG__92",
                "id": "1302656160458309635"
            },
            {
                "location": "Scotland, United Kingdom",
                "name": "Eman",
                "username": "emanjihani",
                "id": "915545056974602241"
            },
            {
                "location": "Wirral ",
                "name": "Michael'MUFC'Wilson",
                "username": "Michael_JWilson",
                "id": "276801184"
            },
            {
                "name": "Shaq 👊🏻⚫️⚪️",
                "username": "ShaqLeBongo",
                "id": "483951856"
            },
            {
                "location": "Northern Ireland",
                "name": "Peter Clarke",
                "username": "PedroClarke1",
                "id": "872445554"
            },
            {
                "location": "Ayrshire, Scotland",
                "name": "Bob Smith",
                "username": "smitchy73",
                "id": "1606043071"
            },
            {
                "location": "Burnley",
                "name": "Brad",
                "username": "bnorman94",
                "id": "107783770"
            },
            {
                "location": "United Kingdom",
                "name": "Dale",
                "username": "DaleDrawsStuff",
                "id": "774649821248495616"
            }
        ],
        "tweets": [
            {
                "created_at": "2022-03-20T10:00:00.000Z",
                "text": "Use auto-correct to finish this sentence and we could surprise you with #VodafoneTreats\n\nI’m so happy when…\n\n#InternationalDayOfHappiness",
                "id": "1505484294088642563",
                "author_id": "20678384"
            },
            {
                "created_at": "2022-03-20T11:00:37.000Z",
                "text": "@BransbyLeah Hey Leah 👋 I hope you're well 🌺 How can we help? 🙂 Steph",
                "id": "1505499548302688258",
                "referenced_tweets": [
                    {
                        "type": "replied_to",
                        "id": "1505498563178074114"
                    }
                ],
                "author_id": "20678384"
            },
            {
                "created_at": "2022-03-20T10:44:49.000Z",
                "text": "@Roxannabelle [2/3] That being said, you can roam in Kenya along with 82 other inclusive roaming destinations at no additional cost if you purchase one of our Unlimited data Xtra Plans with 4 Xtra benefits https://t.co/NMzeVx89FC.",
                "id": "1505495572001738757",
                "referenced_tweets": [
                    {
                        "type": "replied_to",
                        "id": "1505492196207824898"
                    }
                ],
                "author_id": "20678384"
            },
            {
                "created_at": "2022-03-20T10:29:32.000Z",
                "text": "@Roxannabelle Hey Rox 👋🏻 To make sure that we're on the same page, are you currently an existing Vodafone customer? Jason",
                "id": "1505491726378704897",
                "referenced_tweets": [
                    {
                        "type": "replied_to",
                        "id": "1505489785925873666"
                    }
                ],
                "author_id": "20678384"
            },
            {
                "created_at": "2022-03-19T14:18:32.000Z",
                "text": "@Beleza_Rach We'd be happy to investigate your account further, feel free to drop us a DM and select the options Get Started &gt; Asked to DM. A member of the team will then get back to you as soon as possible. Jay https://t.co/zZC6gSR1Ak",
                "id": "1505186966069030917",
                "referenced_tweets": [
                    {
                        "type": "replied_to",
                        "id": "1505178273080303620"
                    }
                ],
                "author_id": "20678384"
            },
            {
                "created_at": "2022-03-01T17:00:02.000Z",
                "text": "🌻 March PHONEtography challenge 🌻\n\nShare a photo from your phone of a spring adventure you’ve been on and tell us why it puts a spring in your step.\n\nWe could surprise you with #VodafoneTreats 🎁 or a brand new phone📱 https://t.co/tZ84MVXVlj",
                "id": "1498704627000233985",
                "author_id": "20678384"
            },
            {
                "created_at": "2022-03-20T08:36:25.000Z",
                "text": "@ShaqLeBongo Hi, Depending on when you took your Airtime plan, this would determine what kinda roaming deal you have. This can be found by visiting 👉 https://t.co/bYI0EKLSFW. Richie",
                "id": "1505463258622353412",
                "referenced_tweets": [
                    {
                        "type": "replied_to",
                        "id": "1505460299666800640"
                    }
                ],
                "author_id": "20678384"
            },
            {
                "created_at": "2022-03-18T12:25:32.000Z",
                "text": "A beautiful #5G day! Shot on @SamsungMobile Galaxy S22 Ultra / @VodafoneUK site https://t.co/yPeRbqVaLO",
                "id": "1504796139824025604",
                "author_id": "15630634"
            },
            {
                "created_at": "2022-03-15T17:00:00.000Z",
                "text": "Want to #WIN a Very Big Spring Getaway worth up to 10k? 🏝️\n\nUse #DreamHoliday and our generator to tell us what you'll be doing on it.\n\nCheck out #VeryMeRewards in the My Vodafone app for the chance to win more prizes 🎁\n\nTerms apply (ends 31/03/2022)👇\n\nhttps://t.co/HpXCBf8v0Z https://t.co/NkxMV6hdDp",
                "id": "1503778049203924994",
                "author_id": "20678384"
            }
        ]
    },
    "meta": {
        "oldest_id": "1505327049686360069",
        "newest_id": "1505505273716391939",
        "previous_token": "77qpymm88g5h9vqklurc09nixxlb81mg0267frbfset6h",
        "result_count": 100,
        "next_token": "7140dibdnow9c7btw420ju4kp4dgbkdwptwgrh9lgp4c9"
    }
}